initial_x,initial_y,yield_curve_pc1_risk_factor,yield_curve_pc2_risk_factor,yield_curve_pc3_risk_factor,stock_vola_risk_factor,credit_default_rf,mortality_risk_factor,base_lapse_risk_factor,mass_lapse_risk_factor
0.00736155372388052,-0.00639125048246595,-0.0287077246427722,-0.0165362345950822,-0.0209693758956119,0.037200951464254,0.917179154710323,1.05552961014322,0.777465623330137,0.989877938467785
-0.00728317494833627,0.00584388771384658,-0.130785977483433,-0.00106886191606578,-0.00467490902427416,-0.0153479861974119,0.917993526539029,0.976010273024576,0.65078859412366,0.892433903604954
-0.0112503755517305,0.0115603442996632,0.106686635727705,0.0224598364256158,0.0142340931312372,0.0589961187959267,0.984753387698649,0.953340713993376,0.891033402138473,0.863031209365926
-0.0013706608987019,0.00270296875586825,0.0085046943254769,0.0170068438770488,0.00756173277394903,0.0347063441485704,0.920538490484063,0.968734468737568,0.986933754432272,0.903178257787224
-0.0140195097269001,0.0168717003553361,-0.0904475588492341,0.00239694410726425,-0.0035565992789815,-0.107328184160901,0.898642902335232,1.08805759721022,0.865458386375875,0.894738456042084
0.00326030625429963,-0.00349614561654601,-0.036141885381119,-0.00897126847798306,0.0153948389944645,0.045478366938572,0.984276236412579,0.948003100616554,0.904584649640035,0.899215336953576
0.0122640087908751,-0.0141338309697505,-0.00094389442741055,-0.0276499100078616,0.00782807927399581,-0.0372142588191045,0.983502861786968,0.954411443512434,1.29049683657987,0.903944248961776
-0.0060520389992367,0.00743962204522592,0.0588375422014919,0.0134968784505687,-0.00240001016205034,0.0307931316980822,0.988567487677595,1.02702790288187,1.13936012995493,0.959470154509284
-0.00463307542926862,0.00544426522182617,-0.0404499596205269,-0.00713167970120494,0.00757979205334028,-0.0117058775605403,0.968403129934097,0.94436402524731,1.06869352193321,0.941925966771892
-0.00349702684242292,0.00244949651623897,-0.0044124226505165,-0.00750367584452359,-0.0185903141690981,-0.0548653888072669,0.96770178677713,0.977986198091578,1.14858919390042,0.907528037925636
0.00375216830081841,-0.00545922352015242,-0.0117409048365213,-0.0212216222376323,0.00578465485278692,-0.0488943056005757,0.903537155701133,0.980370532394273,1.22356404532941,0.952836256598124
0.00400962409655357,-0.00455660738555059,0.0764681809970279,-0.0291172840305746,-0.00365534994371941,-0.0500048883652237,0.951777954403537,0.987768832081136,0.963336392887331,0.908684042847196
-0.00704561820843993,0.00972224964648951,0.0682839075785475,0.0108731490305087,0.00241387212217193,0.0403982723675691,0.965752989685914,1.02958138309461,1.09715218346244,0.991052209405802
-0.011887425380086,0.014314398846809,0.0251488404602855,0.00436880352145339,-0.0055776185827205,0.0197645021378078,0.99071558644041,1.09314606831268,0.777266362608223,0.983501453574642
-0.0126623093322223,0.0152778894595868,-0.0305845338849337,0.00667842350940813,-0.00583727366204692,-0.0485662469284709,0.839033822426465,1.01856035137508,0.59522314147443,0.992127929077699
0.0103253614352325,-0.0130241874409483,-0.0927887744955526,-0.00560162391171881,-0.00268591955436925,0.0387323881047511,0.955297579574653,1.07857088906992,0.925715388213394,0.95791822969626
-0.00742957334300149,0.00888130288803451,-0.117704663167661,0.0230857843416393,-0.0197763918587454,-0.0277433314303977,0.982994057626013,1.14121490579943,1.00253076077689,0.899775467731301
0.0117145826567988,-0.0128155789164439,0.102652540289478,0.0201395660344308,0.0033411025204095,0.0639988515702245,0.992404858664087,0.956178078818513,1.1816463991445,0.996474923562843
0.0129254414498379,-0.0174472027321533,-0.0485926288157255,-0.0137326704705866,-0.0040745956341095,-0.0724555772312704,0.90443152403563,0.934607799906263,0.97581878499841,0.753013436751839
-0.0288729903928135,0.0396837937948216,-0.0592746703527873,-0.0091937641551205,0.0255283292802664,0.0140826307571204,0.973743482075353,1.06182263636164,0.891327495242735,0.93767486422044
-0.00263152064009545,0.00327401794445155,-0.0131191805308453,-0.0270994944786504,-0.00750109877558294,0.0812740512194509,0.987453109779378,0.977586402877023,1.04686699936767,0.998337863549184
0.00043459997025294,-0.00131789666672149,-0.037247125338523,0.021620842205409,0.0123611214878146,0.0743768723045729,0.992579887965292,1.03010784246891,1.1457256994819,0.96773786064943
-0.00328191707869223,0.00446959735884588,-0.0550778316963025,0.0522941602847735,-0.00739142040326408,-0.0110425619054422,0.969134017602333,1.09277096700647,0.909282713479857,0.997635564408987
-0.00577612447163647,0.00629296384680133,0.0138638250064843,0.00657172585886192,0.0181328903425504,0.124497821739153,0.999182852480857,1.09412771552446,1.21915782028278,0.961398937697014
-0.00909760805439799,0.0135601298454947,0.0206272643715807,-0.0163059474413889,-0.0137733052472462,-0.0118218274622707,0.944471430776846,0.974236649088547,0.867382557067993,0.880397233611555
0.00839569630944628,-0.011203769301783,0.150464408952298,-0.0163744564955531,-0.00262266049000261,0.030199374147881,0.955314141070529,1.13425992583083,0.772833034698138,0.8963226486256
-0.00031166254875831,0.00189765354813836,-0.0309091467479541,-0.0213553386955304,-0.00608991966448808,-0.0812074168598602,0.971902998751705,0.971349017107068,1.00708972208028,0.987271395027249
-0.00384184675980116,0.003425340590821,0.123030210629566,-0.0303953452754649,0.0136110885562126,0.0453626868086417,0.992097704223502,0.952236058264078,0.914742024433502,0.975266712011947
0.00356497700297824,-0.00553424176178877,-0.00730340190363066,-0.0171706912233258,0.00783250300884101,-0.0628835648903198,0.968610495918779,1.01571650651024,0.830507901173585,0.97321426553675
-0.00522654359859556,0.00562153887219821,0.0392427474778785,-0.00769714153840095,-0.0257759036644384,0.0299750903175635,0.980394534188755,1.01368901996652,0.981608821464795,0.964059827228701
0.00576983130029711,-0.00734140153559806,-0.0685970679992973,-0.00624284023990105,-0.0081120363117421,0.0717257205306558,0.949101454612215,1.14771982041707,0.845450054127416,0.888139306333752
-0.00586333941972328,0.00624673996692273,-0.118361436915832,-0.00735813029531478,-0.00856982496412902,-0.01004420705057,0.902477910738286,0.943214886354592,0.921097298351941,0.937940284948976
0.031486071009389,-0.0395452090357199,-0.00219066607633905,0.00496360965673289,0.0342206837313158,0.022351358203507,0.948547635306664,0.966810818097438,0.753446578973353,0.939001613696002
-0.0176722291795855,0.0170612974701864,0.00085670914095431,-0.0159826118020718,-0.00548306842930681,0.0121249098759376,0.983864348615623,0.94839418023159,0.862844319457734,0.861346011769399
-0.0081789171608554,0.0129800164199211,0.0188277630721911,0.00261864283097588,-0.0191857565355512,0.0051814196544996,0.987856469212708,1.00306104192301,1.13281887342914,0.883614153553928
0.0135108023655801,-0.0172595459801152,0.0739056033442281,-0.00318478885284681,0.0394773382655643,0.172040354733103,0.997914388284606,1.01821448365353,1.19310348915701,0.983540196538587
-0.00977193357367565,0.0128016655688137,0.0410234713735005,-0.00121575784876094,0.0455410024028002,0.00832469216607294,0.929689762442892,1.01336201269533,0.935575982290275,0.998385259758902
0.015581044221331,-0.0170665919374714,-0.0885933028397475,-0.00509604892483932,0.0182310301125191,-0.0657754035867989,0.984845998904266,0.933938255908578,0.921993412584391,0.957977225473784
0.00694675231023826,-0.00938867766636635,-0.0462877535497981,0.0186444850232237,0.0165464549285824,-0.0116157531858742,0.986649458761268,0.963171753280594,0.763360169862667,0.974689192995824
-0.00588372534431058,0.00603921132830486,-0.0474876232522617,0.0335018453132761,-0.0193368259171884,0.0446414509831697,0.849321553637277,0.88344349699973,1.17332777861085,0.958314226836313
0.00448914030973813,-0.00822867309281163,-0.0028850869819641,0.0109939781260331,0.0131777040505738,0.0296775930364416,0.98212613566675,1.03700603719889,0.954977450740657,0.885493232251357
-0.01169933689044,0.0182203708540637,0.166309013187367,-0.00584506669718573,-0.0260720120579974,-0.00838016078117855,0.894357782251663,0.917195273873337,0.806226474200734,0.92409788164778
-0.0143182961472873,0.0177835520320964,-0.108072322572264,0.00262757674399952,0.00775730732451882,-0.0563200288592748,0.980242378864428,1.06018522179707,0.961294074491169,0.96893182300515
0.00225985827187407,-0.0031639908379659,-0.0970033019322774,-0.0183767698423112,0.0488379953480974,-0.0302337221125645,0.897073342745822,0.938483173968498,0.841563722644213,0.919263407238493
-0.0098097921001722,0.0132628843323746,0.0148747517727902,-0.0277587102483316,-0.00596672813809416,-0.095403387176564,0.920827829750604,0.899271172341241,0.929094194861113,0.86879374870413
0.0084966592961521,-0.00916241269322657,-0.0743492031367075,0.00742998112726436,-0.0118231882722443,0.00974128298489607,0.980180175516683,1.06259774366842,1.08112878820434,0.972160298020773
0.0110931002425188,-0.0132139449597264,0.0204598806923688,0.0160814900791904,0.0157333557834595,0.0460571977021919,0.979129068697433,1.04112669412018,1.1084724284653,0.982359281387555
0.00217559453966584,-0.00014472822812641,0.0643313523999411,0.0133936148879829,-0.0112392343105989,-0.00191076846273382,0.99236742616765,0.94335020189555,1.35889069866432,0.976021425876374
0.0108413616110576,-0.0138520499519618,-0.0251576306165657,-0.0104995825954612,-0.0133455750610711,-0.00566636835884879,0.915532060407513,0.975210229984144,0.824976644432406,0.882965417110521
0.0179836168844919,-0.0211671526485269,-0.0104592835430523,0.00653929469335286,-0.026009208526884,0.0485066650031846,0.948591995158542,0.991864809801623,0.978532837828879,0.930462658422258
-0.00241412631247677,-1.53424920108086e-06,-0.0115150475292115,0.0144719766316598,-0.00420472301917792,0.00763095365462792,0.959223274946936,0.907693481954652,1.07968819009871,0.866940311312062
-0.00665433177423889,0.00903504936242517,0.0933642137180419,-0.0131871525506525,0.0173097783730954,-0.00387252719543975,0.990716704377325,1.00641150951635,1.04031505780309,0.99353189662548
-0.00854627409048872,0.0118837576104291,0.0255515004081106,-0.0138100505852467,-0.00221425349533497,-0.00206213162871253,0.968254037746376,0.992944130470292,0.986735008942266,0.957791832620035
-0.00155162810473307,0.00095751328798256,0.0614763942510689,-0.00321654276435425,0.018639120917489,0.00465503843160203,0.926469472972533,1.04591528411715,0.807534395106512,0.994990616210906
0.00014065884045614,0.00173006769616488,-0.0962014658795831,-0.00691886089555608,-0.0118814386600406,-0.0607639047417807,0.968935723862131,0.96322313768372,1.06377122557344,0.950834904568294
-0.00699362621004767,0.00993294997437778,-0.102961501214965,-0.00783320686342925,-0.00508757353389713,-0.0936416065620665,0.817849484245011,0.998696937220577,0.682734120541335,0.880885994399506
0.00446245827400206,-0.00726144489750785,-0.0608257478408175,-0.0186859940854701,-0.0170676526918739,-0.0712855136947263,0.929144037284796,1.03149004465091,0.908412333643582,0.902284047561461
0.00961724237335694,-0.0136077018890634,-0.0696912732394393,0.0494737283839533,0.00591045899871993,-0.0330462782007169,0.992999579982369,0.953768910258239,0.733709846497437,0.95711010376948
-0.0159360100585735,0.0213392419763451,0.00805590435571479,0.0235112420305988,-0.0172334833268239,-0.120700598589853,0.86751282122993,0.932506048077198,0.768991175258269,0.930487458140871
-0.00524914534516869,0.00711398464256274,0.0523477269171667,0.0281590214265168,0.00795754221384351,-0.00685318781771683,0.892882783211477,1.04471778753248,1.01935149564424,0.996359412092056
0.0135072083478616,-0.0145419649667958,0.0260040819314029,0.0101468044661526,0.0116189327220395,0.114286219618668,0.981886096248325,0.927916369386652,1.18808064628718,0.976078219731382
-4.92575302454565e-05,-0.00052362672387185,-0.0596199574928801,-0.00296826579442752,0.00357308474861773,-0.0166837189379683,0.952363927081986,1.01880594264718,0.736195532337562,0.992603719023111
0.0108718117124578,-0.0125505581758891,-0.0441861987654927,0.0766775039632654,-0.00625694645467834,0.0299066758479267,0.979252370343115,0.87034219581604,1.16185490162221,0.929403146599399
-0.0121709216000924,0.0155934277832166,0.0518099225790687,0.00615230613994716,0.0407244696715158,-0.0284330099857644,0.98533877606965,0.970270299039845,1.00471968451642,0.995983027067661
0.0136011787325147,-0.0147650465771056,-0.0716028081063248,-0.0135437589029597,-0.00312202445233719,-0.0629506842262952,0.890020928296118,0.979845310432637,0.516171644006112,0.950194097488823
-0.00105614983649649,-0.00037913251960748,0.0775640533915586,0.0040835446329074,-0.0149889813861424,0.0127901697695976,0.967006577130995,1.15370692874323,1.04516178400104,0.962830004648234
-0.0117982934480838,0.0109626056932414,0.045836268130318,-0.0274843093875736,-0.0237053804674139,-0.0729087918285354,0.977419455444703,1.0647581474167,1.10718156313283,0.896779223852186
-0.00917597037978155,0.0117229172211609,0.0422955203958155,0.00066693386240716,0.00859958019253744,0.0375031686621261,0.915018615273534,1.06955017784945,0.884937595694773,0.992248380867489
-0.00832841665648074,0.0145025979693768,-0.103434719040439,-0.00086124179369415,-0.0134459947608203,-0.0705191784100309,0.977370211023579,1.02483868064524,0.627852311194583,0.953434205185165
-0.027601188756,0.0337060613434616,0.220829670595882,0.0246078771957337,0.00155504587462428,0.0605711794015966,0.957324345311129,0.997296252678178,1.43062048869847,0.981911874367575
0.00831774577034696,-0.0119959460016528,-0.0813936252212521,0.0418824825175149,-0.0197637087883158,-0.029575932413296,0.91534036036115,0.955702210510646,0.893737512687544,0.996034558015125
0.0100087791127655,-0.0103425436833791,-0.00676401650739317,0.018587275574458,0.0186471508326271,0.13276657175183,0.965123053530352,0.926096996876241,1.13219779012764,0.996105036482125
-0.012636798866896,0.0171795798749415,0.0124545682313386,0.00903598079714514,0.0334207015328635,-0.0423544719280992,0.934926830847918,1.00966783074621,0.889328031246524,0.949331810355809
-0.0167316806443626,0.0211931668304324,0.0211879765815318,-0.0217203177867555,-0.0307927256522079,0.00604239584461558,0.982691108348308,0.969181664221135,0.841148494395579,0.803888714704386
0.00793055066494778,-0.00934270211704344,-0.00434252214327008,0.0139066424742118,0.0418422782551835,0.0534928813983495,0.991030249961332,0.987403809249981,1.26647285373168,0.933672989489869
-0.00481087398575862,0.00451750460829312,-0.0850638469637045,0.0751030448105388,0.00038288686784015,0.0338573188225735,0.959968698004516,1.00375031756571,1.171828102964,0.967960915026876
0.0215718314974644,-0.0265305892231602,-0.0412142785818763,-0.012046543794738,0.0326394296389655,0.118315926757807,0.995820751140825,0.915221820267555,1.32768206415013,0.971528997224612
0.016775720046231,-0.0218810529820498,0.0392393647027058,0.0034598659950978,-0.0193050008712103,-0.0266925475296058,0.928354188624221,1.04436831475305,1.04067888154667,0.94591295804159
-0.0139530674609687,0.0189328207704623,-0.0313591267804684,-0.00183406184783916,-0.0368273092470357,-0.0440761374326934,0.913149475863128,1.04961364922548,0.690607671065142,0.958330352760457
0.00057092923074875,-0.00337561679819893,0.154546099711848,0.0333492305741758,0.0125884021873877,0.127815977750107,0.999332080088371,1.13343968420108,1.93408656538068,0.998329170076874
0.0116228370087625,-0.0146932058145417,-0.0996744414011436,0.0247090244281365,0.00708896565003145,0.00525059303695824,0.988519846836284,0.980791350815994,0.828015634005611,0.9708413193419
0.00244168460300425,-0.00520568729178274,0.0963177935468141,0.00925657973115308,0.0128253234352269,0.0169170163823933,0.972458102902633,0.967310119471382,1.13163900055976,0.985471244765617
6.20378339278087e-05,-0.00114459316202812,-0.0734604957020177,-0.00027130961324837,-0.00892957551186174,-0.0681830848757646,0.83689976530731,1.04358909163391,1.0597176828473,0.977772402902796
-0.0105720695943038,0.0132128659539138,0.00322084722521315,0.0198555875212921,0.00722782732691743,0.0153793403277306,0.939660531585359,0.932293450242199,1.00347561491104,0.925669037146018
0.00464434535371502,-0.00497774202010056,-0.0811320346394452,-0.0102846670254674,-0.0252906521176762,0.0534691321841285,0.896631505723678,0.912120916675341,0.914795094174803,0.883788580893826
-0.00021636693620608,-0.00046189084620429,-0.0373006222677142,-0.0542780636637631,-0.00964069033619935,0.0164340061561796,0.904517711197036,0.895693817458195,1.09341263454717,0.955750743276368
0.0263204846169843,-0.0346993083006626,0.113194088622243,0.00373027559515811,0.0301878633816864,0.106145781474983,0.976254971049313,0.968723968977589,0.891559493639023,0.933881403328499
0.00623877924134766,-0.00496435044526971,-0.0194298557470913,-0.00800304428241583,0.0106308665689864,-0.0321878121069415,0.92921211754103,0.955092735804169,0.947618258042977,0.947550095620871
-0.00736129618953871,0.00908773104918951,0.0903889811279213,0.0213492588376608,0.0280627315987432,0.00707107345441441,0.993199542728129,1.0339374044948,0.832080561289856,0.997757271578567
-0.00188499369127024,0.00272556675583622,-0.0340714625583806,-0.00036958541955718,0.00430627261407988,-0.0143073119628304,0.96870629597508,1.03656441694152,1.07005587595399,0.971806980922132
0.00962744269019853,-0.0128052838571979,-0.0878849667604226,-0.0293469321720551,0.00765451877337087,-0.00161437093933491,0.937628677238784,1.00988965382447,0.702355746164737,0.894578096163474
0.00788880101994302,-0.00977733373498154,0.0187644378010723,0.00405790410997822,-0.0123908836716616,-0.0217749411219593,0.985120433826334,0.949742000630304,1.28744177945343,0.981585773986909
0.0141650194314133,-0.0178845562512539,-0.0233922038034287,0.00336180644592102,0.0118833372869974,-0.0272563772298837,0.971920556511294,0.987694036034346,1.02426253337804,0.988200622980873
0.00795732875573383,-0.00827565618290512,0.052507815316768,0.00918581154680916,0.0105615709429689,0.025244207314581,0.988373155652155,0.984409114633888,1.16344211617256,0.973930550702581
0.0164681848049789,-0.0181239884801284,0.00858747563979351,-0.054368942986785,0.0178195412904196,-0.0305724303585733,0.901944765263931,0.875341217126557,0.835328990136886,0.867653555322482
0.00941900664350953,-0.0120101257141403,-0.065588617054894,-0.00621053025912413,-0.0171380536902538,-0.0786148982044943,0.891427746974543,1.050379000705,0.571980067395522,0.992976350187811
0.00571398105332613,-0.00666614372921745,-0.0573144059110406,0.0210906997137076,0.0220738929226202,0.0275699274208176,0.93759175693177,1.07253395600728,1.25672935506434,0.981065201126867
0.0188069638639121,-0.0230566216696144,-0.0429968985675712,0.0220084244822129,-0.00138653799996732,0.0461987391048145,0.951409994465863,1.01648316981243,0.972979968311297,0.924549320962314
-0.00170551552452417,0.00518687412247677,0.0815300593747804,-0.00095318643417944,-0.0374445868441075,-0.0332534658185091,0.918712147518196,0.956730089133015,0.778790574635851,0.963526209779834
0.00288211087645016,-0.0052300568765444,0.0819557785998031,0.034830115957182,0.0172792826759099,0.0919592295638147,0.999895745858667,1.0185909353105,1.28621111592378,0.987380124898269
0.0161180767378907,-0.0169513834394291,0.0619837288155465,0.0149552734947308,-0.0155620588555308,0.0622121772499028,0.995470241211546,1.04149399440783,1.10180649769394,0.991721810858298
-0.00184303168605191,0.0007047034922468,-0.0527972566948277,-0.00928343347732109,0.00981848593622631,-0.034748196008627,0.966593709878028,0.947022463423159,1.08225683389361,0.976773762631
0.00709633011025198,-0.00984200302077059,-0.0993725725007792,-0.0342919904358929,0.0128146717941804,-0.0196402454118437,0.931507248704431,1.03464892484427,0.695904128403595,0.872686752560937
0.0212162490412525,-0.0244339829811561,0.00881438467003853,0.00897587811541836,0.0213533819251437,0.0690055580897769,0.951290650012383,1.03541418951681,1.09090571075146,0.910225583635828
0.0138734110351766,-0.0168234330087725,0.0329690146139778,-0.0227282901716176,0.00841780990569226,-0.00470227175573437,0.97860429137234,0.993419971934035,0.937428476730137,0.945015043463159
0.0116499682201081,-0.0135079373285921,0.0392072785354858,-0.0227037235685892,-0.0266115024153176,0.00330142819437352,0.950041881978515,1.01947552999813,0.89958846102132,0.99402890152313
0.0113023315650429,-0.0157130015643609,-0.0765583138714237,-0.0167194325400364,-0.0142658737623362,-0.0936889214272696,0.835935020509314,0.928664436833205,1.00445639421325,0.876169102175955
0.0100511045007518,-0.0139141050097825,-0.0426168376822977,0.00761208890986149,0.00709601211761567,0.0566994391028086,0.970760093021375,1.02510424846796,1.0773650879399,0.956991758814123
0.00277410846399583,-0.00427731853548989,-0.0540212994928772,0.027034568366781,-0.0128690124474649,0.0596827762681991,0.982224466039936,1.12248271974903,1.16788265180165,0.907456576324031
-0.0144296599530929,0.0182763878521199,-0.00701156674310394,0.0316751786513629,0.0326340147242543,0.122999875176673,0.982227119959165,0.985427367898972,1.06685720044499,0.940806237030249
-0.0114786597778072,0.0122790056224758,0.0553391026053173,0.0371166195485954,0.014297842888745,0.11261814723704,0.989440151997813,0.969392258534314,1.24119468506481,0.996341525147111
0.00739463565825478,-0.00823432431636123,-0.0139523001604166,0.0112813957499737,0.00753812058503562,0.0312966900845327,0.982990011266909,1.01697720127342,1.02109368470564,0.972380036389849
-0.00281082554133753,0.00577374509084205,0.0328894400199352,0.00646221829240235,-0.0116359339202984,0.0397711184293562,0.9798950142639,1.10119225714558,0.903499839582282,0.974622088886973
-0.0292790508573572,0.0374808537996807,0.0141913406549959,0.0138477669842913,-0.00077016862366842,0.0252162456273131,0.96270997063454,1.15740005186967,1.08609648685967,0.993979522272768
-0.00043595309541234,0.00271739176150409,0.0314694182753156,-0.00028789286213467,-0.00282338490239456,0.0773409325404351,0.988176454180248,1.07546576282153,0.966185590214219,0.935012827438191
-0.00342771107804858,0.00247334564411652,0.0483367418303115,0.0355913992056433,-0.0184939924336732,0.0377179833218305,0.99089265519696,1.13915284061331,1.15731977712778,0.968654532569113
0.00665316036723141,-0.00846415449991879,0.0270097831755839,-0.00642938371579501,0.00236778447418675,0.0918666163667401,0.995008926669014,1.01658417352366,1.3502033900641,0.979646595093662
0.0125422376210291,-0.0152560885435239,0.0784582890192369,-0.00151917757027808,-0.0138983244701577,0.0634095427792747,0.946241835856868,0.951621988943728,0.703713470996433,0.966876948538789
0.00090088051652567,-0.00141009388261614,0.10356851173936,-0.00698059466601224,0.00399352823990564,0.072946154860696,0.979024499618829,0.976697767399903,1.11190729277488,0.964163002289262
-0.0055323195227993,0.00893091337623229,-0.0908050057783011,-0.006653093552051,0.00789816581882786,0.0395235833021775,0.976406978858422,0.969874733960091,0.958460301392123,0.932085593335713
-0.00651289125517188,0.00867585312947048,0.0688705103683586,0.0204967208821725,0.00751980359647229,-0.0396962523938323,0.9719743713028,0.964303232698705,1.14013120750163,0.928493044104959
0.0154889682584696,-0.0183235869627594,0.0717741098077799,-0.0174914961235636,-0.0195084034652236,-0.138445878965789,0.878174040970338,1.13147100563404,1.03863548042032,0.947649012980096
0.007651919225185,-0.00965657166988215,-0.0991244531507428,0.00727962952744778,-0.0302458623229379,-0.0551192519023541,0.956470811958268,1.00716135547042,0.650749389224842,0.945357750590223
-0.0224580058654842,0.0266804563358582,-0.0591990326237096,-0.0226940921449715,0.0147514363428975,-0.0621197713080876,0.905146938230774,1.00133063229763,1.2748580470587,0.862936461317924
0.0141112894101622,-0.0166873542746768,-0.0908381254460381,-0.00486397175197603,-0.00400079641949401,-0.0343770373474246,0.94627061174321,0.989212099551238,1.20039950191975,0.969146731719314
0.0115829481320202,-0.014653346848519,-0.0363651790319355,0.026118202818906,0.00907381616785068,0.00852284606730657,0.956882283147143,1.06121684923579,0.950494975988447,0.963583862600993
-0.00375295775420828,0.001777220635788,-0.0045750315653369,-0.00995141798360886,-0.0198771636438902,-0.072523183101125,0.871151110639371,1.03025927535613,0.915480221741867,0.792294279280556
-0.0131922148411109,0.0159631454741091,0.0153687029816814,-0.0160405781054444,-0.0170814285377843,-0.0657329061505327,0.909979411755779,1.12595106376688,0.886649234069386,0.901256330106658
-0.0139072424498067,0.0164090083382105,-0.00499468727466629,0.0200113035039849,-0.00695585236339514,-0.00563848814784058,0.983223081970787,0.974231968809449,0.991698783214412,0.888917974701068
0.00761254893813551,-0.0108435041772335,-0.0918147912883976,0.0124615906881982,-0.00801608680096237,-0.0506253534825567,0.880135915887117,1.04720135688353,0.906742654018646,0.906274910947931
0.00223971489964317,-0.00255729644744194,-0.0309725217548966,-0.00440636566663789,0.0304815823751564,0.00317088818409363,0.897663733421741,1.07141909623158,0.967095135587148,0.97667841542979
0.0132799654736523,-0.0153162072992095,-0.00623855460043993,0.0394418407737639,-0.0170773521973178,-0.039750347570597,0.926539489887268,0.962029600402971,1.23374185630626,0.971751887630731
-0.0103672814068169,0.0153707955158088,-0.015926319988437,-0.0080534075303233,0.00569993420967153,0.0591722101966864,0.986032449659685,1.09437559114154,0.595596650034284,0.891265245799622
0.00194381331102154,-0.00118511654774002,-0.0363251787890077,0.0215314844780754,-0.00543309171357678,-0.0823060523523177,0.944655121762686,1.14550041152613,0.882666802117304,0.984549855175228
0.0225347636283412,-0.0255649738658269,-0.0746701866480541,-0.00763844319560713,0.0220715873490758,-0.0239505531582685,0.90901120141167,0.947587076409035,1.22232664142837,0.975676254396711
0.00498048453430314,-0.0042575424531137,0.018975139739751,-0.00360944995734234,-0.0056285722220299,0.0263289370885436,0.878444232516389,1.00672119226972,0.787108299559911,0.927554737955822
0.00286261842026139,-0.00050589987327717,0.0724047584922331,0.00995562713715285,0.0121979723829251,0.0234396687609375,0.990690381611262,0.964779569054598,1.05048492610116,0.952549788877578
-0.00894527869313393,0.00814789595370547,0.158444794509713,0.014106447563196,0.0101167693553742,0.0735977717073468,0.98224076483273,0.941610057971104,1.064786425475,0.990359366108849
-0.0154217429522966,0.0176750631487273,-0.0293654130448851,0.0141004505415593,-0.0282509840177568,-0.0283000122203004,0.995598905942072,1.03751601348499,0.751281746084977,0.912950983500505
0.0143452705089849,-0.0175859019506801,-0.0548929471978007,0.00395160197839814,0.00543725483294962,0.0751835128934179,0.963560464117702,0.943699103810664,0.94888461693513,0.973877339682728
-0.0134398545059194,0.0127349594934637,-0.0142606977242511,-0.00633984267790842,-0.0121248357895256,-0.0879294393133784,0.95452387260536,1.04981277013639,0.836784387269762,0.840321658688041
-0.00044341939547477,0.00408468705797713,-0.0800999794707254,-0.0109444116426972,-0.0299961039067063,-0.0971036575599893,0.894297128966084,0.871851349882781,0.518816054567987,0.866685175494627
-0.011339101773872,0.0113487263709753,-0.0989389534575016,0.0248311958893489,-0.0204233375525866,0.027921484393354,0.939928853047632,1.06738085474124,1.13870194884952,0.975103842492948
0.00239654451534378,-0.00520512431633229,0.146928432540114,-0.0298553925980731,0.00815785238703776,-0.0440204228616176,0.967599793525108,1.00168814286339,1.33015429987071,0.966188982016729
-0.00409538072769359,0.00504193984138734,-0.00383116282129264,0.0109257631164279,-0.0144104260917042,0.052506971421875,0.996919362372789,0.851038890774499,0.870981115412363,0.952273395067991
-0.00783069653433455,0.0124948335647272,-0.0456185480436309,0.0109746979705636,-0.0060409434730067,0.0367356915621439,0.988436224954788,0.954011475646351,1.07616547176022,0.982701677583127
-0.00201802427852114,0.00062640764681909,0.00607706452821311,0.0122442305953134,0.0175216932598569,0.111327145270458,0.982097834914258,0.954130132216813,1.08829371323429,0.924177225906394
0.00603996714528428,-0.00581803858449892,-0.0498024683035829,0.0127566426028204,-0.0282973560047307,-0.0107010759966446,0.901589895957693,1.14323376577616,0.942399036884162,0.925379671854775
0.00566170950771286,-0.00850358782276042,-0.0762011674208144,-0.0165765438782404,-0.0301690981435718,-0.103810300242445,0.927830130317789,0.939543104627654,0.955233449376062,0.962600760885482
0.00092435355801031,-0.00294162958240777,0.0352213456909793,-0.00180179976353111,0.0369406763717664,0.102804104894195,0.940058814915254,1.01149769945753,0.918911917418109,0.9691942407955
-0.00550194579270726,0.00613551446074317,-0.0219187959094693,-0.022319472828236,0.00886684641158208,-0.0101347379849944,0.902753726393396,0.940698304784995,1.03526931129363,0.954756726410664
-0.00280345440080491,0.00639539121875086,0.0172154597497601,-0.0316199941195259,0.046196849782381,0.042363073027855,0.983815984669092,1.13909125253012,1.08399853660932,0.957710080226228
-0.0125163777983245,0.0152167751716862,-0.0475003810174241,0.0304278346108943,-0.0360174074453277,-0.0352539417120406,0.920283195610009,0.983309323552828,0.975041187930243,0.984691732047898
0.00050609730804765,-0.00355711099061207,0.127574633056711,-0.00622940592724347,-0.0101008870710431,0.012009293048954,0.980403922565942,0.996063325591061,0.769325246947756,0.957743267891506
-0.00672774689956559,0.00731674569716424,0.32739631928908,-0.00092067048556211,-0.0193481986262086,-0.0592744478536985,0.958093975450001,0.973363264182609,1.3275913665012,0.997389302629613
0.0168458787438205,-0.0197133747997089,-0.0173029102748237,-0.0305946968719713,0.0259945281855222,-0.0445282247239437,0.891707005810097,0.994120510633757,0.741739620950443,0.876167023315702
0.00648219153580382,-0.00652133790316921,-0.00722351528712389,0.0327004294660583,-0.0184510765715226,0.0325322002134306,0.970697680034219,0.898995376346673,1.26819973727092,0.882646688522339
0.00879377512366099,-0.0117077586812205,0.0307004256653828,0.0128070731323461,0.023707222880622,0.0205312152660507,0.99449412893053,0.990994627358865,1.12983553903885,0.889505958261479
0.00645357047514053,-0.00642453105872931,-0.106908839164268,-0.00421152014804959,0.0326550229131294,-0.0854010935314413,0.861106861753288,0.868025592243215,1.29148003043262,0.954527692963319
-0.0102048968947049,0.0111559128479635,-0.00949559692915053,-0.0557977324575462,0.0156608811084837,-0.132853979980307,0.830768892904521,1.00455413048278,0.973348336995227,0.928669778098623
0.00111071072395277,-0.00166783945423102,0.010900790207546,0.00127825058717346,0.0285172984423637,0.0637078785804508,0.986303655920974,1.06142153845391,1.15726706954021,0.999530647331749
-0.00551880508006932,0.00489779227211202,0.0560165377672038,0.00033062059936314,0.0358966506733625,0.0813787151771354,0.995413484052319,0.957995825868255,1.16878544571869,0.990479234896638
0.0104221872080797,-0.0125809886869748,0.00387214542788611,0.0426732155342563,-0.0141919955298215,-0.039540256504685,0.87445099606492,1.08628909876543,1.06490589989548,0.899218948306594
0.0231301324052907,-0.0286008475397736,0.0601866874381253,0.00396423424780253,-0.0080084936921476,0.0630473538405041,0.959555059217133,1.07678690674997,1.15461070598444,0.978650242239821
-0.00673068109531925,0.00744883722734261,0.111698201632479,-0.00881586373718372,0.00240823394432259,-0.0719131001890761,0.955617923809329,0.963817556167063,0.879645106464882,0.998493704289392
0.00533531812142711,-0.00516523561047645,-0.0623056524393916,0.0338563200030538,-0.00743587479311619,0.128016592134213,0.992515387870229,1.07766722815411,1.0558061695889,0.988918208628992
0.0034271499756554,-0.00589318056554118,-0.0574640968787018,-0.0331983871385688,0.00111216491168952,0.00523169412098201,0.978336736368667,1.05490191887461,1.03295522198136,0.945423928032612
-0.0040597535408044,0.00253375404389374,0.0711130135239997,0.0197179630480116,0.0148769290756696,0.0776250271179633,0.990094598087891,0.931940771388784,1.06872376467052,0.998071580554343
0.00189443733171753,-0.0011842544891762,-0.136230884936715,-0.00584254816368673,-6.42549842078802e-05,-0.0104836116802937,0.891072066917128,1.04772771804451,1.12967140392583,0.954398826922485
0.0180448778934928,-0.0242859690568927,0.422732083007361,-0.00763168742235402,0.0346713430529212,0.149762468025187,0.991557692799899,0.986860073822769,1.10434338136304,0.997191440538342
0.00708571013381407,-0.00871958013509975,-0.119431085182968,0.0238012991648328,0.0140797449814782,0.0556156432376659,0.987743101076072,0.929650875193925,0.7385240904427,0.990335991546709
-0.00455083417289817,0.00282423888609639,0.072040554221825,0.00016203560494525,-0.0160942149845262,-0.0199141530459816,0.945220011640244,1.14416831292635,0.983105397510246,0.96325111150421
-0.00663111273978388,0.00833526275685289,0.0163459232272342,0.0227249201608694,-0.0281685955923632,0.0292428731775389,0.981429942745731,1.00521353647139,0.964385225606827,0.978442225668184
0.00748971719216012,-0.0127447086524498,-0.0673664491780828,0.0250027371332235,-0.00740111500093959,0.0596987809556108,0.975427939991041,0.932723211170603,1.19545142099986,0.975217256315066
-0.0156722974833757,0.0187392661442255,0.0862931188125583,0.0234982267873644,0.0115101569951757,-0.0379074307804758,0.94881695267705,1.12226541353403,0.880215455690957,0.903425022759811
-0.00095595267652037,0.00201518310489117,-0.125570182768625,0.0011236386498706,-0.00746962430719957,0.0524469895808271,0.958452815360694,1.07049167013395,0.84300473152081,0.979443691927614
-0.017043851555198,0.0220346353485418,0.00447637172371029,-0.0157706726198411,-0.00110584645673374,0.111636980280137,0.987408262841288,0.947423726990049,1.60375892383945,0.95058449215317
0.00826784152027632,-0.0063732490085537,0.0201193863782945,0.00464805330431435,-0.0172592210529347,-0.144281063178298,0.926388353503316,1.02496184023824,0.906874444373814,0.97560844832584
0.0144880637699553,-0.0197664904260543,0.042057629079264,-0.0201692766503505,-0.00535570154864212,-0.120286266843589,0.942342692594092,1.07053118300933,1.02491848045541,0.937260587684646
0.00120382818554778,-0.00066984787697222,0.104717960228345,0.0178070629255346,-0.00581531416924167,0.0314291712562923,0.998565199450015,0.985841540277065,1.04795406112192,0.959241334149215
0.00092477617563102,0.00176364886711345,0.029306837438406,-0.0152897154560546,-0.00369656770397617,0.0423165892050036,0.944875949373437,0.981411232257482,1.05410138141851,0.856457546729745
0.00353284784034421,-0.00588575573756535,-0.0280849681501012,0.00044925916576967,0.0232961148801883,0.00194320699018321,0.926056921277411,0.955596393690429,1.09171811820828,0.990862324883207
-0.0139906936445989,0.0158062559290793,-0.0330635284533353,0.0309584346737818,0.0267323011275366,0.0221190033062562,0.999169132520177,0.953323973787738,1.15947893440413,0.996789224307048
0.0120346061118952,-0.0166163922006061,-0.0129947245316774,-0.0214870017833878,0.00108450830933022,-0.043942858645768,0.958940752091336,1.04977551328131,0.913966688624954,0.906430583654432
0.00539294335377217,-0.00935698711535526,-0.00847720178794559,0.0261210219831566,-0.0406556148745704,0.0871233920275649,0.92853709675793,1.04276254699376,1.02444671079986,0.943824926121989
-0.00092963326301139,0.00268080478166735,0.238158458761609,-0.0173318576514015,0.017119094056092,0.0113578028302151,0.938384577137972,0.875032011512696,1.03995880098632,0.955874413369391
-0.00699737113348878,0.0100597877265016,0.0252341539558377,-0.0245216602483998,-0.0325828191267529,-0.0337148848397074,0.938497614405558,0.950095033131413,0.912920793385303,0.817817925998197
0.0113569194822941,-0.0139080239035738,-0.0186193756996475,-0.0101071641513299,-0.011439668598656,0.0288589445727049,0.92755684368469,1.05847232195371,1.2156052957475,0.974334720764924
-0.00926961438683276,0.00934993747353582,-0.0790080630630093,0.00371088858178892,-0.00747192033577582,-0.0629958524768968,0.839092214920865,0.875343613903479,0.884065442059269,0.916292155635206
0.00707712507927089,-0.0102488966682273,-0.0532616668950709,0.00779561869819529,0.0341832757938082,-0.0182954119546927,0.996678043974142,1.06692677510009,1.03431038540731,0.923226693860381
0.00257669682913585,-0.00023750091157089,0.00638762285554262,-0.0421359443217778,0.00618103220279461,-0.0196322906133699,0.915870508737376,0.986692412594069,0.806481888554683,0.910115006285986
-0.0102842322573525,0.0107935021252726,-0.019931585747798,-0.0198695095251072,0.0152592408998334,0.0628628919426951,0.96268890932699,0.945292818616825,0.844459299402541,0.950895317676796
0.00599907310517224,-0.0108359705185995,0.00237213975541661,0.0170277366933773,-0.0181853131588409,0.0127572064409372,0.948302908945518,0.920444461789148,0.846532292962703,0.923552122714162
0.0122449552651286,-0.0163223791318499,-0.0544236221842572,-0.047012097557413,0.00698794542875326,-0.108291458582809,0.970421868283234,1.00647150970023,0.708973088718879,0.795556492544682
0.00877037052938605,-0.0104340229798349,-0.0564636192939256,0.00051729151069424,0.00120233713556491,-0.00717478023588803,0.976910518627074,1.07778361491419,0.863117395103788,0.922265278628479
-0.00103790858959961,0.00391651472237339,-0.0656145963709348,-0.00256493218935468,0.0156574648552238,-0.0293116294963998,0.91138320325833,1.0466512050648,1.22744793783473,0.861477310570581
0.00636021252333423,-0.00633842049513783,-0.078725257160116,-0.0186577205234665,-0.00497928794140871,-0.0753369565483891,0.882674960390289,0.979513757483431,0.764632457777735,0.928888024690343
0.0119668400918878,-0.0179056748851886,0.00449329720616148,0.0167841850265034,-0.0323216536819819,-0.0269807918711069,0.942418988700082,0.987557485691958,0.980583542542002,0.919214303241613
-0.0173352891611022,0.0208540370060524,-0.117723820422145,-0.00599097680658496,-0.0390922053744865,0.0227484163410718,0.995801846448397,0.944920854770973,0.802893054809779,0.876492192599658
-0.00573037527580841,0.00641737947463768,-0.112053473416255,0.00427229485761024,-0.00077990852247989,-0.116994044126811,0.881780425597873,1.0554096140922,0.892355473114641,0.86811252075427
-0.0139091655463352,0.0153281339036791,-0.0110856228411529,-0.0136386415546445,0.0303515765306949,0.0553050235707917,0.930927390917301,0.940675784742612,0.993082766099327,0.983314245124596
0.00240359693051935,-0.00283420629949436,-0.0304362387842394,0.0400015113054985,0.0210069680310953,-0.0998404881452986,0.907692050235929,1.09180542437028,1.07073353671853,0.970801986785901
-0.00564482142828214,0.00329925709904734,-0.0124584780528483,-0.0152621212032999,-0.030511722098483,-0.025809486269341,0.929292425437033,1.00878630997096,0.654090663313273,0.976575451988029
0.00928225567035997,-0.0115474045022837,-0.0541051101728143,0.0147843096800843,0.00453099081122482,0.00903236875606804,0.972690466622359,0.957443968697982,1.08229198736433,0.956307987507569
-0.00320664966255146,0.00411470159755817,0.0639748487585095,0.00229977797768075,0.0163727016195976,0.0847261755155258,0.994260653360416,0.943938504599815,0.93189035118137,0.967088819465347
0.0133498220499534,-0.0178809914817264,-0.0647756995549341,0.013015648139089,-0.036836027516177,-0.0380680679073423,0.982391680773174,0.925272403799898,0.59102898101351,0.915479881143896
-0.00884172558646862,0.00987024954454753,0.0869768451039298,0.00364132759838536,-0.0276017696862871,0.0665514310147216,0.991653990540761,0.953129898390358,1.17420372446125,0.961335460069642
0.00772611992685676,-0.0089682368322988,-0.136358493546926,-0.009335249373995,0.00212186585307743,-0.0792066135088738,0.932510502820349,1.03321833049382,0.704237384525672,0.829666048973558
0.00601374470639853,-0.00654219625277792,-0.0457938246827856,0.0204082140001907,0.0118839507055972,0.0465447041832349,0.956986462807138,0.845322921218741,1.23569569266803,0.979304198435646
0.0123270242397439,-0.0201373540168669,-0.0833300133061274,0.0229922760877473,0.0168724258292613,-0.0430887850583943,0.971033848224077,1.06541018382897,1.07615162736492,0.999238855346281
0.00122231598089304,-0.00364572900992787,-0.0509537139919959,0.0105389982443758,-0.0139757925924589,-0.00982170886677988,0.990980101317072,0.886857502093709,0.691938416190362,0.901413506525702
0.0124314287947626,-0.0161703890743744,0.0291668916268684,0.00102105705519394,-0.0118417478179236,-0.0308581306095737,0.98829638999847,0.97558205812155,1.16400737882535,0.965056693664344
0.00830972119573203,-0.00685054244325674,-0.0628377211762619,-0.0469643344091975,0.00876485338409199,-0.125128248806135,0.870555301682418,0.924570059055197,1.04607201437719,0.892659822811267
-0.00710635987048367,0.00802811407683304,0.207095123455079,-0.00658959502721907,-0.00548211049987042,0.0672929058164458,0.935045176638088,0.970190565673493,1.40271385340846,0.983088444371438
-0.00724150855107668,0.00772890944995493,0.117372716795254,-0.0443847830169595,-0.00035809481913011,-0.0233141354618141,0.929010499376281,0.97536610371579,0.899947347699234,0.929671349640285
-0.0152773361270606,0.0166375144019118,0.0527845116801091,-0.019706848966248,-0.0040427494615741,-0.0127493786060536,0.915064088510538,0.920421872976265,0.813243267376765,0.955259186119351
0.00775388279345325,-0.00913665536685683,0.0363493718177628,0.00233945356231028,0.018612767361279,0.0479450427327986,0.976340945662818,0.960690385299983,1.16051452289925,0.983402617546901
0.0116970385145767,-0.0137062077441681,-0.047965385939481,0.0116941234486628,-0.00092939366290596,-0.0135074004281549,0.960804650245083,1.0999038013972,0.989616086787076,0.92630431242836
0.00784150984114513,-0.00802536477653908,-0.102475387824502,0.02535743975293,0.0108094904981749,-0.102378923846783,0.930868781951094,1.02838188865807,0.687994707682842,0.842899031425286
-0.0120568696790976,0.0153324931410704,-0.083383012194549,-0.0119641498010015,0.0184840740692795,0.0566288031748091,0.979111917669036,0.97282845694737,1.11094440195069,0.925282173950453
-0.00251756706317685,0.00626231206977656,0.0410724409538555,-0.00421925865254813,0.0034817898459448,-0.0488188837216358,0.962903130601677,0.974366298298583,1.11383026963139,0.980243250746455
-0.00448765772028463,0.00280102206007814,-0.0596065729281307,0.0343401429205647,-0.0317892622255313,-0.0463172568031249,0.87318774987597,0.913992414120259,1.05301849611721,0.958383168107017
-0.00181548966753688,0.00533340130350343,-0.0219031626354951,-0.00179769474529856,0.00377516982361516,0.0788465990572049,0.999499149521476,1.01976101308841,1.07760125547489,0.904141910414456
0.0175295852982099,-0.0209077260874716,-0.0943954065209811,0.0129521504376736,-0.0054337484191125,-0.0168384710711394,0.974181483089465,0.995268444896166,0.767416905471504,0.951337991102497
-0.00110321685422229,0.00380312835663193,-0.0195197424227439,0.00847568281087604,-0.00175569559328562,0.0347416246045886,0.960417899306938,1.06507540883677,1.09609944274582,0.989068231804872
-0.0167416187680244,0.0209169709469843,-0.0850358130073824,0.0018610927918654,-0.0246706828492667,-0.0458237242618214,0.969932215047866,1.17901402725571,0.912869107269481,0.882265553390515
0.0114517353033484,-0.0152112035617684,-0.0789334431981344,0.0152605735369634,-0.031095198164452,-0.00457079534325853,0.914340790722368,0.908545206459414,1.02028936380094,0.952519904827425
0.00729702208241748,-0.00655078873911517,-0.0669855829845738,-0.00902419823315852,-0.0057456451788301,-0.0445578158544418,0.950757653938739,0.974922442017113,0.921265454996812,0.905885731412186
-0.00317677298420932,0.0055427246422608,0.0207755159190249,-0.0336522174564702,0.00420735440954656,0.00098580436380015,0.966793641102196,0.992296035224167,1.04851434036376,0.965820518892053
0.00132418580740899,-0.00097447665145823,-0.00465264056407766,-0.0342593463962988,0.0020371788255026,-0.0480551650767709,0.948475438917413,0.843219430211824,0.656686979674385,0.916733217002678
0.00556929591287721,-0.00568830836093107,-0.0494102539915567,0.0224511190026834,-0.00077587411324413,0.0469256046277508,0.99386911587714,0.793496429117231,1.05075058265236,0.995248801440372
0.00882299943069133,-0.0113399378397318,-0.0774863244465384,-0.0012891000870774,0.0276699602718608,-0.0409125162822379,0.867339753820081,1.09797588803413,0.846806876349447,0.929653364574418
-0.0043086475612137,0.00729540847906275,-0.0269410578592408,-0.00904539651184118,0.0236989746895911,-0.028642706037291,0.998299208950924,1.02941546637578,0.823285257574431,0.918282828226275
0.0179259580837925,-0.0221968350371398,0.00717034387353199,-0.013909981036791,0.00912596681144201,-0.0277294653631414,0.959882398369238,1.00722584760668,0.817157180125617,0.961137558345858
0.0126850839730706,-0.0192956348980975,0.0182261609566771,0.0191632953480268,0.00860534391248732,0.0433841145299623,0.978715520684572,1.02893674391875,1.16789235907458,0.995086622918422
-0.0175758879732606,0.0214551794136747,-0.0587883670361656,0.023251223117753,-0.00471865598292445,-0.01434096352593,0.904542454522257,1.02034385163491,0.986624029364198,0.946266853298955
0.00789565932264567,-0.00995698418521192,-0.00963821422546479,-0.0111923847824803,-0.00750967093026057,-0.0384059460441778,0.987668702905565,1.05664545940975,1.2788862656488,0.885135130863156
0.00360821352668006,-0.00417965375682631,0.0263384590151597,0.0226628868343548,0.00363488567741485,0.0512178761892373,0.98218406190826,0.993542926053943,1.14670795938464,0.952373798118901
-0.00325517853289135,0.00302538524674237,-0.114901326093157,0.0156049525847854,-0.00293527870258138,-0.0303481733870978,0.980940517254716,0.884498597897471,0.774895236366271,0.97311483807425
0.00707014906866795,-0.00683802365577143,-0.0580577190194795,0.00486044099508564,-0.0138968110710168,-0.0249750425915369,0.918971612247098,1.00178757056099,1.19538172816109,0.94605773488383
0.00839854514030398,-0.0105038348810227,-0.0481046797493621,0.0305144946421505,0.0230454945575815,0.0977565701919308,0.999324681354566,1.03386577967535,1.00383423982605,0.99687003130127
-0.00669321670009468,0.00577740610481729,-0.00961270924894858,-0.00191868578840998,-0.00926020328638012,0.0110669606260308,0.982365347260448,0.95627544064363,0.812257149498628,0.917475288746469
0.00074693267210755,0.00111952476704564,0.126670647292738,-0.0392897486690536,-0.00624924724876191,0.0471258315662525,0.984092303216693,1.01884019520368,0.94346970366302,0.9613692805199
0.00363980248509316,-0.00746466780835016,0.0238197683534789,0.0460613331722816,-0.00506002859620374,0.0578862141496739,0.989925997940549,0.991500205752794,1.26739214821965,0.969353757217081
0.0121085489288724,-0.0117397763996128,-0.0578687424228034,-0.0107811493984558,-0.00968670190034693,-0.0288179152013691,0.938975432686429,1.07750676461288,0.852202982644174,0.93001018542431
-0.0018507253009076,0.00401367530365576,0.106833152850201,0.0184819790299615,-0.00347817753401253,0.00375773543471053,0.979201934960181,1.03556581604785,1.21482567288506,0.985670145706876
0.00028293639141157,0.00088063964648631,-0.0393946760290407,-0.0450250502185337,-0.0294809825540203,0.0189834627336365,0.959292811543756,1.05708470062452,1.04951535020868,0.870555411067722
0.00129707042217648,-0.00122887804058943,-0.0276810921890495,-0.00612405368983108,-0.00498988002416148,-0.0185996990847733,0.953670254911264,1.02448561143003,0.544201219652863,0.966466413102577
-0.00227934555975321,0.00206050430212782,0.00185533350818107,-0.0174184425052658,0.0251719527175194,0.00884524410456749,0.993363105550494,1.01435717913035,0.924418866385122,0.94000174646921
-0.00797212757785612,0.00662096308442145,0.0119076559559675,-0.0331197432346763,-0.0142501987612427,-0.0491932841291562,0.924469432058685,1.01063629585677,0.9459357796051,0.872918905428806
-0.0157891670771241,0.017517579368512,-0.045984665169315,-0.0321311145824238,0.0352657054189996,-0.0808406008748806,0.925045988954528,1.05984075260599,0.999354480587444,0.926321986461279
-0.008017548585601,0.00915191153437192,-0.0227633512987439,0.0214095663413623,0.0227529844442432,0.0144535707727194,0.970755635798497,1.0978146142384,1.30310029361952,0.988388458596669
0.00885051348841727,-0.0102247650082027,0.0516704621049704,-0.00388409052469657,0.0192531340814532,0.0875218207974059,0.961457247651351,0.990179672772462,1.22281455790666,0.994435711867651
0.0193353332076821,-0.0272784867083137,0.0655889310917525,0.0311847150926866,0.00043056380688036,0.0316635647503857,0.975274252263175,0.906486372850961,1.25353385203362,0.9891349576701
0.00495013383911839,-0.00610994818696867,-0.105589287713146,-0.00536567366602044,-0.00969060116961069,-0.134677802929298,0.814990193490038,1.28348600375861,0.687953414740083,0.825187049251053
0.00046897207236052,-0.0022432035285387,0.0660244360831617,-0.00593278927041816,-0.0138381645797359,-0.0445273891711372,0.855323039216991,0.945912744896799,0.972361732609948,0.977753578006812
0.0205727590888565,-0.0266838976960612,-0.0665115823817687,-0.0134549621792954,0.008176372962107,-0.0124711426955145,0.895849323313646,1.04108967049756,1.31509434241804,0.981841003233188
-0.0154824299753926,0.0205336217528704,-0.0314744538018868,0.0184960948434757,-0.0206708535515771,-0.07287127473131,0.955498174477665,1.00089936197007,1.14746136434755,0.872896232854648
-0.0194354382915754,0.0250573405235786,0.0676203961498064,0.00988569107423969,-0.0186119276680785,-0.0417541320118525,0.996925632890776,1.16468802059459,0.95830099672869,0.944106766098567
0.00761932737303693,-0.00949917532568022,-0.133316201789986,-0.00073742209021371,-0.0005546286087764,0.012709767888957,0.953110151116242,1.03282440953954,0.774585377674071,0.903822689555066
-0.0026623705103182,0.00318809763978232,-0.0659917213845101,-0.0292373197171443,-0.0124523664882531,-0.0460486159129782,0.98368781918556,0.955794195691557,0.90145634635279,0.913343709781136
0.00876295914980971,-0.00932058757044146,-0.0324858457987297,-0.00866985356620497,-0.00160640152026349,0.0372185452427962,0.923677403743985,1.14372598345267,0.544787033272926,0.765468694602175
0.0137791853230533,-0.018836828527105,-0.12706978526912,0.0695420459860061,-0.0145720253840801,-0.0124543241686989,0.893884407227404,0.968206621681197,1.01035275824525,0.977638506154079
0.00791543421605405,-0.0093897670250698,-0.0171757275919082,-0.0388668374328795,-0.0265273885011691,-0.133167758677771,0.903617808096644,1.15862840228163,0.750207027941275,0.949611858088879
0.00061275229914627,-0.00020139066790366,-0.0107583505435088,-0.00962786791645733,-0.0114918933645479,-0.0634277633636922,0.969317563032084,1.04528912874486,1.22183832850258,0.9299284213141
-0.010929102998386,0.0142213538406312,0.0642663924448343,-0.0054509749302,-0.0201148406711965,-0.123928570916857,0.863950926606265,0.927513070619409,1.05252111798564,0.874556749253311
0.0222351977209476,-0.0270340605707215,-0.0841579374130944,0.0114807221142574,-0.0265940649351199,-0.0344499848067987,0.984769398932541,0.954320081162208,0.892535707476197,0.976293115014605
-0.0134035283079728,0.0209263174506531,-0.068517146040735,0.0373729977321902,-0.0278585473502015,-0.0826580943324887,0.932987802430357,0.884548339061549,0.677840778564728,0.984306692106626
-0.023272821270258,0.0292556551528063,0.131530758319901,0.0304088194094948,-0.00894135362598019,-0.0160690580835112,0.981412016368368,0.966771683954783,1.06807290424672,0.855702913855873
0.00626816558005908,-0.00688090888685958,-0.0630257406530397,-0.0389769113864771,0.00186609301962502,0.0468697608237037,0.958068591737861,0.942445458016227,0.798377845395978,0.881778723136183
-0.00308684843486215,0.00441181909844598,-0.0330868269089497,0.00547301600476832,-0.017281719858017,-0.00631000381156879,0.916505939298031,0.955971820440807,1.19661342371604,0.967372930987839
0.00099024532607405,-0.00057943037382705,-0.069823072536853,-0.0102311142995276,0.0305658730813845,-0.111736143618459,0.921431863381685,0.958956077517453,0.525980984370638,0.956106421183268
-0.00381048239274949,0.00703029325922946,0.0857926968873439,-0.026008930502876,0.00811241943605202,-0.0646721591953662,0.96063695206938,1.09373825539533,0.746041409136244,0.977929236461686
-0.00126956096529574,0.0057769428748783,-0.153749943055327,0.0194643583939869,-0.024263406305607,-0.160225223035661,0.861998094552109,0.918234651651825,0.924984753264077,0.935426314893333
0.0115929968159525,-0.0160347917118284,-0.0505395983256912,-0.0253061522348065,-0.0432411159454933,-0.0172986517212281,0.918107217836304,0.977713828721905,1.05245412449494,0.929714074659958
-0.00856480311712604,0.0114401378610032,0.068237291189977,0.00821652223062273,-0.0470815236062358,-0.0453633773938216,0.950997392506923,0.984641981435756,0.883758768382962,0.942743186820346
-0.00030182410731635,-0.0023936719385325,0.039045727607524,-0.0147911324168574,0.0081984321805486,-0.0176705997067444,0.872766879655507,0.93907575534862,0.957867420715666,0.906982088212643
-0.00011429950708742,5.28662231097073e-05,-0.0203978183164146,-0.00685614259619038,0.00786492640092042,-0.0291361069177795,0.92477745371152,0.9442843886486,0.964205987017274,0.943972651930855
0.00052579930234007,0.00062971901109595,-0.08249602349153,0.0059135772501306,0.0126470648500537,0.0705310530303128,0.961624523114097,0.960698688116339,0.845688266188804,0.82088505827344
0.00430037624545674,-0.00589147099140057,0.0217196698051147,0.0145177426361425,0.00545487790972933,0.00602707406071264,0.932456259565691,1.05076057738703,1.04309527025971,0.993060562382645
-0.0115566933387164,0.0172308516379753,0.0705415592606783,-0.01242556575525,0.00381456538950496,0.0168549293197925,0.997770611572414,1.02798937874345,0.730942242710351,0.947805514000405
0.00567526144812899,-0.00659567717189941,0.034649987568568,0.02202657497423,-0.0379911351448859,-0.00049515496338666,0.940863223031146,0.904711147561077,0.837621260072621,0.899087140781072
-0.00455534961607289,0.00844779998881948,0.0754878231766136,0.0301928632191345,-0.0287944793829258,0.075929092772699,0.983237628369862,0.985679838837038,0.955137764745589,0.958565443547963
-0.0218811690901318,0.0248091860224409,-0.0129588143625077,0.0345963215966705,0.0314932942369075,0.0201016993333724,0.984173093628911,1.04028952050467,1.40541971799214,0.957705118604567
0.00339381478121854,-0.00310793755087143,0.0204624706967691,-0.0399564938415884,0.00050263718924308,-0.0924255873372915,0.945978208905199,0.924935529770193,0.744134273404012,0.899341928937978
0.00799885978027545,-0.00866719049486597,0.00764977032606173,0.00994279221083362,-0.0064858424410584,-0.00774452336488243,0.910973486715572,1.06805206090389,0.918193138209144,0.987091326152225
-0.00216695988775334,0.00192379892981804,0.032916593436369,-0.0237124429863968,-0.00252375734806155,0.00280276908676911,0.998337971417827,0.897619997317358,0.909239884394709,0.977201254658137
-8.77566664211245e-05,-0.00339434840298287,-0.00776203057347247,0.0217309712452398,0.00401112781283707,0.022340217565295,0.9610231702027,1.02061559574832,0.856989808547612,0.996386187331765
0.0197786511319209,-0.0259027901591731,-0.0374165812171405,0.00028260255995208,-0.0354721097453128,-0.0874451625098564,0.917940892494562,1.05169557769452,0.756942116154887,0.976976126276022
-0.00832537130890105,0.0131803396075958,-0.0957978538855102,-0.0141060604002101,0.0229922534715939,0.04907864942545,0.954079623223784,0.91149900118526,0.94014415461994,0.938093048126774
0.00600021688329807,-0.00886118953430505,-0.0763041759331045,0.0150709644839814,0.023367276886916,0.0539659259673618,0.984478095541207,1.04874235651978,1.08126292758476,0.882845060476155
-0.0103398730924993,0.0124615825559583,-0.116192630722849,0.022911787565558,0.010610463240316,0.0142811842926765,0.984016139431672,1.00037881446046,1.01295681143132,0.96892911979617
0.00567828663883429,-0.00672280747583875,0.0151758271062544,0.0291137999862628,0.00749193274514643,0.0577532870299669,0.989314593602582,1.08260978477199,0.935235850799573,0.98835044052455
-0.00870243013805883,0.0112500906052153,-0.0144066993576098,0.0219924644457452,0.0213374608901432,0.113203718695961,0.991136005427455,0.949357439524703,1.36500867529965,0.989802845766175
-0.0120647215754553,0.0132553303601099,0.100546385964399,0.0124291472709513,0.00836828379243113,0.109043642644401,0.985918809661859,0.955899690131373,1.2011812703151,0.991003768072815
0.00131507407674554,-0.00160330427665392,-0.0665564896576002,0.00794602578136168,0.0426680679283591,0.0385813716576533,0.983694889954664,0.956729461955906,1.01073496939578,0.92915557210888
-0.00080474920212143,0.00094110264850432,0.26366263815727,-0.036809363763795,0.00926549697479592,0.0624644670304807,0.984819510807786,0.874422622230056,1.41338929238576,0.996813128271867
-0.00342378885383432,0.00632218561314637,-0.0209427725401424,-0.0137619580047529,-0.0261311575089144,0.0253240109612155,0.996120965728193,0.946374150945799,0.99312469246121,0.923756315419151
0.00414728877993534,-0.00358711630215944,0.0101070468172899,-0.0078271283298488,0.0119685370446989,-0.0695574778708981,0.977649879122199,0.950060337404616,0.79963484491916,0.934551928742667
0.0037803337370245,-0.00559501600456546,0.0151613932849554,0.00528001346414474,0.00916668141397583,0.0342739441873537,0.951047154137255,1.01834248944932,0.738968701906099,0.868880167088673
0.00484789530764994,-0.00704428001032231,0.060200347948526,0.0187729353204427,-0.00015788128911502,-0.110882175040813,0.914085698486492,0.9934417019501,1.42057824939166,0.996448817783663
-0.00434723430715275,0.00257683681327729,0.107833983559098,0.019794162683702,0.0144685686086739,-0.0186001470637416,0.956584127040928,0.931195711165784,1.2350195525565,0.981520746253582
-0.00717420756114009,0.0116334129800511,0.0713761252466388,0.0185554677850836,0.00671958475807014,0.0769010343554889,0.957180923789582,0.904552989714746,0.93396177443078,0.986652803052674
-0.000670000870628,-0.00102290504043135,-0.0304390939695636,0.030095155906027,0.00512543792217687,0.0350790327060492,0.990402636237518,0.986832563763245,1.09190435594825,0.978563900811025
0.00790583034244382,-0.0111774382268212,0.00030263388566348,0.0226099911260872,0.00392580931745273,0.037655109668163,0.971297491684914,1.08796497561722,0.862957353221682,0.957613976752284
-0.00880896008923117,0.00986533705686099,-0.0351329219489073,0.00394420881877043,0.00233609280828559,-0.0264239251122759,0.964072155358593,1.06089815459182,0.978790170026945,0.852008852911088
-0.0130631050360949,0.0179069330056988,0.0741281491337812,0.00139196390342665,-0.0261211516960164,0.00160597642528828,0.969020872452479,0.994237259965532,0.841580737054019,0.972030811914843
-0.00310733953734994,0.00449176481562224,-0.0047278518653332,-0.00941560378038872,0.010721791018951,-0.0292190392952625,0.961301574989229,0.932220177487013,1.37602552084402,0.980956195425845
0.0028058431826268,-0.00457225826406086,0.0438691018390128,-0.00833637103574883,-0.00974889493810829,0.0451256994054683,0.958866544773502,1.05828294193031,1.25881746884136,0.89794137559262
-0.0120549082233343,0.0141090630748366,-0.109760458962684,-0.00114077814968614,0.00703631961153382,-0.0720299162100989,0.901000362037512,1.02692608381753,0.765872124094068,0.974775045185657
-0.0104160241066272,0.0115741498221723,-0.0340500032110065,0.0296374608014791,0.00607663071349517,0.0655967022135817,0.976461517735649,1.0116957563523,1.09419490313602,0.97698625678965
0.00316007487049448,-0.00284233087103637,-0.0314467725232461,0.0149556302290398,-0.023955624533179,-0.0179366776612562,0.989721839651595,0.946651990880385,1.00620764336272,0.891721042567581
0.0187787539021332,-0.0215830029131705,0.0789567078298795,0.0186513345502239,-0.0303990622960869,0.0785515964975554,0.994266326565666,1.00594537148372,1.23987421050387,0.98676307236379
0.00269465004135817,-0.00331936753574698,0.0490662473459363,-0.0212344188128464,-0.0120704355316444,0.00454082517607307,0.969287059754598,0.945646545350501,1.02876392908933,0.894273566116751
0.00758194299518102,-0.00777990204062798,-0.0170809926287914,0.0559003220814623,0.0120744917126418,-0.00891429920473752,0.98097784272185,0.921818651476872,1.14614764003363,0.997186283335434
-0.00298227469763974,0.00470270283301366,-0.0716995105659359,0.00743092331050519,-0.0133267900349392,0.0394002601967282,0.951676312679153,0.976838693671552,0.661805931476474,0.748661502668478
0.00081160762369237,-0.00254922178421819,-0.0805564768632469,-0.00233618552828346,-0.0403242779042485,0.00360681273317713,0.88038749387412,0.832042468589615,0.67892668068696,0.92111858726894
0.00027565210141349,0.00291400247487183,-0.0379077756503344,0.00052674171127379,0.0146034414897342,0.0407332073568252,0.959135196865654,0.964409728013283,1.09415357278425,0.997301200670879
-0.00082118219519366,2.83574603332165e-05,0.0721620759894075,0.0121734284532539,-0.0423363434683472,-0.0593657054015035,0.905799565316865,0.982372580192432,0.662847378966688,0.929622267623715
-0.0115453368933212,0.0123511309352542,0.0538051468147444,-0.0273194548429056,-0.0213730693984058,-0.040700200147236,0.947991597219301,1.06831860561414,0.853388736036922,0.954290807509316
-0.0238773420278681,0.0306447568271998,0.0713202222004675,-0.0160009930059403,0.0138196618739444,-0.00512375431417618,0.952268905399876,1.01086455812359,0.962486824814888,0.9985924926731
-0.00209845949789931,0.0027921190125942,-0.0932222554614871,0.0225619296135005,0.00643778175316019,0.048657523956601,0.962908340816316,1.0446956013025,1.04432106379358,0.926690121526622
-0.00792607017782772,0.0073719989186082,-0.0734881256099219,-0.0305972274809934,-0.0186381603179645,-0.0932636755366208,0.94897701182535,0.90876737094267,1.02737148383914,0.838782439245932
-0.0145225467042013,0.0172968332015177,0.0770378282366529,0.0300708370345099,0.0102111030193812,0.00947956360085918,0.939049532692496,0.983542541290206,1.31164398808438,0.979384199457142
-0.00358533640407147,0.00080581218764762,-0.0571356483829177,0.00423999465939801,0.0028970429151992,-0.0270486947687998,0.977741618588286,1.0252254697332,1.15545554124372,0.889928289755679
0.00936293967276733,-0.00994545958254905,-0.0316853089944049,0.0192104641826353,-0.0139579418085801,-0.0109818877732244,0.916750955351082,1.11849066578581,0.865838392659687,0.981604745681195
-0.00570521221472521,0.00394801982103229,-0.0255092525946176,0.0123042748666644,-0.00623046314099829,0.0116850186862056,0.999136492555876,0.948097817823633,1.33444311242395,0.867838119964939
-0.0119910320854863,0.0143585351191765,0.0772624863138201,0.0169823970033118,-0.0378341916314257,0.0144710984966966,0.956750350717203,0.994035208104723,0.957224074865541,0.997260369877016
-0.00801646836344863,0.00941012745020721,0.00649307406986521,0.0398068023489261,-0.00978563729987183,-0.00473930438783073,0.972103791682035,1.00500456713773,1.10457915165647,0.927815431798246
-0.0144743506197312,0.0195968818662907,0.0295196574144539,-0.00561050383393622,0.0114641614526521,-0.00895323442957901,0.922687018696851,0.992854146330747,1.10265218550664,0.952783456269265
0.00687816102276519,-0.00895260757518015,0.0982265721301869,0.0204289113811236,0.00650807201667999,0.0705298832002641,0.992488768700369,0.968941797687976,1.25493283740217,0.99154410063284
-0.0136164697248699,0.015326787326417,-0.014348060675983,0.00465848663638765,-0.00786642588704275,-0.0444285952745559,0.967270461716667,1.03339600365168,0.945651487532485,0.988143381349985
0.0144925641445508,-0.0180998307603951,-0.00647071762921814,0.0103665076913037,0.00984903967709567,-0.00684048741028159,0.952514752670471,0.948271807155701,0.805966512928216,0.971753346547097
-0.0110139155964937,0.0143394020418527,0.0105641422434672,0.016919698988721,-0.0316146384282615,0.0881576079493497,0.958585873514028,1.0763761381013,0.812626914438232,0.957720738433439
-0.00499742011640455,0.00467802266607178,0.0122299587474447,-0.0184169490369916,-0.00260746350999868,-0.0134622484520605,0.928615724780112,1.00715220720967,1.10312043606843,0.952567237679381
-0.00740493720655027,0.0075330833668275,-0.0563450695185689,0.01668591644109,-0.00116552375264939,0.0148786232148636,0.97399966215961,1.04683815794655,1.1293172417816,0.940945092417246
-0.0154473259153754,0.0208274128037259,-0.047115075011144,0.00277156196487288,0.0237893950579329,0.0772323128752417,0.991291329655616,0.929376609246538,1.48964643354305,0.978007468036579
-0.00587808842668533,0.0080722356632582,0.0599395549590089,-0.00581498723828708,0.00292382276080036,0.0835679213641517,0.938516614289779,1.14370481615584,1.26702664265314,0.970837032958855
-0.00957564808936788,0.0118028752669644,0.186960241563564,-0.0118093310705772,-0.0106129546327805,0.065889121115205,0.97503889371573,0.962249449908911,1.18466695577732,0.953695618820909
-0.00453419173126491,0.00853314357551588,0.0627454019333947,-0.00060939088674149,-0.00805741041444684,-0.0318316578037046,0.987615022401171,1.10349865472299,0.942493649800712,0.905248195704809
0.00613524642820316,-0.00561393097257221,-0.0298186385350139,-0.0120277269636117,0.0142614676083856,-0.0350260791779659,0.97016171670071,0.963099647937688,1.23446068451508,0.934853734889267
0.00919225913165695,-0.012916798693902,-0.0747610064582586,-0.013177751001381,-0.01399200752477,-0.0717765658465951,0.875127563684011,0.880569406164298,1.0359985915784,0.900025920756104
-0.00639677406367767,0.00845871628943171,-0.0326914214068659,-0.0208875020144439,-0.031031460887469,-0.100511370189579,0.736138034901776,1.12895896159763,1.00976753181783,0.943924060147055
0.00627347570559232,-0.0112609190014633,-0.0289655841734973,-0.0170369374661415,0.0154320471093902,-0.0120741852402487,0.778545236311062,0.899605695784397,0.990410170341694,0.945104513708488
0.00303555446545901,-0.00406853368785327,0.0636574106710219,0.00887875194176741,-0.0111769135781349,0.00325928620168146,0.963646429625341,1.05005748311462,0.921944805492072,0.919837601168081
-0.0151020770889736,0.0213989425560788,-0.058968653365156,0.0103396503372449,-0.00758842156711352,-0.00473189710146271,0.969520655642844,1.05662467171586,0.767737840913634,0.981580472065863
-0.00612086772545851,0.00630151221474253,0.0548293356072941,0.0292743369521243,-0.0126729257701896,0.110885402435936,0.963165110231006,0.949636924711084,1.19676928359541,0.998618576834444
-0.0149516157237389,0.0167370153216248,-0.0976271756928875,-0.0132861647893219,0.00508710044260397,-0.0249547095617159,0.903953333975513,0.979282612616508,1.10844014251975,0.874081982297809
0.0207617821136137,-0.0258618740594245,-0.0168508305169287,0.0141858594964208,0.00193814982215377,0.0841335074400333,0.990409823045284,1.01660639061211,1.05904819988308,0.950690909451854
0.0102606854163238,-0.0132166302856258,0.163661881966399,-0.015164536969791,-0.0229052977803274,-0.0233922115867258,0.930813954641976,0.9651845309457,1.14910648136212,0.965129807404451
-0.00023322599480798,0.00070244665885562,0.00344032458113114,0.0105770856658418,-0.00569957703434347,0.024600206450531,0.995217499629338,1.00413082513636,1.1936218784706,0.93943431167338
-0.00685882872805824,0.00687780036073982,0.234100782901311,-0.00861260947009515,0.0273417457556245,0.0293785023672441,0.987094090242843,1.0948738062103,1.4774804520663,0.979183131522972
-0.00228172138227445,0.00359642217041482,0.131133316056868,0.0241990643012567,0.00160606618239744,0.008052050783318,0.94679917656796,0.954751687839355,1.01829995392278,0.982908719065734
0.00688490366795357,-0.0113631282357418,-0.00655872454006251,0.0107226954997413,-0.0171127869321823,-0.0287739458700417,0.939858263306695,0.896977082758086,0.892455882433371,0.994290314245432
-0.00424505365066498,0.00498396156125435,0.0502240651969042,0.0341413641495465,-0.0158465372600255,0.0804654787233664,0.98981266882145,1.14993216248655,1.14261604328813,0.950387872054831
-0.00191290252899969,0.00318504386294355,-0.0377647956867774,0.0168541846867418,-0.00010468573611432,0.01284721837349,0.969737266324673,1.00345187039468,0.928456538583884,0.917664960925887
0.0156085466129848,-0.0198954486168425,0.00549630789064703,-0.00245951393270249,-0.0152551310091898,0.00910845129682572,0.965019427717132,1.02274095998337,0.800361969478213,0.9789847046496
0.00443719324419948,-0.00847174647051842,0.109697502240286,-0.00526917814891712,0.0326651615406198,0.0434995362977465,0.98968832430085,0.982826129411958,1.3228434483567,0.97211372059253
0.00473684414401103,-0.00841425607878082,0.15018872221949,0.0189809869656436,0.00654162157381368,0.0381795477732495,0.971597687833831,0.99234028260745,1.00220386966589,0.995996909103359
-0.00208026327101869,-0.00266004137554869,0.0323787474160344,-0.0448927472519842,-0.037301842897427,-0.204165115434071,0.825473920591714,1.00133376418052,0.86859335760102,0.804780678568516
0.0165786380030991,-0.022246306366689,0.0625182169441407,0.0161851136953586,0.0177731384633436,0.0262541272389193,0.980608668980447,1.00067246612925,1.15158749837766,0.940435711882986
0.00805526965342383,-0.00691042294147259,-0.117833209457377,0.0116057753400465,0.00864912257511532,0.0422419543267319,0.919746480635479,0.948550652639983,1.29513268029506,0.979147025283497
-0.0124220050677571,0.0163893176162482,-0.012900509261976,0.00495468624177776,0.00721232016209416,0.0298425976343689,0.975063990849187,1.03501455883859,1.44636655562315,0.914772742587982
-0.0125333246917523,0.016380757584711,-0.0504191043576878,0.0103134251480577,0.00662950971386561,-0.014920677664,0.992666547369878,1.03577545611337,1.24494022108641,0.94259380584741
0.0128659690305878,-0.0178438707007172,0.0122730904473095,-0.0110840875488852,0.0115278003647909,-0.0534676583637219,0.988291685472461,1.01997198416155,0.828884801084833,0.953693030239952
0.00799040559953238,-0.00820294916779933,-0.063413659158409,-0.0122632164278124,0.0216569457233214,0.0306655681280953,0.98385510243924,0.961582197055844,0.99443827288192,0.991748993179137
0.00230637784322906,0.0004270448632104,0.065917955517231,-0.0223035880977546,-0.0323844759141649,-0.054257027314155,0.940869586778001,0.977928068741256,0.572200015619707,0.732252518618398
-0.00965498668077703,0.00885957974875173,0.11042213567515,0.0130037251668501,0.00116467662248563,0.0995300269262733,0.987022471718179,0.92596179968212,0.906140010241985,0.986905218066345
-9.90945829333007e-05,-0.00277222978658964,0.0747492212369393,0.0088014439843695,0.00743914388112455,0.0205591420973655,0.993108130022628,0.961506166234389,0.861213129705013,0.989704175460131
0.00862436698026637,-0.00955752932012656,-0.0872797985792475,0.00286904702337838,0.00020987374919066,0.055605974756478,0.974531259600889,1.01132316800085,1.29141074952742,0.980350560540316
0.0126470071832964,-0.0100099363082213,-0.0769215633104465,-0.00377489377446301,-0.0200535383222545,-0.0764969599594919,0.871680840492514,1.02799062160911,0.680919704481438,0.901576053397354
-0.00335978593310687,0.00265073311803601,-0.0532137819533674,0.0173765018644882,-0.0288502652440672,-0.0404119839313853,0.899648690926343,0.871444164299575,1.01905330704219,0.930964915447998
-0.0231139229515623,0.0306429904397583,0.0134197352497724,0.0208275901130973,0.0530853222333314,0.101277279270749,0.993721283549971,1.03144766684273,1.29868162625411,0.993538422663907
-0.0130174526367452,0.0151195287024841,0.0793952210222298,0.00483401864635954,0.0219346727345402,-0.00369244058795778,0.963503919783575,1.12784932600245,1.33944390238766,0.94870075519866
-0.00057866284312724,0.00193179183002587,-0.0329883739720355,-0.01020945307306,0.00915093483046511,0.061514624870026,0.985381606696283,1.1165770777072,1.40794523539549,0.98654775319414
0.00044417977236749,-0.00074979212986529,-0.0842640570549993,-0.00071363554623664,-0.001669905422195,-0.00464944385326597,0.863385550731967,1.00326159815552,0.834174005797494,0.899802340420885
-0.00225881890427291,0.00234668567002825,-0.0658231890773242,0.00142045873915147,-0.0244897661158026,0.0339560251805609,0.972996494853895,1.02078155635921,0.958341491175791,0.930987964094887
-0.00151676422553767,0.00167355240945844,0.175563992973814,-0.0438465743045147,0.0113163433147906,0.0724187235808934,0.975505050671924,0.865845690708559,1.27222416320408,0.963233989483809
0.00885708554077715,-0.0106564494633656,0.0377065906372595,-0.038973379625319,-0.0113945006404521,-0.0425706061793576,0.918262017355794,0.937980560246026,0.888425049471974,0.827545198667188
0.00245297102427031,-0.00495038280189101,0.0215973028917404,-0.0196166599047204,0.0108545220537324,-0.0394169880617929,0.936986462857425,1.00247045302733,0.971519655183621,0.926560502814321
-0.0031370545047499,0.00591833887424343,-0.0306428633868878,0.0860551900153048,-0.0253968047658669,0.141355866988853,0.99578146919104,0.928264248243816,0.93199581436057,0.986874364093496
-0.0199227759892571,0.0271410032233338,-0.0118863717394707,0.00240882779743595,-7.02226031392435e-06,0.0377624133579254,0.963157544493261,0.917300803669271,0.979483323442853,0.972885763715378
0.00366032620125931,-0.005320964038541,-0.0352912868683287,0.0127882557650099,-0.00833899155595754,-0.0154873622342689,0.930599895494499,0.944747093148672,1.11596176600197,0.914348394041855
0.00617186414049329,-0.00414511616916346,-0.0742824665026722,-0.0218735758950344,-0.00489683656494488,-0.0613428568065286,0.975975922962263,1.11151680602865,1.02513814055353,0.915890157309527
0.0120515948550155,-0.0168297326231861,-0.00754113987356037,-0.0224747816937684,0.00583485044701726,0.00960117369961558,0.975387958744091,1.07402416704844,0.687553589992649,0.95399148149053
-0.0091947184188994,0.0139599329953935,-0.0192153658329218,0.00825865771992263,0.00943315466224329,-0.135775052450543,0.912739079961477,1.03972699586515,1.18928920684058,0.963834822630405
0.00069858987252138,0.00115601456567743,0.11012180883652,-0.0318673111475686,0.0233948940509669,0.0728458160496372,0.909726468992872,1.00530428771021,0.887000621880027,0.959064651774164
0.00222863155654717,-0.00187852467298595,0.0631334265352554,0.0125893272501883,0.0232586687168629,0.0128819709405195,0.986373561383949,0.935048575904378,1.09535174148434,0.987113214913859
-0.0192521422267287,0.025117730899027,-0.0457658697802561,-0.00516897340442374,0.00059620151040506,-0.0310744943154183,0.941260090858194,1.01979953207043,1.10792925997764,0.933595971015544
-0.00286155033049468,0.00377915339428327,-0.082071409738444,-0.0229230084418793,-0.0153743357514742,-0.0914862850685928,0.904018061580307,0.918819843953512,0.934460317404666,0.823710965398251
0.00170981736493588,-0.00255640988842308,-0.092408064333404,-0.024398973698847,0.0255167165110564,0.0286527452941448,0.967346034592645,1.10084049645274,0.989375115575637,0.992067760628769
-0.0118919435198625,0.0131145146831289,0.0624222567489239,0.00600422166922243,0.00898862674935367,0.13689727204924,0.999894293418433,1.03309553670781,1.14051119964632,0.983948678272012
0.00254457745936975,-0.00436076025555254,-0.0703714314373129,-0.0322198357404993,0.00148726666268866,-0.174001047851064,0.85773648832675,0.994818958536155,0.68137168328354,0.848515689017201
-0.0189215205123389,0.0221869428150945,-0.0237658205326935,0.011352733275906,0.00317047199723329,0.00927583526493076,0.959986522850369,1.01611030369851,1.02507171791195,0.975736914456584
0.0160282775118193,-0.0188633033127545,0.0715900690161838,-0.00554074786440562,0.00289739893314245,-0.0129546072506464,0.946219404187377,0.990008279413415,1.01471821826542,0.940563734423726
0.00798938028387521,-0.0100901925865846,0.0192209572604845,0.0103090218813383,-0.0107311576626136,-0.053667762129189,0.983031268758584,0.929686830161921,0.908171725098205,0.931207364216244
-0.0199202466031318,0.0254554919919659,-0.00466218155176418,0.0139520720767832,0.0103568678634526,-0.0801107493721123,0.948696144186048,0.946524316501556,0.954477384649791,0.900662662965139
0.00569525151512377,-0.00571445875814964,0.0118804590614219,0.032030672696762,0.0563989706178955,0.0574545665400312,0.989383587322594,1.05695428282371,1.56064727147121,0.971761793198515
0.00668840313016158,-0.00752881665656359,-0.0242482238119172,-0.0029482874131083,-0.013867166216747,0.0315690899529221,0.914669749049888,0.952020690838356,1.00820506044398,0.938340179896715
-0.00331880845308374,0.00274200347219923,0.0881488268443002,-0.0177733980593734,0.025533346926955,0.0992253821088044,0.998353599993392,0.94510281375764,1.05651237953327,0.993465597813774
-0.00241555662736336,0.00115051113779494,0.0464448313875458,-0.00011755586793005,0.00871962152422099,-0.0104519576111112,0.942046655740331,1.00323433339986,1.25293933191822,0.962785880193076
0.00313466195274984,0.00030939174021274,0.0156422802342158,0.0020225243941304,0.00746901052621466,0.0761622505438679,0.979900930294204,1.03965792379038,1.1577180811606,0.969346001107982
-0.00800754248826356,0.0093906006611686,0.164613763023796,-0.0349421580079299,-0.0210239465460233,0.00555336479538269,0.962996406316044,0.950847190372798,0.9691631175097,0.963363576418837
0.00337925979040173,-0.00180812538294182,-0.00372484405499479,-0.00501553697165161,0.00795902854758239,0.110642607328716,0.998147338315391,0.892474828712063,0.906849709911333,0.918001549918338
0.0009952684761691,-0.00086841624776766,-0.064138328484841,0.0229432626695076,0.019176071710183,-0.016217078633475,0.890580639886709,0.885582884072413,1.12849961141375,0.923455571183811
-0.0143022480820128,0.0213280693948249,-0.0702578294725389,-0.0077085442703056,0.00659955224147861,0.0618557164620126,0.973233299962825,1.00247052332682,1.39935310683681,0.929295774501683
0.00727350364671706,-0.0103679103590946,-0.0366155129930689,-0.00998246680547938,-0.0135499279324409,-0.0245422654685179,0.943998959712871,1.03876575280133,0.933621818754562,0.922112446752492
-0.0117052839791478,0.0172640477910226,-0.125935863095895,0.00112735867436106,-0.038934684061371,-0.0913061842848853,0.903188399889304,0.961579025089568,0.647614879984711,0.869771644632469
-0.00740089579014187,0.00810347950339221,0.131883427314461,0.0144920853185802,-0.00121289511024079,0.0135871480943633,0.994482772409554,0.974117131900047,0.708061470682966,0.939141315583805
0.0069053549449517,-0.0097093230361703,-0.0477859436033183,0.0106932714913764,-0.00718059158369539,-0.0625684049097617,0.962455956590528,1.01381630194353,0.757930117687565,0.971019476526066
-0.0145414206843039,0.0180077239365096,-0.0471751765929552,0.0443601041997351,-0.00619831696164391,0.0337208509651915,0.957068877973928,1.00189679051378,0.978483646771773,0.991909051946473
-0.00357092047967656,0.00397853007060514,-0.0685440980574566,-0.0271766355843315,0.0125697676803001,0.0530408882099178,0.975142744765834,0.994342715650138,0.838739907415528,0.946023275873112
-0.0152843618323371,0.0196863863527246,-0.112515795206167,-0.00139187503754552,0.0289546917216089,-0.0215027673442836,0.920773646367545,0.939983786847961,1.11898564164684,0.961574440303719
-0.0158692459789518,0.0195361069262067,0.0753142780967989,0.013663495028939,-0.0160645043368047,0.0439883166558981,0.975394388035978,0.961682677959126,1.50123103085322,0.985371344430705
-0.00334056283427837,0.00399869596276877,0.121198049243289,-0.0119198414294225,0.0270683462985699,0.0929033387697912,0.973198409154922,0.938430955865205,1.38348698951681,0.999821104739475
-0.00376651707786874,0.00434219199289785,0.080034286096244,0.0259843738829731,0.0231897516486155,0.0613821554082243,0.991602470921196,0.960801827028417,1.25437607102464,0.995752732845185
-0.00010451323381057,-0.00076664137990789,-0.0535683745827035,0.00758126370340745,-0.00224991606793611,-0.0703433353967026,0.900227916054587,1.05748562781116,0.760935968675422,0.889420810834348
0.00979770833499165,-0.0105859935467526,-0.0518628117120613,0.0230771100379477,-0.0215633377717854,-0.068697026195681,0.920243456681154,1.00099343409908,1.17019570703117,0.833886455169326
-0.00276477370565648,0.0048874987184498,0.0132578648146814,0.0143654417261133,-0.0257646758736028,-0.00558801161373143,0.963225445091254,1.03797597538033,0.930899920244129,0.867829502885246
-0.00791268930919017,0.00949482898342707,-0.025999792132729,-0.0122023515731698,-0.0270902845679856,-0.00603814608699329,0.929443939803701,0.961285024106733,0.830521506949557,0.918666520662176
0.00405155484855976,-0.00217490306879652,-0.078495534750221,0.0115340020633771,-0.00465632056658294,0.0326535570234253,0.996376409261743,1.09741515085417,0.713278494081963,0.979399550037078
-0.00862237325826382,0.0123001303896423,-0.0829488484700592,0.0160186638343297,-0.0192510609156536,-0.0362947354896534,0.957781695313548,1.08475671104299,0.744285959077006,0.981220905109786
0.00585586141125719,-0.00496482934094345,-0.00863112498749335,-0.00534038668824222,-0.00251862944425825,-0.0392426579091494,0.904264938288481,0.895396444236408,0.756943008299426,0.862663409447184
-0.00649158095601762,0.00976075321113232,0.0251741683835193,-0.0240277602595815,-0.00693931632952934,-0.0364651016885649,0.883208455210568,0.944770294972386,1.22991242455887,0.929155206720897
0.00035164402726651,-0.00046099354860462,-0.0374167825483425,-0.0024705550027991,-0.019825052192444,-0.0133443216991977,0.859640348921781,1.01169004663478,1.02436272485381,0.94375937520711
0.00018187619970652,0.00094427378585046,0.032632430334313,0.0248490282537818,-0.00204942934426768,-0.0202494662052849,0.977184347567053,0.909320042189804,1.09692758533582,0.946611203881765
-0.0223149721577191,0.0306374490555706,0.0228584185283318,0.0396567702388231,-0.0279423962041199,0.112511443856307,0.985230523249302,1.08549264017199,1.28316598471625,0.955506683857761
0.00826908095232766,-0.0137195767733901,-0.0584425161823778,0.00215447027387941,0.00203917476251469,0.0381282092105585,0.965866260684487,0.950250527831016,1.01398982229184,0.969759516989131
0.00231877243151319,-0.00171023169880916,-0.0241143853672762,0.00123638731123449,0.0411587803786946,-0.0271933354058875,0.963192340306645,1.01999273166403,1.41884046555444,0.95043786076169
0.00718185633064601,-0.00898549958591029,0.135140227954348,0.0105226840158381,-0.00450762900407453,-0.0077246627313429,0.995763941613638,1.00709920877049,0.994993041428091,0.959764646898401
-0.0165408696128399,0.0207302660527794,-0.0152732044982727,-0.00221291981915068,0.016483990855249,-0.0286111596922784,0.944726974443631,0.998388648058638,1.23389984764726,0.998672760275524
-0.0193417445046601,0.0240767660465795,0.0211884134595278,-0.0117696834374371,-0.00316597932488511,0.0210522917220869,0.947630647460351,1.02603420316978,1.11555406692359,0.999965167396276
-0.00466599731104816,0.00520639882088563,-0.0574756287079712,-0.00967135681714405,0.0180525010791639,-0.00917251478057098,0.986301314324155,0.915773581050915,0.889159825708867,0.993328115750958
-0.00852659792339213,0.00964573513398557,0.107189824913756,0.0192637590667605,0.00870069845933088,0.0220900331867616,0.994133957109052,1.05398409534803,1.06487878177221,0.9798919736327
0.0129075961477959,-0.0151064423105721,-0.00978289458116333,-0.0369467485090135,0.00813937388448705,-0.0142612839453127,0.903968091084303,0.946187316774894,0.810258268033446,0.938726947245733
0.00684083781674239,-0.00954579366931139,0.0125077351419362,0.0106905098485371,-0.0257548236882065,-0.0404606549498506,0.939901010261743,0.884167980655269,0.940360729099071,0.958298413731021
-0.00219171679748093,0.00601888567337449,-0.0384557745925977,-0.0249360767688124,0.0165515684190804,-0.0838847156518837,0.919075227067921,1.1115021876844,0.978670623242924,0.960752129242297
-0.0121562160581773,0.0183534107292698,-0.132305955518177,0.00675417101836074,-0.0269844863022026,-0.0884344932005695,0.939888754730276,1.03627286128425,0.722291154330745,0.904229844743126
0.00443908217653555,-0.00550872049185974,-0.0504607556549594,-0.00178128366328428,0.0357731792331004,-0.0690593723097733,0.941896188326302,1.17271859456005,1.04351745980055,0.946941871541227
-0.00817472271469084,0.0138691062197492,-0.0163160927848102,0.018523642673867,0.00196366888913338,0.0570211679317004,0.962321315762706,0.902935114781703,0.910137520674375,0.981076405338045
-0.0159893538581318,0.0215431584740611,0.0563982194108174,-0.00217254073552922,-0.0376878905040254,0.00204446182396933,0.927368925037787,0.97006190963889,0.835479609292093,0.961955076217368
-0.0147434198728629,0.0204337815593791,-0.01183068467207,-0.03520663576162,0.0425325538888676,-0.0835617843176688,0.91924140698891,0.926793223313436,0.934805670283481,0.903873667364493
0.0157909312077972,-0.01939309144315,-0.0763438485700334,-0.0164396815536167,-0.00173912013570874,-0.0463440726129928,0.987985283560178,0.951657325043351,0.761473331147612,0.989092206948611
-0.0021901979247787,0.00207951732691557,0.0355783671593349,0.0112448992913518,-0.0145001247386055,-0.0329713611319555,0.968718368853968,1.01508717660553,0.888593385503498,0.964476371939244
-0.00320723811886294,0.00300098010977601,0.0585096300723141,-0.00511156119739939,0.00015841322714224,0.00983650882475382,0.979796414703473,1.10971130123992,0.828943437641344,0.964603110461953
-0.0221340202909965,0.0273770330471495,-0.00916253310021747,-0.0303495235004425,0.0116987404031255,-0.0281305386420064,0.867376330901707,1.1056687086066,0.921632149145525,0.923805262161342
-0.00924688782142563,0.0103567474945034,0.0820564045042585,0.0210445158900559,0.0305222058892928,0.105318166648414,0.988673169005522,1.00961402442592,1.01360452573966,0.997289126524112
-0.0145362326234024,0.013917703529266,0.0447594229345613,0.0334958210506317,-0.0312242523319929,0.0139274746554135,0.978308418836818,1.01010127997412,0.874937586554708,0.971983007732054
0.00609482664792517,-0.00672395587826452,0.0297075380400005,-0.00722651533451666,0.0107911016802271,-0.0250109744501404,0.886293809868651,0.944667824254848,0.929068865381594,0.934592756069054
-0.0116363709872601,0.0136220347707007,0.047690678892273,-0.00822650814240758,-0.00572719454833177,0.0261057941845255,0.991741205139174,0.930775342579027,1.30230170669551,0.949781859387794
-0.015661422766576,0.0169757824404871,-0.0184733699576068,7.18204217651968e-05,-0.0154222977658728,0.0836791473439948,0.999010505272212,1.01748865384421,0.773605456734404,0.957882691144248
0.0023551963794124,-0.00274858980172582,0.00943913632244459,0.00345522317109978,0.00053545179143498,0.0518972249891118,0.978503935331355,0.980907718574914,1.05166751917314,0.908829415579103
0.00059255190821032,-0.0046330711968789,0.00406212097205455,0.0157745793407033,-0.0208911071973544,0.0176257516522569,0.965960713820671,0.886952854796913,0.90400169741899,0.995483388328288
0.00890838290051076,-0.0118480941573398,-0.114200920170907,-0.0272732206044719,0.0123186035261208,-0.00868175983199239,0.930723380345576,1.08769358229909,0.844331141967861,0.845516634907891
0.0113677908035175,-0.0130594889315415,0.114220918664423,-0.0067315018626965,-0.00441705174923727,-0.00274938080092142,0.968664115094364,1.04743753094208,1.04413053734347,0.958396005457748
0.00163636053008553,-0.00020079828192241,0.144682575307541,0.0371015415939425,0.0116951322996552,0.0151452167895221,0.993868819026366,0.943135941945483,1.19886823448711,0.977801878964199
-0.00108478630663212,0.00379241329806699,0.0339315273693954,0.0396302020803441,0.0302384026065402,0.0938188614242842,0.998319726845572,0.95039970206074,1.25012591542474,0.988378916023804
0.0177234494841518,-0.0205999706116024,0.0137875386090051,0.023201944945451,0.00925124860995559,0.037337754994123,0.973687491181379,1.10598860488277,1.06394042749011,0.999860188776058
0.00641555750262373,-0.0115562059565822,-0.12125555563247,-0.00478679470534733,0.0193474777268201,-0.106094958618073,0.989880236642884,0.958695799084882,1.07592503032963,0.926801546929171
0.0112482269373969,-0.0136063553145427,0.0648309896830798,-0.0192744182043871,-0.0137123681288854,-0.031591812664934,0.87883165526909,1.03061646689572,0.851199576946011,0.980588755851014
0.00235430821155577,-0.00249518823321769,0.0350728318244154,-0.0430872953785016,0.0163029440086271,-0.00508282548910764,0.974129622748419,0.990016626511323,0.867202255139767,0.927627069981865
-0.0189196657015827,0.0268448185499132,-0.0593383529581955,-0.0227894918477045,0.012923530754482,-0.0940235879478373,0.97418750189807,1.03322599827392,0.747229983857047,0.996305531841104
-0.00086091405510717,0.00041301479255365,-0.00587751495450989,-0.0178043678285132,-0.036498678633173,0.0300860997598901,0.909760535510622,0.994510407487586,0.912362783270035,0.802453270619589
0.00078128086122319,-0.00142530704717084,0.0216347716900437,-0.0277699284512922,0.00096696579049615,-0.05267168534771,0.877593022620876,0.933157918335201,0.982469427885097,0.979271458085299
0.0205869055727363,-0.0221418297702597,0.10059011506299,-0.0366018106217403,-0.0190843240591287,-0.0997620619201339,0.884514047446285,0.960530908343772,0.749348209999822,0.893641185417267
-0.0188200091647419,0.0193274821580991,-0.0392843754688488,-0.00898876877242362,0.0186002866519974,-0.0141710076070628,0.987823795024564,1.05548258570047,0.957816695723601,0.908090920916732
-0.0133167410483449,0.0162590688435174,-0.0493130785809836,-0.0635718635594169,-0.0710224797321459,-0.0153257155968667,0.841804468163404,0.947873102527691,0.712971448131476,0.936945311665698
0.0119946911671422,-0.0111668456155875,-0.0597451479083777,0.0134721266272578,-0.0228626984045159,-0.00102731047256174,0.975633752031083,0.975250679700721,0.837941134393527,0.919683403411897
0.00823855594737571,-0.0106720118243084,-0.00892516539447086,0.00202849319555854,-0.00343971257035727,0.00916927071623742,0.948412511864088,0.934111907109738,1.06588716555353,0.950285940744079
-0.00651394060218908,0.00871453904529506,0.00641122565644198,-0.0117920801915522,0.0131888996556229,-0.0195192073254956,0.922261600731801,0.928221314209475,0.953401107258288,0.970477354255041
0.00172583117587145,-0.00146183791520668,-0.0611336300764754,0.00395809054666299,0.0212983352900256,0.0143099345573775,0.936978055944446,0.913269972605033,1.13915465783686,0.976625442176112
0.00421449654084768,-0.00790662509362945,-0.0126552157683383,0.0111452431950089,0.017122283662043,0.0143268687404388,0.945569931691489,1.02691980680874,1.00561854078474,0.945451632346695
0.00998836661798391,-0.0153034507875027,-0.0797263039306775,-0.00841063770907984,0.0024109034947233,-0.0467106416905473,0.896956723663873,1.02666619287289,1.02752312503985,0.890937117915434
-0.00238922348010129,0.00273325203947561,-0.00483878578274194,-0.00292131773471825,0.00200527002155394,0.0459799881669735,0.981823383135132,1.00411029769552,1.30636459222939,0.987819003240791
-0.013586911245603,0.0165776788132415,0.00686787482862178,-0.00097559690591198,0.0021455353192652,-0.0416892360426796,0.941920018024604,0.984922438567635,1.27956267537806,0.952831430493226
0.0122635133020759,-0.0136206430889673,-0.0566207932666914,0.0208154966772283,0.0152279191784267,-0.0066461568979713,0.979950066135825,0.974566085663346,1.01571443614658,0.93836152312515
-0.00427462159547333,0.00803854929463875,0.0611508393704661,-0.0219594065896787,0.0370111833968114,0.0303865331421284,0.902998784860674,1.1270514077904,0.910668036928205,0.979295410590527
0.0256207894469265,-0.0322529366465004,0.0704259557380826,0.00557807174578061,-0.00816525759278764,-0.0149549259738473,0.965868518666982,1.10374009517272,1.25761927192038,0.951401854088822
0.0264962004860817,-0.0316547201228539,-0.004979978622421,-0.00722309191181702,0.0115756303339999,0.0306699678299693,0.931897430265354,1.05134386625248,0.937719915959292,0.913919014724219
0.00469786382922548,-0.00561075553308278,0.0326747734684511,0.00454706769723712,-0.017419708889609,-0.0136457307044507,0.926567895087221,0.969879281764356,0.966366956118384,0.982484760229566
0.00435277783247274,-0.00509318830625635,-0.0101004271493957,0.0185291499508353,-0.00566634401113587,-0.0539080730602332,0.963513492014461,1.00965311277591,1.12572839683161,0.9837625306049
-0.00374522798679035,0.00623451704404037,-0.072757938125292,-0.00794127177025763,-0.0329320701780231,-0.048379701761588,0.811516953276427,0.873660806847358,0.713056541331586,0.906749116278957
0.0126443525838947,-0.0127765346851853,0.148023537762188,0.00290216329825735,-0.0226889381673868,0.00938202269999777,0.95856188213517,0.966693904844084,1.02042735577876,0.93624723758537
-0.00660209096205561,0.00644705553664777,-0.0865684939863367,-0.0262031456765073,0.00540692099239092,-0.0858187770102945,0.775374113662723,0.912894285649491,0.921027738864061,0.94758829492306
-0.00765327761616723,0.00841300414240877,-0.0583103815533186,-0.00286945814023422,0.0123992623195359,-0.0780784572137677,0.954778685570362,0.91806699483088,1.33684732227766,0.964230470900934
0.00997752470173349,-0.01152315378439,-0.0578606566824253,-0.0297078367832687,0.0140987484829899,-0.0809996130848068,0.898797118279935,1.02110999731569,0.598373505074172,0.905226751319328
0.0234526451917095,-0.0298499370943731,0.0121949286365314,-0.00763399334709358,0.0171140878292713,0.0806827430319935,0.973058586816115,1.00908284612006,1.04089796068591,0.984264475533812
-0.00402363337194352,0.00555764351226401,-0.0250683534630948,-0.010802244258339,-0.0316800127978132,-0.0461774153335585,0.956509376912336,1.03104408285991,1.08498135551038,0.949289813368723
0.00793680062507851,-0.0158817024752125,-0.0612706996371889,-0.00862885285876114,-0.0266024830101318,-0.0145800559131809,0.853773000724135,0.929410237718729,0.589984399297718,0.789038882743549
-0.00321487911927331,0.00813688443223765,-0.0828345402572937,-0.0246221602718015,0.00941014436707603,-0.0241122875726239,0.924990721788853,1.06558197199286,0.938781888513426,0.894438201238201
0.015288427827396,-0.0191215156478125,-0.0627035657768271,-0.00519085845157222,0.00488158306304886,0.0355179553715999,0.925934659777852,0.990710531171018,1.10159993329029,0.849612985640747
0.00021642831111725,0.00070848068195809,0.120521676771162,-0.00730298268473692,-0.00206851403078371,0.0578212193353444,0.972559287649059,1.00282960035514,1.28720431987781,0.996819439320245
0.00717358903694073,-0.0108011316811589,0.143387836426447,0.0105056247255017,0.0203703949923596,0.0848243731541106,0.985526986796072,0.988941127575452,1.3485453810198,0.999446936414344
-0.00465744666591185,0.00375770052497632,-0.0100594697813711,-0.00112994350642384,0.00897415170334523,0.0325009857965589,0.978411767467509,0.940413952318169,0.97605633385291,0.964654868385864
-0.00460744509870295,0.00581215553051126,-0.077563299709978,0.00755760849519847,0.00345777671783785,0.0722738313276268,0.998798118653393,1.11888278629741,0.792985091694996,0.955560830636788
-0.010150520574822,0.0117424007006462,0.0716329235449719,-0.0117712769129953,-0.0324807990356306,-0.0190874314730729,0.982318671355835,1.0292514258434,0.770707288973257,0.971135957297747
0.0179370345849724,-0.0237154144535758,0.0363854195440925,-0.00010410924579176,0.00618204683013781,-0.0229254188455719,0.841660527723908,1.08747731072189,1.17708283248577,0.948043673278241
-0.00862900374589713,0.00767505083036209,0.0389649855598443,-0.00954471228558394,-0.00580302692097233,0.0215864028226479,0.963698076696758,1.05596634908212,1.39853414514267,0.964308578623953
-0.0144868154989511,0.0202953442253578,0.0487381414750672,0.0472194088329259,0.0259441560624199,0.0727894613296815,0.989748400207551,0.926493126932476,1.25189591809078,0.974464684953668
-0.00236755812450538,0.00447709278350973,-0.0171877267035438,-0.00154918493361786,-0.00385367274020587,0.00441413379215943,0.946288883442725,0.941338698938322,1.15341282485042,0.961139654584414
-0.011249035926032,0.0138854259579693,-0.0188387830482453,0.034248708167192,-0.0108062651541168,0.024720433423556,0.946055139097065,0.935546386698346,0.900904867330323,0.943667257937211
0.00587264241317056,-0.00671889900922538,-0.0592551507264322,0.034674312965945,-0.0179401556769415,-0.021841251465091,0.949499351766478,0.938968572761373,1.04168760815123,0.983461556111076
0.0207715238743649,-0.0244290453299918,0.15259590756434,-0.0234323402326917,0.00107117977477212,0.00043689002508794,0.993990297307922,0.926013946617128,1.1591876392578,0.960534485727196
0.0115274766899704,-0.0164457597797078,-0.0694280007461732,0.0246316076106679,0.0063816917116283,0.0567556603105576,0.956178374339786,1.04629401431393,0.949766269767283,0.928769052742471
-0.00943224748063069,0.0135422826642987,-0.0541297431511814,-0.0128334892584318,-0.013910025557948,-0.018558278390754,0.950183076951832,0.90305744247362,1.13439785175036,0.922748375728135
0.00904201955329273,-0.0112600732839796,0.0388660209694546,0.0289570509293449,0.0105597821523596,0.122351664185214,0.998572811055936,0.973988582741495,1.27748716186117,0.988464307988584
0.0122305985229672,-0.0170125465852529,-0.08896799953375,0.0153952473795596,-0.0280516787803446,-0.0115059910381363,0.99435728462939,0.932364163293285,0.818059420959972,0.969281819547352
0.00051028996668876,0.00097382625705816,-0.0510020435687022,0.0340783693911288,0.0197584591832073,0.0614777858112312,0.973937308968648,0.965874214981249,1.27412401528034,0.938826190536859
-0.0181633633656249,0.02021796637543,-0.0107865544922318,0.00765553418126103,-0.00160916300007853,0.0680019815684888,0.992870825098725,1.14277773442762,1.2197455732764,0.975389869686205
-0.00038547793829744,0.00137563062518732,0.0187838828002806,0.0135141058888491,-0.0215094045997442,-0.018086327704782,0.961402011231849,1.08042580692298,0.650965305363098,0.934078969605571
-0.00460844518380916,0.00397927922393208,0.0822186512102379,-0.00693012057816884,-0.024153758517037,0.0699840717397879,0.924785174337623,1.20455321466505,1.09924434226399,0.960230310359363
-0.00550495549084999,0.0067581246419983,-0.0677156661774143,-0.0165224846270475,0.0175631511592208,0.0368643945281442,0.942517946039184,0.989801949238858,0.908051875961408,0.993004156570064
-0.0115395559441745,0.0129338163318815,-0.0333121410040421,0.0230212283854798,0.0194269625782108,-0.0746809581762256,0.950484056596195,1.02840037768052,1.08316715302571,0.926624713342146
-0.0161543661779902,0.0215975187472623,-0.0545889111017603,-0.0144476809669348,0.00584656826220898,-0.00486705637985635,0.957893063825062,0.94833295783958,0.6727860456737,0.938491973612127
0.00101688876657213,-9.77320786205594e-05,-0.108401905182226,-0.0434986534270354,0.00804576303956093,0.0679909539674775,0.944457239886862,1.00683684282998,0.921828395229275,0.886878595655751
0.00047228947065305,-0.00227480262571245,0.132267419316902,0.0333464856343594,-0.0393873858775291,0.0813670730798517,0.995140145336232,0.947196492733734,0.964296397027911,0.892562252949674
0.00474824414353342,-0.00579804478432154,-0.0182457703807757,0.0266266056293545,-0.0134472724201166,-0.0153690189736837,0.938509979111631,0.970570605827533,0.968282179620556,0.938388326395284
-0.0110500020122642,0.0113573740979019,-0.0607257519571864,-0.00736234709451687,0.00399776858290138,-0.0124005335916378,0.929187504755509,0.912810134278723,1.09242318550261,0.912509629273126
-0.00239915610486138,0.00080032721521418,0.0409159477329277,0.0128543543321608,0.0353318560797629,0.0340913854014565,0.946967122316747,1.03387910878931,1.15108695272289,0.965315775401638
-0.00889416014548383,0.0103799913115916,0.0553400491534626,0.0101425276590193,-0.0307779059720062,-0.0165878520127629,0.84265036711539,1.00076920192989,0.843084680523481,0.941956121177191
-0.00104204552341257,0.00187035248243062,-0.034396540432413,0.0110824559537499,0.0281557561577745,0.0592636860486668,0.995046784718679,1.10874013290317,0.993429320604243,0.862485034502549
-0.0110743989591324,0.0148281879234977,0.0219154228477549,-0.0260891990740414,0.0108125291553836,0.0497136119533224,0.974164906554178,1.03857674553341,1.03095401106358,0.966676455896105
0.0146297830168667,-0.0193605733495365,-0.027282004616085,-0.00859324699489911,0.00830640000921208,0.0349389171346296,0.987937962070163,0.91660628137232,0.979331688089213,0.975495613808834
-0.00947544008629153,0.0119454804748325,-0.0170699496571045,0.0440603227963285,0.00893264843171475,0.0574741155656258,0.973151879242152,1.07756396853469,1.14658395286188,0.993709028439824
0.00787031835131318,-0.0121915820585647,0.0389066113784302,-0.0128107754880692,0.0318075729121927,-0.0187271608142568,0.989102938547326,0.942000284585552,1.02623505762992,0.967740755828134
0.00834073033614663,-0.0139734579095921,0.0633930901488735,0.0186490540983231,-0.0400350899912849,-0.0333316445629209,0.956198015354453,0.965076140457818,1.16337842425193,0.964454031087346
0.00865327661132627,-0.0106008477865062,0.0278245807669188,-0.0122724797826771,0.00424751272627604,0.0163445588021595,0.951704011680562,1.10304243877684,1.09006684700241,0.902915964494235
-0.0122248127255884,0.0150681719563002,0.043452848124489,-0.00432729396598543,-0.00854427619980318,-0.0658360951001995,0.947109103656139,1.11803345710709,1.03952811309715,0.957509409928784
-0.00458751957255016,0.00607140951707132,0.0603920000925554,-0.0193835735005162,0.0220659683999293,0.0430508043115327,0.949684463619556,0.960260281567702,1.24517413791349,0.840905410759615
-0.0210008713144636,0.0271819831951216,0.194504744929521,-0.0115170086299704,-0.0153593612167393,0.111935275274251,0.953252027839168,1.09657989167292,0.869699017374742,0.881010618040171
-0.00156384869392917,0.00206520564502704,-0.0283305427403326,-0.0111625083172853,0.0061664697255396,0.00385637423585576,0.981670277974166,0.995196305013907,1.05353384861934,0.902351924782055
-0.00651630198933739,0.00867974770076406,-0.00558576418618584,0.0128540486067928,0.00227483404810229,-0.00383370060288875,0.963350720916932,0.94312950932714,0.859641236002062,0.949796656675514
-0.00039328113503211,6.76416874284525e-06,0.0136295484324144,-0.00944234617063071,-0.0151800763359088,0.0168366863070459,0.969252476405976,1.00113091025848,0.654802994686532,0.976011929404358
0.00225235719882164,-0.00507573993879238,0.112737480818107,-0.0461459708726227,-0.0163097816361962,-0.0873126787899587,0.904350731141381,1.10250277889225,0.913269724619042,0.847238314217273
0.0176510017332815,-0.0231936970977485,-0.0419677821895635,0.00627551110880432,0.00730755690290397,-0.135559024356962,0.897370380509309,0.976627859379473,1.0018482942935,0.940569692438586
0.00536874399948356,-0.00389551052357232,-0.0861839742072625,0.00049224529433317,0.0309073047332647,-0.00164147879137492,0.987648106383708,1.03499756356018,1.16356029923732,0.847275587318308
0.00219784832054871,-0.00517846280234053,-0.0501254027017563,0.0179514814578793,-0.0138806186246528,0.0344360091981289,0.916601575496136,0.961188673543062,1.06922790901195,0.98481119789067
-0.00991492208903009,0.0137645212128561,-0.00521096020217365,-0.00042144811828232,0.00954694594378887,0.0527667277960287,0.961798290853609,1.12940411824621,1.21066559551241,0.905946202394161
0.00610577903012663,-0.00742762258130467,-0.141020030922153,0.0225000724464797,-0.0155052558160553,-0.0172311785800999,0.958539306548145,1.10251609121578,1.05417184716321,0.914802126129256
-0.00617000200298395,0.00591143565207051,-0.0530632184571821,0.00385034909298549,-0.0154809520730636,0.00060716782736242,0.970566103116475,1.06321834600998,0.927111199178076,0.947956116959371
0.00492848199088993,-0.00632586178048603,0.0879673530013668,-0.00503681252001415,-1.62430525592911e-05,0.010274395524481,0.968901010281183,0.962153044177246,1.14309321173789,0.976193495710868
0.00761809594457463,-0.00934533312979673,-0.0263007439498491,0.00865175538924879,-0.0146911252451119,-0.0175934130394272,0.921229191879803,1.1068791347944,0.922510412987417,0.9609570487105
-0.0130799655691368,0.0153573650555038,0.0761608576128889,-0.00472917437976822,-0.0163004190915433,0.00253902074971611,0.910812545448759,1.01400815309499,0.807295338741839,0.992729302140351
-0.0194131937730918,0.0212228666697666,-0.092641157870938,0.0219805757976195,-0.0118889730500031,0.0296434112789649,0.944573016578566,1.07744687578012,1.09932809460167,0.799248644209489
0.0115723805496912,-0.0171166600680426,0.0432558178886527,0.00976339192054507,-0.0159887233633395,0.0400491688150827,0.939667105470904,0.98459255487748,0.68128426425308,0.999276563026558
-0.0345709550889959,0.0405519426503138,-0.133845104725043,-0.00341142827370192,0.0382373653733952,0.00514099058250983,0.955646418738255,1.07460468192199,1.24594941560182,0.952200369013705
-0.00850813849509615,0.0108021649460806,0.103860830426291,0.0169877200450427,0.0133602790667184,0.0754457099774356,0.97560296153952,0.998288714404769,1.30393068278688,0.91866495743498
-0.0175683006576143,0.021317319849111,0.0687974956127604,-0.00741906504219315,-0.00960495777344451,0.0682610443519627,0.982418253248463,0.985503688642269,0.960574157786427,0.920942378903116
-0.00299971300848792,0.00085334766778505,-0.0877874958447752,0.00103936872637961,-0.0251985818233456,-0.126625299227994,0.899583420786009,0.939903474785252,0.940178305844701,0.891034315021344
-0.00130543254950294,0.00107985658364452,-0.0499795941202388,-0.0139138550407556,-0.0102060684213809,-0.0130046635838943,0.909285902589456,0.955621896701735,0.539595261818927,0.813697448188134
0.00986695343036404,-0.0159414676554763,0.0887153912786038,0.0118360411856653,-0.0179374336085627,-0.0101855783766733,0.932195373235628,1.01331134125653,0.858600723889033,0.988722211067258
0.00320074186934993,-0.00563705225956585,-0.0794975993753184,0.0299613238092718,-0.0135458912166306,-0.0112153855446419,0.958907974130664,0.975864257078478,1.100141910758,0.960449460994356
0.00758481078411697,-0.0117898881462061,0.133539505134463,-0.0136185346595911,0.00738950943981189,-0.0285171299495981,0.969672150667125,0.987361505385098,0.98000578371208,0.90717087895472
-0.0131262077644201,0.0163081709128775,-0.0792604858656447,-0.00163131972217094,-0.00966887402521648,0.0764009262829748,0.990979860070847,0.969877447507646,0.719400943291863,0.869935964947555
-0.0201071811605908,0.0241401173491306,-0.0189430844019551,-0.0010715215164825,0.0256233869680657,0.0958794284917446,0.996986289224051,1.02597911366582,0.838577367968383,0.895149658433386
-0.0162544803868718,0.0233542335691191,-0.0349861067865524,-0.0186688799227103,0.0002540395902152,0.0320436079187259,0.890814425747374,0.981970422671485,0.754188387278955,0.91816206698297
-0.014258567770485,0.0176153649600453,0.0372998612119307,-0.00316136259559244,-0.0328653472676429,-0.00341365807394155,0.961681086517457,1.00039219520146,0.706536890689855,0.932754278802713
-0.0175073083150001,0.0207031640692034,0.0607763251085286,-0.016113631775617,0.0192107707914394,0.0124006182236255,0.982919214631765,0.915324393105498,0.986907146285865,0.954064902429042
6.75728209305225e-05,0.00414444852790784,0.151478843208423,-0.0332685607795388,-0.0191236200774457,-0.0297011102488907,0.913365501359811,1.00179150221167,0.884019368628473,0.755004682351619
-0.00719923749736128,0.00830733674982085,0.0369888304854741,-0.00755007694112094,0.00593170478858973,-0.00089640926511248,0.999565776332704,1.07432847548432,1.20821850903043,0.897991145033972
0.0121367000632249,-0.0167986060323415,0.0881101460614018,0.0019094454558701,0.043004175208364,0.0922665640687357,0.998159902701148,0.899032566783729,1.4329051960297,0.996077449973292
0.0058008389627418,-0.00645805687446395,0.0891920579295809,0.00186157154006369,-0.0254838517134658,0.00501344443724509,0.932565881904472,0.958659295937077,0.919636346333139,0.832440651946741
-0.0227253724566262,0.0311291889408379,-0.0274197766976026,-0.0214011498355961,-0.00074953187193823,-0.0285749533694774,0.825765027758318,1.11586889402682,0.742684372474145,0.914509542340419
-0.00209911142605062,0.00291130705240888,-0.0845332538474198,-0.0160944201974839,-0.0181636436263498,-0.0392825922019154,0.885685831368797,0.942379805489591,1.09368560818504,0.976271178509895
-0.00035319566639299,-0.0001334277065499,-0.0223620817103254,-0.00493790546254172,-0.00832093135997164,0.0428898301616947,0.988793292882844,1.08674557093028,0.798782423996108,0.921707213876942
-0.00607493057706961,0.0105172559533504,-0.00715220231770158,-0.0370449193360406,-0.0290325557083714,-0.0793477894810152,0.910163305616603,0.940121254953926,0.808727760008971,0.9558823669124
-0.00359811468166867,0.00183995435110594,-0.0721816843217933,0.0139822154910721,-0.0147182020131667,-0.00903424380500617,0.979722393750723,0.994918554358741,0.987895964253861,0.904783084816654
0.00466128264924479,-0.00844489483203739,0.00343294110276293,-0.0295349196627068,0.00285123845164638,0.0135719286620564,0.950506613308649,0.95897808928691,0.671631076732742,0.997134712386391
-0.0134773244374103,0.0191410120812731,0.00484730186456483,0.00223459344513855,-0.00311127575476508,-0.0771929859455111,0.942572351927084,1.00975645302983,1.32201425408265,0.98524062333616
0.00538871741851328,-0.00800764946008084,0.0177330570777944,-0.0349493139948257,-0.00255450270749432,-0.0121331624957972,0.930107222282656,1.06530168788554,1.02736040829931,0.9726933088313
-0.00053538711081959,0.00068860517675202,-0.0906154548660001,-0.022505592263095,-0.00419196447217045,-0.001848158287911,0.933732946076577,0.989107688913478,0.898315458231169,0.980803033789391
0.00128754804839588,-0.00389827196846864,-0.00193575715115007,-0.0412610991005615,-0.0178280651537179,-0.10953639185625,0.909498006211847,0.915907654616426,0.701050343896771,0.931380016433671
0.00066494536915197,-0.00584675875163851,-0.0349611247575606,0.00718081229875106,0.0230873980849292,0.0686790625986082,0.982316774112277,0.917014208006108,0.99442499463256,0.933197005618256
0.00024103920626494,-0.00031782878772276,0.0728667835821967,-0.0307830346199292,-0.0133700009025552,0.0282753492995393,0.975573893901361,0.955391882146346,0.869020677558564,0.9202302977765
-3.31542708729262e-05,-0.00055725272498215,0.0103388160823643,-0.0121409947867371,0.00457603453029265,0.0845524113439438,0.955884333263987,1.00589824020232,1.31368996252571,0.970977531848122
-0.00017009609502671,0.0017270541573558,0.00656575756716798,-0.0227056321377502,0.0135175869348619,0.00202226339791621,0.958184605038006,0.86286681390188,1.03228162447305,0.986343513527202
0.0188594127935047,-0.0237005421563292,-0.0300659589859287,0.0132938062769786,-0.0126844012523456,0.0216741231634378,0.946474971640796,1.04507836626136,0.815991248794549,0.953380676543664
-0.00939199798854438,0.00970010499118281,0.102044577940623,0.0045284139203632,0.0218313385782145,0.0397909281085099,0.976364621958563,1.01737558510599,1.08683515997724,0.955669327146017
-0.0170476549932148,0.0243392995056991,0.0759527182706973,0.0269555606047757,-0.00845605346291648,0.0544704511065084,0.99103259098792,0.971587096406759,1.30828960440406,0.977034705757968
0.00302004623949053,-0.00400685199731,-0.0896253465668918,-0.00195795094169857,-0.0130335754079188,-0.0528731479139519,0.958145545180708,1.07218839159348,0.888740615537256,0.939237385475848
-0.0004853568586227,-0.00132353147265652,0.066434260592088,0.0228926031358688,-0.00141967788064851,0.0245653939968707,0.979217057136847,0.903352179333838,1.03270587458969,0.996365058454706
0.00449385938677357,-0.00470807162495623,-0.0554222946633275,0.00888297852382636,-0.00143320952883469,-0.0335795415628009,0.977688698878877,0.958567880641311,0.834075125689718,0.967939412974534
-0.00405410732031697,0.00098813428113633,0.0325857862948956,-0.0348745116012953,-0.0448279758106774,-0.024782938087147,0.953127953065625,0.948866631576238,0.688824858253622,0.87657840549979
-0.0103110266585565,0.0126654214907574,0.032599381897674,0.0200537960757357,0.0187854794654857,-0.0130462021963926,0.976038834197306,0.9699446437956,1.03385093883398,0.983194738692942
-0.00920605313748028,0.0102861743054951,0.0765501148837839,0.00791709858491249,0.018673749935991,0.10698953583688,0.998020937830972,1.05602828342658,1.0257210851181,0.979610932869837
-0.0113221456960201,0.0142370292412521,-0.100332341693961,0.0148723247238222,0.0326591997086807,-0.00877123077200766,0.963617823395038,0.981044691002919,1.0502580750758,0.986091399409203
-0.0083832488316795,0.0106984988553708,0.0785272729218133,-0.00476531260793225,-0.0374155036129275,0.0223120554747989,0.995925409657175,1.08172309283625,0.93102323766168,0.9731123772157
-0.00100981093738331,0.00251885032548495,0.0619476114478088,-0.0438016075561478,0.0116212353463361,0.0148065311338452,0.916091403501583,0.939224064525771,1.16161466373969,0.96530076630179
0.00618421249488319,-0.00472570615354954,-0.0322535656191292,-0.0243099194253015,-0.0281118492590785,-0.0113310260101094,0.954019681584974,0.99638679946497,1.09290576490402,0.876207700688205
-0.00572816392230137,0.00631777917111107,0.065252943044321,-0.0177781995765545,0.0133098681723244,-0.0193720862253995,0.889898394217183,0.95232078297758,1.02572310144891,0.946901833702966
0.00788295001298818,-0.0104397653097695,-0.0213274967527428,0.0307096943946153,0.00567122338377868,0.0283154203352935,0.923048815584549,1.08379707619407,0.850297437392372,0.966327189353238
0.0122882519372056,-0.0162494801225247,0.0745218991418658,-0.00788624444038353,0.0251953473269,0.0178115879542938,0.984580971337417,1.03825537416364,0.748591607324396,0.942715298633689
-0.00874998402739399,0.0102977860807492,0.129813559546544,-0.0255420951545505,-0.0259601901741042,-0.0203377772148806,0.978811528750398,0.924206266410644,0.790660767499053,0.953724285139983
-0.00150769770267508,0.00400647943654489,0.281575670226665,0.00091881064102652,0.00022318182217826,-0.011041351408821,0.905859739204884,1.02207849860257,0.690667386301476,0.971403814496064
-0.0155309824610481,0.0203711673212349,0.171281542013909,-0.0187938844373465,-0.02664940641556,0.00489721606545198,0.966664859251636,1.0900736698274,0.671549590158057,0.971273689892546
-0.00359894002853884,0.0005485928798244,-0.0530502179831405,0.0193672494670414,-0.0073750938278559,0.00359317304670494,0.958042795416457,0.938437752306723,0.910466844439125,0.97043136579963
-0.00219832654470357,0.00118836084603935,0.0260298065446505,-0.0206322270185435,0.00525342124641682,-0.0132563145899705,0.923088754673979,0.957939306755594,1.1474445459521,0.960065226547671
-0.00107172715688246,0.00386932424638679,0.00153320163812987,-0.00406194782535036,0.00372806548622415,-0.0953476021780973,0.995991859336966,1.15608852865525,1.1531435935393,0.929823540192592
-0.00996504528924241,0.0134243292224687,0.0182926896336925,0.0110309818165466,-0.0343937935145897,-0.0187555747769701,0.917121210696153,0.991736218465335,0.68277276189172,0.997472889918894
0.00931571867514265,-0.0110960191704902,0.0172533066670658,-0.010478190541244,0.00313809561247139,-0.0575250248148031,0.965588831794423,0.969875493574411,0.969329791689244,0.895059759673969
0.00751755454620009,-0.0129474914434136,-0.0751337389895531,-0.00776065567250142,0.0222978923672415,-0.119604363232248,0.970693068043835,0.983899641580027,1.05844506063419,0.967299695737779
0.010380774666225,-0.0140932196580616,-0.0527757991376276,-0.0139696682162323,-0.00166103673778289,-0.0558193930957337,0.896923482993155,1.0189882355704,0.934689099609909,0.976354364681189
-0.00010183126756893,-0.00029704672175701,-0.0393014715498452,-0.0600517660743356,-0.0155924191818543,-0.130993007065695,0.915746300326009,1.07986540613411,0.776782085427053,0.899689046625686
-0.00637870858367868,0.00762916437165942,-0.0258207724502725,0.00737671971707268,0.0447167330286337,0.022353135065004,0.954120459221285,0.938835629156146,1.37701819361221,0.985689868311843
-0.00885934413068254,0.0105890099237887,-0.0819110622689053,0.0153013564753114,-0.0104910557079947,-0.0323672787515634,0.984517024252878,1.09487063923567,1.17604841214808,0.975459632858795
0.0202490277097758,-0.0231696569096903,0.247564196667474,-0.0259172400119854,-0.00154202056109606,-0.00671395504229029,0.964854417784665,0.885240546885028,0.983653077779689,0.963153868471804
-0.0162308074439796,0.0175998447573087,-0.0932493095395118,-0.0270619015064971,0.0205859035884128,-0.0485601428772418,0.91616003083169,1.12673037666785,0.910454273040733,0.878968020085662
0.0087984724580795,-0.00914403422011404,0.0189166416479207,-0.0316573313291889,0.0112446926104129,0.0754631339315,0.941339845933915,1.06547521497483,1.1058732485987,0.979577192401528
-0.0215893846774243,0.0254722327345668,0.0520049393422948,0.012478737257915,-0.0242858682836336,-0.0296401355887339,0.956273262988337,1.08867727314855,0.860053230865842,0.866581796331487
-0.00078383380141849,0.00132878140780849,0.0563998757720469,0.00511506631047149,0.00556324211010691,0.0953941726115939,0.993935498652528,0.930035696639808,1.07245862663191,0.982233560631047
-0.00265055375662499,0.00355280606925206,-0.0136019871362976,0.0476725920202227,-0.0233900318984537,0.124978001545509,0.976348792552025,0.904543531793148,0.881409511980373,0.993400068175484
-0.0147565463490966,0.019649305792222,-0.0224668411472273,-0.0128111587197405,-0.00495372732030735,-0.0953505698524052,0.947423111136705,1.01290709928684,1.17230660451777,0.939580770974569
0.00975677600176959,-0.0152958642235666,0.0510581777242766,-0.00192781205428743,-0.0139998483230132,0.0154451866814224,0.97723890092324,0.985940028710447,0.970701941936965,0.929705225302554
-0.00042141299129527,-0.00091163479885617,-0.00276745583603227,-0.00636542872122108,0.00999569286014754,-0.0428535770075419,0.938184034891819,1.11736696651183,1.06679396785695,0.903602796527804
-0.00930424283011346,0.0103432754612969,-0.125023646897958,0.0253116365307626,-0.0262095412375371,-0.115186225647022,0.898348009810955,0.878338321182937,0.691153882553966,0.903592179889718
-0.00552566061385335,0.00870071018532094,-0.0186488812704226,0.00118280024821971,0.0270778450196439,-0.0938568005726912,0.954845803063958,1.04535734657995,1.12517491360044,0.916569433883434
0.0226570153539843,-0.0282559031351765,-0.0466726807444713,0.0266613944454804,-0.0225047142020025,0.050897357839822,0.960874681578563,0.948203891274467,1.16013020813242,0.934510165953665
-0.00117179132013092,0.00071881773106501,-0.122129863692158,0.00014038549447195,-0.0157806035811578,-0.0829401266850735,0.917274134920814,0.913544515077622,0.777572807103243,0.972974022753415
-0.00087672990704089,-0.00300232839747016,-0.0447188268959306,0.00784976316433661,-0.0259313651192707,-0.0440109324233006,0.939888335755279,0.912323184433815,0.778048817465697,0.896448642091579
0.00690136870272601,-0.0104711228379764,-0.0562054848426801,-0.0155633359139962,-0.0128120169143038,-0.0126660060181525,0.874924430946239,0.956892379813742,1.15559141153992,0.946053782291085
0.0164343151308489,-0.0183837432200383,0.077087961755289,0.0149582316194178,0.00966904036542236,0.0770412288381489,0.99727459608958,1.01328861276217,1.06206822358289,0.976547636702312
0.00410101217774088,-0.00626493963039444,-0.0345801879433877,0.00093022719782211,-0.0160997591975636,0.0227861376673496,0.9641035339099,1.15252255175662,0.611656089981335,0.98805767483512
-0.00835732485533906,0.011618406837912,0.0503850440664632,0.0412208469420186,0.0270319593565995,0.169157771303659,0.999987455978636,1.00835021471687,1.29966453260134,0.999027236516781
-0.00426174846487212,0.00417872674377702,0.175494636990335,0.00763879444097841,-0.0298207538502169,0.0487734917848404,0.919473425305021,0.977754244942588,0.790186929463707,0.952046111643781
0.0110221567344261,-0.0153842236966874,0.0445856982161648,-0.0162512466119094,-0.00532730155246687,0.0316206748038139,0.971227404942677,0.914179142753172,1.08837627529759,0.948812803762794
0.00876802101611445,-0.010259240978278,0.0903233297434348,0.024734049131011,0.00115613242954997,0.096054037845552,0.962664321675517,0.939601597781997,1.10394869396314,0.965161301911587
-0.00536783967091548,0.00391173632371464,-0.0268263490168756,0.0168958896808119,0.0137439976150238,0.0654539331247829,0.998675862800768,0.960224866671284,1.4400715873856,0.967979544825496
-0.0132050083516981,0.0136865976990614,-0.0561516106329853,0.0145428920364483,-0.00622609093455887,-0.0253939016226401,0.977252544387349,0.969336570511448,1.33021147961676,0.954906498235321
0.00803263407658636,-0.0128352051535898,0.0137287444301448,-0.0174486897058321,-0.0612893923465881,-0.104939332605958,0.854373402315585,0.960711802015879,0.781145859848202,0.900384463768415
0.00246917159212736,-0.00169276272357952,0.0404251503141673,0.0120848082673695,0.0156436980977938,0.102685710202088,0.970058542724549,0.884983525933402,0.971677414072917,0.979082945758723
-0.0124016686345693,0.0150629895170067,0.0915506718174959,-0.0160807148540046,-0.0146379352594117,-0.0287419468917183,0.912255827534163,1.05442570257197,1.09075075184973,0.905884672913635
0.00337272428091733,-0.00565021284372123,0.0203235589082913,0.0046566862468331,0.0386389182996006,-0.0140445711165826,0.905730040386186,0.992560048953169,1.08695311167151,0.931804412451661
-0.0128049710908355,0.0149200756827457,-0.121311964415533,0.00430976667655376,-0.0309909307002551,-0.0278003716996208,0.839707941716757,0.926714132974485,0.630221947494394,0.927829340559574
0.00080007356907216,-0.0016721802965866,0.00147387581443814,-0.0177824158371611,0.00543907696293458,0.0637862384880014,0.964700105127331,1.01186253919977,0.947287873213736,0.950908049974428
0.00377167031114975,-0.00311929865444743,0.0145687770428699,-0.0111231403217207,0.0128130909656494,0.0353951290705038,0.94401628891532,1.10167425144008,1.02059782914704,0.994748850036398
-0.00220073515325719,0.00349898891939139,-0.0816315863528014,-0.00984761108268761,0.0180228010221181,-0.0136248405184627,0.944088521448244,1.00958327656058,1.02204475519717,0.827849091391926
-0.0118058674424474,0.0150982147868666,-0.0451928233951558,-0.0080197943413587,0.0512679139300433,0.0626348764296585,0.960550620981541,0.927294458501042,1.10518607755558,0.939567424011924
-0.00551000124089654,0.00615900664649139,-0.0550987509276463,0.0171897452467664,0.00530088705802332,0.0357265339100942,0.973172710520512,0.952160978869471,0.602950617422021,0.953570477958347
-0.0035776636420679,0.00517903239250252,-0.136569768470105,-0.03756556874235,0.00522664132616871,-0.168608313536581,0.885868743050647,1.00958247561418,0.884466823380556,0.914279206026189
0.00149695423882206,0.00248772486021647,0.0207959076789394,0.0149550556087302,-0.0201810440118494,-0.0604140539639188,0.989061462270979,0.971864415234902,0.858785313259942,0.997650750880741
-0.00740012532025826,0.00575364332700996,-0.0145707433593593,-0.0188288458608634,0.0153805645164005,0.0271523232893843,0.941345428050285,1.02914089203493,0.892926244844809,0.907498361021202
-0.00634203077327926,0.00617699557851333,0.147273819915651,-0.012317898558168,0.00561479223677833,0.0603491866979752,0.990103606605213,0.957295517169285,0.937243298676802,0.996573547668849
0.0116350177768242,-0.014914869642975,-0.00361153195283292,0.00994920639709752,-0.00638100705779965,0.00310472850728875,0.955299931513154,0.98655081177552,0.949903035792506,0.971047343589331
0.016136086471077,-0.0221296109233086,0.0444808089312264,0.0474590863460467,0.0036297914354736,0.062394553435174,0.901039139013756,0.970073833131042,1.23215444060223,0.939149363439899
0.00174087264604977,-0.00221308576503434,0.202461849946321,0.0188303517768942,0.00375111274924406,-0.00257884362203872,0.97451731371669,0.976488382465087,1.28215424614567,0.998453496338122
0.00189212268590507,-0.00103656196813118,-0.00516031532416494,-0.0245751275933455,-0.0058381485308068,0.00066652015492294,0.962022806189878,0.86150632648477,1.14191158355316,0.987343309642161
0.00294806732825183,-0.00369819270453176,-0.0385291548940415,0.0230581579065511,0.0106267740036381,0.0370139966471159,0.989399337610618,0.925555290287015,1.24923996732442,0.981802265367524
0.00430853971776584,-0.00537332349601428,-0.0594239881406706,0.0198966073852417,0.032719989732369,0.121324714565437,0.986958039789655,1.04248343174578,1.16913525353408,0.941582656367594
0.00797482850783415,-0.00756752223419301,-0.0532676022369478,-0.00082827052198967,-0.0560772998130959,-0.0583309847365241,0.898614175626325,1.04315314557568,0.826953744365397,0.859499751522479
0.00820092330149538,-0.00911911546745591,0.11751967961265,-0.00772402973775951,-0.0411857194696709,0.0217947671535666,0.928196403967759,0.928479786453827,0.956970439382447,0.966098993311133
0.0130477769747059,-0.0160248196651392,0.0745853147982388,0.0233090158540092,0.0225735264195847,0.00822707581366579,0.95208577831604,0.985102669203719,1.12637216166626,0.951509416110678
0.00156133988232645,-0.00318141630379867,-0.0473086857977306,0.0095693035718565,-0.013846523041296,-0.0501879390681954,0.936867163910365,1.00526189051962,0.708739026048019,0.906878678941516
0.0196633223817308,-0.0239579331202688,-0.0896747548771391,-0.0117255925576038,0.0079292262292541,-0.0264267647891533,0.925736982560922,1.05207838083069,0.925248220299621,0.962593476331417
-0.00564709944859899,0.00699941651504404,0.0163327132655425,-0.0064328595836132,0.0324988965671937,0.0650344215634382,0.9672758835746,0.95961057323608,0.720639763861389,0.942005375584914
-0.00829623407584361,0.0127962954668358,-0.104668357018161,-0.00772859869188445,-0.0577505336846426,-0.09593744443893,0.883278510343886,1.1165034615278,0.76661151365971,0.906898353392658
0.00116683512397318,-0.00401401074034252,-0.0240341388012575,0.0179374792513289,-0.0298873721259759,-0.00442336272276727,0.972773452740446,1.1193191456516,1.00107023148159,0.988794948083803
0.0140820479979202,-0.0182888766886175,0.0593656078220099,-0.0214112637021981,0.0141827798290321,0.129279973122258,0.975026092092388,1.09803620487847,1.40282858221097,0.978647562776645
0.0219887443766936,-0.0269527350298063,-0.00629555181708735,-0.00386517789017382,0.00792150935767023,-0.0579851094493538,0.97641273629844,0.907125779159628,1.04953809728105,0.951041913323532
-0.0106795095347758,0.0108985815189576,0.0431173267143436,0.0234123766975026,-0.00140142130497557,-0.0190270087032692,0.974603342039334,1.0198380566855,0.852277246511564,0.973053732819207
0.0129481867217604,-0.0139601473819152,0.0889685807402685,-0.00081597779035697,-0.00991179869176742,0.15366171114479,0.996342864533878,0.903822821322341,0.997372388890347,0.868662728132161
9.26551688182013e-05,0.00106718223242376,-0.0253445300310303,0.00308217574182427,0.0209493568163115,-0.0253771887577015,0.982744246102424,1.03113096231035,1.07898298241954,0.97883104106795
0.00467781741930831,-0.00288146819232698,-0.00491355769732937,0.0164702380568681,-0.0167723892833403,-0.0740749184675932,0.87884405404209,1.08268559668744,1.05328159751461,0.951235345617074
0.00524923315207283,-0.00570112603827175,-0.0657686331927858,0.0288341926755679,0.00406523247612522,0.0635092589667063,0.997714601880839,1.0157064764313,0.990035506058515,0.932791475327812
0.00858627013637259,-0.0102987004376144,0.0857793617702896,-0.0163046906304725,0.00482720253488442,-0.0405715820764224,0.963388309973596,1.05517402759671,1.17485202971002,0.900566283553264
-0.00338971696371174,0.00482744429643074,-0.045988944651538,0.0119234061403477,-0.0363560826916054,-0.0519590823139339,0.97777436353333,0.96139305157252,1.13536511686671,0.960403745154665
0.0189834341431362,-0.021297037999391,-0.0555991637730076,-0.0130017074397677,0.0267854509803934,0.00937225908809985,0.966468497079293,0.944758292757672,1.08719247548695,0.903109685937214
0.00444051376045299,-0.00305156016644667,0.0423752691703115,0.00965223731804334,-0.0359585583823296,0.0152705908503083,0.935238328544233,1.13582061599969,0.782903357956442,0.824068778028831
0.0246265602236283,-0.032228584520484,-0.0129863454396941,-0.0003432654588433,-0.0267282841560021,-0.0497038642515578,0.978091514399497,0.898474880246991,1.14002851786574,0.942292059020237
0.00176233082730285,-0.00385529176942737,-0.0145976435080413,-0.00044114756535052,-0.0143246465760354,0.0227934273797348,0.963545166745004,1.06739984168702,1.18475964707037,0.934065806687134
0.0198033928636876,-0.0224831470294286,-0.0545900676672498,0.00587304964668424,-0.0194111000238137,-0.13248166232873,0.984173689423048,0.983162301402778,1.02153214550753,0.891861103482663
0.0150621786722231,-0.0206094109883621,-0.0561542756902256,-0.00475373665817946,-0.00117039865075932,-0.0966154244103115,0.869232521272579,0.952066834035756,0.974940106158396,0.925098062912366
0.00483453299737698,-0.00881216643054157,-0.0872371482378662,-0.0197907286908191,0.00904112914645338,0.0556030277992367,0.994711710186792,0.909501570957269,0.971219083722132,0.830013138690931
0.0176777091149833,-0.0215123837819521,-0.0716610593331279,0.00739712991119876,-0.0279553048006353,-0.0640747747473422,0.985805456482244,0.963301080937316,0.706018396516344,0.897931790218692
0.00701240432242113,-0.00808456313851198,0.012755601291905,-0.00594451074537897,0.015625579215569,0.0429490349279094,0.978907827625112,0.898740306507737,1.04265154230372,0.969911590115992
-0.0106412637259144,0.0106105673621696,-0.028615951126589,0.00465366592473949,-0.00882720434150699,0.0785643017993876,0.956257333284542,0.951479866467049,0.932489630097641,0.871133261016471
0.00286723314062926,-0.00156307198709398,-0.00646664175781014,-0.00476390313454104,-0.0102699043568269,0.03827263008541,0.922567420522213,1.03522750123441,0.830675185106688,0.896576206597688
-0.00940864606930298,0.0104449617594552,0.0752826412695031,-0.0182535722713493,-0.00807106156837288,0.00723296744910801,0.95072652803263,1.06143102963841,0.898730801086829,0.998154042091764
-0.00562421623156824,0.00505896582721042,-0.0305978799031345,-0.00045313422811524,-0.0366076326817528,-0.0261026005432462,0.878656951593685,0.960939991646998,0.776483282562156,0.890431277820016
-0.0204891690491994,0.0267742398672753,0.109741580513974,0.0244019438608243,0.0128684539768932,-0.08185052391278,0.938097228896234,0.929165385272906,1.28892208804126,0.988359973563256
-0.0171132876309794,0.0237190901381349,0.00832696377528608,-0.0260429127505744,0.029830286252964,0.071804247779575,0.929523546239276,0.896104034593016,0.778499729432909,0.95862535339352
-0.00327227809506151,0.00341817480985136,0.00188449904043297,-0.0156546819840381,-0.015405680558254,-0.0988381219972971,0.909189223876266,0.995494502775362,0.776469437520233,0.854247779405378
0.00742831255194842,-0.00753267476574243,-0.0669903631457227,-0.0127897561829057,-0.0420247536222113,-0.0402561465892022,0.985537314188689,0.965857667738464,0.939677886206635,0.927459974969249
0.00592358828271813,-0.00620984308611369,0.0278790682218523,-0.00821429722581775,-0.00347893483641447,0.0584529904166668,0.994229113369135,0.963266389935663,1.01055992832375,0.992595596355442
-0.0144445128874291,0.0212917243138303,0.0622146869269843,0.021460613267778,0.00857112346625147,-0.0177555583913699,0.987796931227561,1.00824655981807,1.02873023888478,0.939558042227959
-0.00316345343624705,0.00047717157151314,-0.0123862664443764,0.00655764248040329,-0.0288632505821202,0.108377003268996,0.996434911915929,0.958375409833068,0.796567358529909,0.983289815114689
-0.0223531393843762,0.0287386378369265,-0.0632899621012818,0.0201046714384989,0.019585994773858,-0.0409262079121556,0.942842895579491,0.937876140001493,0.831072449564924,0.928213845682455
0.030078133034327,-0.0369423816575821,0.0593448492944459,0.0197135961684006,0.0494749373380719,0.0819946271402856,0.997625759884771,0.987402851735729,1.19762322760119,0.999751202211752
-0.018284303915995,0.0198990014270494,0.0256630379386122,0.0136763380101437,-0.0213144140648782,0.0564203989850622,0.903620764916638,0.981174009341026,0.637949549095125,0.972913471517988
0.0112323041412807,-0.0160382851835909,0.0321309251191111,-0.0139892824702133,0.0105410272944446,0.0680374570576733,0.989785598149006,0.902724673706798,0.952696794652105,0.982439873678365
0.0303267792330268,-0.0374677314539413,-0.125506625248952,0.00145269268604736,-0.00014047809988236,-0.00542601001642493,0.963097912663782,1.00957649019149,0.607542308574315,0.945813615063988
-0.00317024405808243,0.00464700668645027,0.215574720794796,0.00334898504911023,0.0199038784295886,0.168870283617741,0.998972557051008,0.939019434292241,1.5600320664449,0.993201180554373
-0.00970474846959294,0.0103739308249494,0.013499881462066,0.0194251608685568,-0.00553016856949521,-0.00934512666463476,0.984467498297976,1.01095279465151,0.995746333411757,0.972449770844142
-0.0133204939077889,0.0197636573968518,-0.00850761393199057,0.0106744577475106,0.0128931747363144,-0.00784196687245395,0.945481813793557,1.00264888361448,0.840192154822597,0.987792420857037
-0.0022688056994769,-0.00256089571139313,0.0358777685885973,0.0186211128793412,-0.0291358102666372,0.0381082944431231,0.950981633763062,1.05682400775157,1.20045748196662,0.896070712793959
-0.00496562831189383,0.00567491332398501,0.0810706639846215,0.0103927444285293,0.0300138412790415,0.0180199150040295,0.979535966998555,0.945988345672171,1.39563027697081,0.994454542303478
-0.00716022385020709,0.00887278859756506,-0.0704773049148988,0.0121830565346284,0.0331426946393998,-0.0687615438305036,0.98499186971562,0.925687438129842,1.0629042744595,0.979418560371864
-0.00862429217007621,0.0100110100145029,-0.0515724216788001,-0.0148540376167501,0.00247044090567003,-0.0301985058725636,0.963032564241251,0.953234483715956,1.36622126059489,0.848813826306056
0.0160898586667981,-0.0205800666997805,0.0448022266642026,0.0133521726919384,-0.032797145906878,-0.012275597565349,0.975226248686856,0.949179990197043,0.888516440413649,0.964639668064184
0.00342138665512698,-0.00330334062817998,0.0350561507832987,-0.00752436668165213,-0.00636393724805421,0.0627719895652018,0.965219437329341,1.08012887580378,0.84592923839768,0.954110596511604
-0.00443768196316052,0.00689347693731478,0.0371874663634282,-0.0112908332287518,0.0241810706745787,0.0631958085588396,0.975399770614726,0.954668873860356,1.18843645439591,0.986283242520536
0.00088446916207472,0.00188900464411595,0.11165096695368,0.0235301437487159,0.0218617736556115,0.0231200084483372,0.999472956820454,1.0661097009873,1.12569901555285,0.994640770272844
-0.00373912687575734,0.00491804624581551,0.18843959817738,-0.0116435413270779,-0.00639560935434933,0.0336194526655579,0.984114360658576,1.03402876067681,1.05336706863348,0.920798148602918
0.0111325200848843,-0.00918595339904336,-0.0553895654181736,-0.00305003234783433,-0.00948091298959541,0.0662866654325224,0.950994920396628,1.01443060397278,1.07105081554505,0.882255661456159
-0.00036006116503124,-0.00036162541998588,0.0142401621499289,-0.013436658976571,-0.027037818472989,0.05398994855945,0.982533212071787,1.08193338742628,1.23419161829271,0.84508252467835
0.00478288646136637,-0.00196459857577614,0.16142975268911,0.0250536498025135,-0.00392266726101246,0.121084774211751,0.998632836983786,1.05056553312105,1.15480512088785,0.946600600361415
-0.00145252310536804,0.00266564555910203,0.0071340944427008,-0.00095407756424465,-0.0188736887790299,-0.0272818593238897,0.873087179725947,1.08131048721499,1.06236430248069,0.880772737319442
0.00713426472122819,-0.00796922451349112,0.0708854140141029,0.0213845932418048,0.0127391573716768,0.00122774075869595,0.962209708723837,1.12758448092172,1.10743637415576,0.99413254684785
0.00019177255713888,-0.00145967044646558,0.2793655657002,0.0101901831144756,0.00411872314408997,0.0231755258183809,0.994841047544647,0.904606103517234,1.22218054964585,0.99338065957772
-0.00090518201426247,0.00510524381152449,0.0238684331376025,-0.0180748567525461,-0.00675863616706218,0.00171958223103361,0.937584303372108,1.07092596692938,0.949053232519658,0.95689494998813
-0.00297510195284562,0.00679436241412701,0.0328135726290772,-0.0130598874970661,0.0142256634579916,0.0577672785812983,0.988735401918095,1.06033220961898,0.821462220505012,0.889974878782844
-0.00653738871085471,0.00421437011816103,-0.0292215467274887,0.0206318581588218,0.0427349304397616,0.0216959156627378,0.994399056271751,1.02257266821675,1.41534716026286,0.960927244282897
-0.0127249970013807,0.0167725538818741,0.213447217373678,0.00158742407279371,0.028164324685296,0.100585255862402,0.976578989662966,1.11784703787081,1.34830006654689,0.962766056926199
-0.00821882424415437,0.00919319807032251,0.00458102938982358,0.00326266065713025,-0.00404311979139076,0.0118920580309226,0.972969441521498,1.02250507459759,0.935403355262373,0.913517898433919
0.00532613419642126,-0.00797602195890896,-0.0897437994684603,-0.0204624679785806,0.0219645989333709,-0.00053368611229726,0.945142912476993,0.97654297688153,0.63212494748282,0.979776531108024
-0.0139160073402673,0.0166773108998018,0.0416150682615717,-0.012973945400588,-0.00026649829252547,-0.0449107666361364,0.966660954277158,1.02452877803111,0.952321080040393,0.84107915524715
0.00757292468439129,-0.0131802582833827,-0.111069379402479,-0.006481971988217,0.0327062136993921,-0.103707685966548,0.973569830881321,0.995679406111412,1.16519134470222,0.877776839559003
-0.0121440242278513,0.0113761625506082,-0.00474763442755233,0.0234407635752571,-0.0281724837327739,0.00160844660775795,0.918935078104197,0.960479849616335,0.805459749907608,0.994979705407407
0.0098761765176135,-0.0130135902377861,0.069501693972391,0.0284606871402106,-7.02145756823537e-05,0.0834725789837813,0.99646612181927,0.9740688458022,0.963349228470417,0.973995906506368
0.00960675016675289,-0.0109759941408831,0.0858240226530788,-0.0226541048184539,0.00284793161949854,-0.0886737686394153,0.916560879098082,0.956118807563551,1.11059280020044,0.997574794810847
0.00347473257563636,-0.0014662849487117,0.0568617349018438,0.021171392174253,0.00353415706835864,0.0158863505977855,0.969045920592412,0.947661393078879,1.08580538334837,0.991324925202643
-0.00494339768175802,0.006463402941826,0.0622150156526644,0.0273708754209115,-0.0220540875197909,-0.0342784895834196,0.896212283283819,0.998863696973824,1.18032504550652,0.948923149480086
0.00446881022935476,-0.00751049118584798,-0.0272389365232307,-0.0295306505497434,0.00360282798625957,-0.05039268415371,0.94962937465607,1.07297020972336,0.950659285234038,0.977368446657408
0.00108862814520393,-0.0010849300594424,-0.0252402186565911,-0.015848344468303,0.00814665286309233,0.0104893468440865,0.905197177424541,0.868702616830758,0.775082574419469,0.91130052783973
0.015038179140749,-0.0177388519527569,0.0332350644556945,-0.018473234634638,0.0202140140180322,0.0654337256760996,0.977252402721529,1.07565121122939,0.896919944265217,0.94603009313147
0.0156690863486335,-0.0203267866602344,-0.0847752026246509,0.00465329422788687,0.0281779810060747,-0.130840980216331,0.878285855396585,0.939985590604456,0.731327911431648,0.965344304059553
0.00440693725828488,-0.00201415447812595,-0.0139565476354522,-0.0376505704863388,0.0368028234199606,-0.0731821747976707,0.983252652882939,0.971466093796397,1.10444378911536,0.976933811506811
0.00664333295095033,-0.0084530888990803,-0.00469257574999415,0.0136695608107219,0.00246569943843764,0.0243897559473295,0.989320320589613,0.992565515939912,1.36495936657085,0.978444950131596
-0.0106475992993542,0.0138489334443144,0.0142717800063655,0.0102489853108851,0.0235090678226734,0.0175926235438187,0.986347591186026,1.00301836945348,1.25802719445123,0.984064652343016
0.019689598879967,-0.0256181325962709,-0.026697777573412,0.0123745146607012,-0.0146700779238572,0.0500048698489273,0.975406664130711,0.961030523079845,0.880803297624936,0.901763876068562
-0.0145588414904042,0.019828392274038,0.0839261986922166,-0.0175973131091953,0.00597905099143056,0.0861280928612433,0.988646508385991,0.996129000486758,1.04883836427455,0.9956021173406
-0.015079843073058,0.0179417009597213,0.0270417226481367,0.0136376150455017,0.0207225957037217,0.0409125145837324,0.987058287715871,0.961396470132568,1.35378710583217,0.906268264603155
0.00609837218346371,-0.00509247058286189,0.102935095431674,-0.00301896107708522,0.0229363504114308,0.0207389992572681,0.984777042125502,1.02443173636014,0.889267725984077,0.981023704734722
-0.0208631592053543,0.0219522041736261,-0.0769731295139939,0.02013076240147,-0.00318768094323415,0.00750476636263516,0.945007152886859,0.906435267049016,0.765170650587596,0.910110150735155
0.0099941056146412,-0.015045333797897,0.00233530175070557,0.00714798634081469,0.00492334512327198,-0.0444312071599115,0.929949057985665,0.912169677890037,0.999591831271503,0.969983866683587
0.010436722613233,-0.011663268216334,-0.143685330547629,0.0125550462502993,0.00695933142743013,0.0261517196324167,0.933203961979683,0.890367601471999,1.32467959143224,0.971441798549492
-0.00267941975960927,0.00085400169724861,-0.0677821608314715,0.022970785848211,-0.0379303705846688,-0.0856084934783465,0.887343034723773,0.953409444212464,0.888354995391747,0.971279464292396
0.0158675736890347,-0.0211240481549742,0.100670028198399,-0.0370601662768014,-0.017034625545836,-0.0491043828606134,0.896454703287488,0.977284810312255,0.84988836960418,0.946647199954977
-0.00242940725918587,0.00266911301234115,-0.0746013125382514,0.0148700203050461,0.0103745003644582,-0.0268263484214268,0.96815462686696,1.01679601210071,0.756336519581659,0.993304654062707
0.024068245221545,-0.0282207957673777,-0.0839002341939276,-0.0131663672931065,-0.0115199510846114,-0.0429589398631992,0.942623332792023,0.99955521293783,0.766352292530629,0.862145695344572
0.00721842822523598,-0.00844269136471597,0.00500513543338099,-0.00590591862637042,0.0061013470294131,0.00639173611992027,0.809175438011119,1.05103290748083,1.1633310182673,0.979889475241127
-0.00248198983776674,-0.00026778678714248,0.0203815086097176,-0.0298021005056128,0.0138072270322895,0.0159822526884774,0.959325523686167,1.019093221109,0.961298934670803,0.977797468274047
0.00591095267265734,-0.00769897601289451,0.0138554181466822,0.0389992424308371,-0.024807675412497,0.0989434212798425,0.989840143647737,1.14020929521943,1.26427141183624,0.927781216657755
-0.00553428125297471,0.00882373872222739,0.165410384946764,0.00337638175217587,0.00062777351924129,0.0806154995515112,0.993777478187164,0.863113296587009,0.802479104487106,0.99698963480647
-0.00495955041714962,0.00675636178908485,0.0597578324747736,-0.0223762798534731,0.0242178529403168,-0.0105800001818577,0.944696847944833,0.967459610639531,0.939079730870331,0.917423236724766
-0.00650693477264004,0.0053138163429341,0.0746739682997237,-0.01094557556196,-0.00187285053487152,0.0159888318070794,0.978390835485235,0.966981678657644,1.30146112269237,0.885933420121616
0.0139277856568643,-0.0178603769681793,-0.0151247719841432,-0.00854962550016561,-0.013711624838881,-0.019893883240734,0.893378373482093,1.00652833576419,1.10235170679078,0.91714478380378
0.00376462555925741,-0.00415233519597916,-0.023902057856929,0.0196440115905436,0.00493765114434966,0.0557231119634505,0.965312259943496,1.08304811493563,1.38967693763586,0.969588731121409
0.0108529844135363,-0.0124548848708343,-0.00953476083544241,0.00206112964240156,0.00349839739070417,-0.00353038616957619,0.859552526823488,0.934880147007821,0.891385457295733,0.881852482724793
0.0246307314429575,-0.0302398584113899,0.138484240021071,-0.0120011250654066,-0.0140243192850568,0.0164551479853025,0.957739178851273,0.947390608004116,1.09381478298737,0.90509138144447
0.00219728531357693,-0.0019034230306772,0.0388827094107632,0.01452224502494,-0.0317999739971848,-0.108392131648619,0.935968224558284,1.03330640108795,1.06428683636145,0.930899239319278
-0.00373221874383625,0.00272740695116906,0.197113082171339,0.0243292119055694,0.0359343044983383,0.0148528287935531,0.96306994080657,1.14389168506075,1.56400781105501,0.95905038164873
0.0254734955752815,-0.0275692242300868,-0.0227996175154565,0.0197841804196211,-0.00231269520943129,-0.0232945301196942,0.920012364216654,1.03207063427601,1.1443277791459,0.921429591259694
-0.00304260561213034,0.00237861553678943,-0.0649120248357073,0.0118784434822379,0.00432156375470157,0.0342314979709027,0.947581700626053,1.09995327734033,0.97869257662055,0.953988284480657
0.00136402238787346,0.00113113519563349,-0.00969091626376839,-0.0118797965118438,-0.0163220878673694,-0.0271945776411588,0.949207080570016,1.00965158291861,1.12382752612627,0.864359947492382
-0.013032584169948,0.0158959119450831,-0.0439439936790538,-0.0440019392329115,-0.047293096007044,0.00682925664550324,0.894555892198979,0.96352196874138,0.609381470248741,0.798408196019564
-0.0129682812740126,0.0164084923829303,-0.0279138401343844,-0.0132949574090151,-0.01507850560078,-0.0568927936357521,0.99406672883137,0.946220569955227,0.800233682472992,0.887317407366018
-0.0149659820236114,0.0201385374200861,0.0168159359756145,0.0387129353720702,-0.0112073992090555,0.0453951991640182,0.941856416157006,1.04181831699395,1.31737173375013,0.98294706751972
0.0159456665341221,-0.0205084087456128,-0.00521243010276418,0.0278068492972919,-0.0139970228284942,0.0201390345735794,0.994508995447143,0.97019371040323,0.968632820115021,0.960084276491822
-0.011088907527189,0.00905706879909208,-0.0132447819333966,0.0130443886981115,0.00882055008103286,0.0955755344332202,0.988333234307334,0.979418981183469,0.938363212848732,0.937851840909031
-0.0184230522066896,0.0212812987055435,0.0856267450228346,0.0226689371497417,0.0202941262704373,0.0554759225864794,0.988867212477895,1.0296711297792,1.37308358669672,0.944867773853774
0.00768099043630105,-0.00855403045304246,-0.0376693754747146,0.0107818000547959,0.019692897750808,0.0519592828217476,0.994256740342137,1.01894544382954,0.938989625651093,0.96902803547504
0.0104297587645497,-0.0161488905451305,0.00644876249167425,-0.00614996307097236,-0.0199382201522621,-0.0917108764128786,0.956121165466088,1.03506251197085,1.24737600855638,0.855337718671142
-0.00091034315177417,0.00303983888485742,-0.00965534209414065,0.00582367656724888,0.0110515821547352,-0.0415954853975848,0.940463914230168,1.03694128775705,0.964804750181009,0.964091068079832
-0.00011336836263479,-0.00115364069761985,-0.0722549673877178,-0.00525120864323879,0.0234651825322285,0.0357219771344857,0.94059739863302,1.01539574015375,0.836037669185137,0.978423889813803
0.00491920786749264,-0.00525313902212259,-0.00069506119782542,-0.00683830188123975,0.0143220877355914,-0.0137281713456431,0.94463381148196,1.04243631035046,0.86986831502812,0.996356810436606
-0.00498091749368148,0.00766417816600918,-0.0747436557300486,-0.0369901091199181,0.0393704663194587,0.0279263536649928,0.939183158754658,0.957263467633727,0.953598371269459,0.887586291283275
0.0279382368804397,-0.0367933892542492,-0.0402472936793599,0.0033031473472773,0.00721921307919066,-0.0545630033116231,0.94529198124731,0.967254264262418,1.10937306457421,0.978115394904305
-0.00777142242981066,0.0110891326654291,-0.0351651313200528,0.0260033095735327,0.00477654882678083,-0.00945591772547659,0.953243741543522,1.1039346933184,0.799343728541208,0.940594991351441
-0.00789815018357611,0.00813214571540583,-0.0436371577542908,0.00345122152293954,-0.00907280778438063,-0.078222341787979,0.911050870090099,1.02366360018427,0.970861996512357,0.996624830917345
0.00943024280931056,-0.0109228609376299,-0.0961198673689636,-0.0536820055312815,-0.00754694571687846,-0.0727745637206029,0.90948113724519,0.943293671537556,0.955234378192553,0.827517005004624
0.00714215527385553,-0.00882529621726968,0.0280234864101362,-0.0136440804390035,0.0243068958757059,0.039566549036194,0.973235364522545,0.996690403495798,1.01650100885387,0.994042909037812
0.0132150524158494,-0.0149502430974928,0.00602809001745358,0.0055381984821846,0.0109786553693482,-0.0409628130577065,0.921540632921501,0.980694862584495,0.709580933913189,0.808669136571947
0.0109074995606876,-0.0136060511376798,-0.00128490623893129,0.012476638770697,0.00153693671264066,0.0839720955690975,0.9454260932766,0.971686810002377,1.11418031781209,0.94830462879302
0.0104330045401384,-0.0128352310110693,-0.0360436558089287,-0.0170341071774607,0.00367658324633277,-0.0716299310223314,0.893239965050405,1.01252301280764,0.981130276592854,0.81130798376679
0.00031648641399226,0.00012530628345001,0.0525201623972701,0.0159342274376263,-0.022666423941816,-0.047428967784781,0.957711232373794,0.979947566062406,0.893754740694721,0.95856993371332
-0.0232828782269948,0.0281466646121278,0.0170527982659607,0.0409918996040987,-0.017525527683639,0.0806033114416275,0.997906951277885,0.998259803118423,1.22492737737968,0.981893264485053
-0.0139630008825911,0.0172727131227858,-0.00706062643975497,-0.0284203631801714,-0.0107103595738417,-0.0499062499431842,0.841969758132695,0.986460502745242,0.746642297371772,0.901800862658982
0.00791687716080389,-0.00766440580760155,0.0626329733684669,-0.0297043309257406,0.00838680099300903,0.0289326233942742,0.924612533534822,0.962523534199896,0.948490585622942,0.988343460043838
-0.00480196960870809,0.00639683209645184,0.0064479630246827,-0.00650351218379655,-0.0219479490639502,0.0336636310546263,0.979215527906155,1.06050667109054,1.25743714792204,0.904665390213725
-0.0194830020115699,0.0263143709634783,0.0490960605038571,0.0378059673236102,0.0316986517311799,0.127832686390952,0.987819962019579,0.941177229444693,1.26049776692699,0.99980828554141
0.00439173445457852,-0.0052127465537648,-0.0911417727251655,-0.0149218848561367,-0.00641820199105435,0.0684852255012772,0.988080934186769,1.0943867644862,1.18521981663432,0.97276723745425
-0.00938648091484157,0.0137360774907964,0.0802343969487266,0.00171067323825149,0.0154647253065027,-0.0684746439324667,0.965101015155833,1.07334431594789,1.15005152307383,0.971638998541523
0.00373004385532778,-0.00242258200590424,-0.171981621260364,0.0144564605068005,0.0101491979642736,-0.0215439132599543,0.98734367590341,0.945185762340196,0.981723811913272,0.845965365158491
-0.00053577544990177,0.00041756650143117,0.117207018157104,0.0519073556083066,0.00951527933182112,0.117723009688442,0.99646723398153,1.05720633417846,1.15835185049905,0.965598211141609
0.00566811502680862,-0.00636653598641068,-0.087500336053926,0.00889994587220423,0.0265364936623613,0.0403978751853285,0.947208001501474,1.12949751951961,0.932337479892827,0.963524188522268
0.00036540416706566,-0.00207270039216861,0.191137402361766,0.00297003371364746,0.0684214056027278,0.110444497935125,0.993822283020806,1.04218204417812,1.57273122070617,0.999841634588848
-0.00569288494922954,0.00661324643224613,-0.0646601983565043,-0.0139175932080765,-0.0289709031209022,-0.100536035986822,0.907008248531985,1.06732595643412,0.832299746352468,0.988078724143716
-6.74039898638707e-05,0.00083727406146781,-0.0396495995902358,-0.00401161234912363,-0.0125509308850963,-0.0227348906961799,0.855546167050749,0.983869126564515,0.825203813026342,0.973191765739363
0.0167578250105799,-0.0203258823044216,-0.088436818744801,-0.00124435561422558,-0.0217428844303579,-0.00319918616592425,0.936263830874803,1.01637955463615,0.954123454421943,0.937583102232337
0.00626716609401805,-0.00993394004316549,-0.0434102968977101,-0.0327317017603582,-0.0165360988922338,-0.0454518543199034,0.959762765767403,1.13655692297223,0.833628643549212,0.924086071555777
-0.00371989446416884,0.00476154229517076,0.0503411295456337,0.0186390567243539,0.03050657157738,0.211641617715019,0.993040648454263,0.931457380512481,1.23752916387973,0.970476804128699
-0.00864549269550561,0.00781279206298831,0.0456479080137589,0.0135903364667788,0.0110621449353786,0.0977129091528903,0.980124782882169,1.00423904951096,1.17894587773657,0.986128478612938
-0.00899056261115078,0.0131431800118159,0.15466974911284,0.0404084852506414,0.0353377265843161,0.123461261383264,0.998319255628994,0.873708343076045,1.27385141603598,0.999200489363703
-0.0198385485564967,0.0262429176508069,0.0617892162311751,-0.0012106363715883,-0.0256488343434539,0.0614757097371968,0.967891050337866,1.11069708363029,1.23502988243342,0.949582556724687
0.00442831955280409,-0.00155932403604464,0.0608535420317863,0.00834236818862823,-0.0075097389170837,0.0276349764477277,0.964478724503693,0.973869045791624,1.03930592554119,0.95482277188304
0.00121015459406744,-0.00191333107264694,-0.0447677841854053,-0.00184098386550656,0.0206753799108256,0.0986119281878716,0.995876939014483,1.03062828119264,1.06380430795545,0.998142047406153
-0.00557322126323412,0.00542648887432607,-0.108164920068256,-0.00898361320380646,0.0161735261043859,-0.0543479103425655,0.950290755336008,0.930340560019931,0.920591946055789,0.983953075035443
-0.00603001497026896,0.00459325771090635,0.0973882387490356,0.00145946882622155,-0.018606384845104,0.0507781370925948,0.967560411000317,0.965443488895641,0.928015329780747,0.998260991745513
0.00583423179281543,-0.0123639293235137,-0.0485383746857633,0.0358696007789736,0.00131379040065379,0.0628224799692612,0.852836167813604,1.00981947897655,1.27648942937853,0.95956614018876
-0.00544079308975342,0.00660150490353993,-0.0212134468814276,-0.0236175851871502,-0.00686467717805098,0.0942978823905181,0.983496947875361,1.02093545701055,1.15224200292696,0.991700950024771
0.0197847199062137,-0.0237685669645769,-0.1223599997827,-0.0273692680807791,-0.015316136477268,-0.0436374876733436,0.965452981238963,0.993117971985427,0.686587599413889,0.965342619152627
-0.0106056157734975,0.0133193861271979,0.0724704276499885,0.00389356468262615,0.00418784395704887,0.0171219643589608,0.987643368256389,0.931083210767571,0.952919744269458,0.967195289189359
0.0127223441113597,-0.0162580891373199,0.0146527455648561,0.0163626882602325,-0.00969665240478497,-0.0393490247719111,0.93763137207665,1.06797192240527,1.23594716095506,0.960552176774767
0.0146028257547056,-0.019965081176699,0.0380966381746836,-0.0306289150672657,-0.0295549544815619,0.00753373674729627,0.949858489784302,1.02497301736558,0.80463628472742,0.95520089583
0.00124316455206744,-0.00236286009562565,-0.00424325074685833,0.0623957067600413,0.022260387866243,0.0806127215937665,0.991009378744611,0.99719084334011,1.16708036389579,0.979362256195425
-0.01217448159873,0.0156249834148598,0.0168459985372206,-0.00426549109961069,-0.00418817273076483,-0.0159689293802065,0.978231711684928,1.06917002847187,0.946607730477968,0.987017491826406
-0.019674152098378,0.0239041509193778,-0.0686743660179761,-0.00340407030141991,-0.00198956095896007,-0.0105854526222515,0.849006203091325,1.04116107748109,0.865672013348892,0.995619938161014
-0.00580618090548056,0.00725249377511992,-0.0605394294643274,0.00632717774443763,0.0437796275235408,0.0926957050567806,0.978453538113102,1.05192152577451,1.16912410423254,0.942457386265508
-0.00432899904570232,0.00558394164079222,0.164882164262245,-0.00495818675289624,0.012063259569529,0.0243268844327809,0.973719938255027,0.963252683103328,1.18862760727751,0.994734453627214
0.0214894642556055,-0.0250700457663388,-0.159503352551367,0.0225851931587891,-0.0102391404664385,0.0174433956472775,0.964644201372339,1.04811808754264,0.90730460999883,0.902964781260862
0.00428221428843401,-0.00246874085536477,0.184402069065773,-0.0369395626991851,-0.0254836377894503,-0.13129656997984,0.944808321405791,0.942882789425086,1.13724552128193,0.889406703072433
-0.0161173155451565,0.0177779767982412,0.0599296946014832,-0.00186551953070188,-0.00195934172057592,0.0237441195988845,0.987490048144673,0.990282001099911,1.36726160828717,0.904770009990129
-0.0097849123999989,0.010342650545057,-0.00897275120673685,-0.0264795817396656,0.0378448126654394,-0.0328486686463081,0.993495459544171,0.893832985575871,0.876247942812993,0.979530791774774
-0.0055243397552828,0.00809213303849323,0.025025842871942,-0.015535495929386,-0.0192963535117197,0.0390712258680842,0.969221331525061,1.00761950558815,0.809994111135184,0.958966919689121
0.013034949597229,-0.0138457981015576,-0.0482790237755629,0.0311691446097321,0.00888030306816722,-0.0403452244193105,0.971168590307804,0.988446018466208,1.03203230650367,0.923472760225133
-0.00087531930632361,0.00010962289504197,0.123417772366418,0.0310973726814661,0.00428599974973025,0.00435524970870293,0.967374592386889,1.01619547194951,1.20800743375643,0.97047895777163
-0.00820559666731409,0.00908877601036102,-0.115210360705182,-0.0498765745008721,0.0329548593832793,-0.056657273567597,0.973118171331605,1.02468556070364,0.800913483234528,0.895929204652843
0.0187807823231958,-0.0264292047942315,-0.0389306351140458,0.0112298523670619,-0.026245880577284,-0.03563776549807,0.96030412610881,1.05949687412578,0.963547873246405,0.954767373696837
0.00640215566698293,-0.00747901595552046,-0.0714288476553313,0.0125104039024789,-0.0155316987624602,0.0921405089632185,0.961739830210925,1.05961296544655,0.984202458023571,0.934701395168472
-0.00932723464337818,0.0106658002335415,0.226678101126067,-0.00460273131610742,-0.0405889767395854,-0.0679535666258924,0.946396329477442,1.05937911804992,0.90027884138079,0.980400834615035
-0.0122385068582156,0.0175793479113329,-0.0048591699041704,-0.00641239637479573,0.017311056329096,0.0745351957780992,0.962822705885023,0.89080610358571,1.12950922392023,0.986405404604878
-0.00180284242861493,0.00070404383093874,0.171640728597557,-0.0111238811113002,-0.0117045870227303,-0.00097195862854154,0.97940191161893,1.04092827841083,1.04624583972812,0.961908724436468
-0.00794505335281846,0.00882145814065345,0.179102328111765,-0.0198027429948897,0.0129944560669298,0.0705339011788505,0.952858540397448,1.04518892516667,1.05542006152929,0.934668473368024
0.0119765975495088,-0.0123803521677934,-0.0393463118168434,0.00481693388540751,-0.0139194849223849,0.0035587266652921,0.89508753218602,1.13331683786386,0.933781301532648,0.925530085477508
0.00423885464392858,-0.0028953533101198,-0.0335666959554909,-0.0256797911554682,0.0115291671910834,-0.00421664648092889,0.991263091779858,1.03604875288952,1.05638090316893,0.990555631939699
0.00682298922283064,-0.00982065004945362,-0.075174910268391,-0.0217208885513238,0.0358550578659472,0.0717448355064322,0.951634545568652,1.08110598262026,0.656884749052811,0.967722653744865
0.00412028306791183,-0.00633303922800592,0.0347412065428523,0.0175146207916668,-0.0282612821503262,0.0387195558059274,0.938765106484327,0.978563240149224,1.35106972088612,0.95191867273912
0.0116008594914645,-0.0155903058353097,-0.0355888569574193,0.0452592140439308,0.0120863023058594,0.00796157624146901,0.985504642062381,1.03345758248619,0.874821545399879,0.998884296393412
-0.00710486633703156,0.00668519253160609,-0.116244064034144,-0.00287798480820544,-0.0173750495491833,-0.140177889116356,0.753724882864618,0.884508106169637,0.749122633864042,0.767809709096696
-0.0159495288868313,0.0216371381359879,-0.015317050788852,-0.0333437511353565,-0.00340268117304972,-0.00928666511925933,0.857117004828314,0.857445145046022,0.966362124196851,0.943088214167212
0.00186295776783742,0.00249134371333723,-0.141079183853876,0.0163670014561453,0.0324382707360136,0.111126525427163,0.996385570551603,1.00895051242463,1.12234398537232,0.984646099303387
0.0135354099821804,-0.0144136584256413,0.0661105347796138,-0.00558369569456968,0.0080982714304619,0.125038918333107,0.9914838195181,1.03416040647012,1.42401642628493,0.975196281225901
-0.0272864423960129,0.0323508653127893,-0.118891255348602,-0.00044505478257513,0.00298848674378462,-0.0823217914750094,0.957031709444959,0.833175656296051,0.826085012397323,0.883485846426075
-0.0110040150158801,0.0135373981804291,-0.012335027993071,0.00478764260015281,-0.00943571136755612,-0.0250646424962592,0.935558990877475,1.00154233557794,0.856302442770225,0.969952099390084
-0.00492205316670836,0.00764458210258267,-0.0800141930594273,-0.0420635383890675,-0.00195781061680317,-0.0420892962370523,0.953630669380523,1.04456473731862,0.575156700451102,0.860179119599335
-0.0073569639586667,0.0112906344692972,-0.00678957564833021,-0.0150475942859758,0.0119648280264863,0.00854571466003803,0.993065546930857,1.00226612997921,1.15519066386602,0.912474080081691
0.0211190735512235,-0.0293121878112889,-0.0967910319464472,-0.0020792959319794,0.0268662805868689,-0.0876394110677493,0.978166638417305,1.00118294097435,0.846477330340391,0.913370833860224
-0.00176335681277307,0.00292196211453841,0.0256205712355858,-0.0387500158035739,-0.0168876278719255,-0.0877910896947807,0.939145260691377,0.881961831859774,0.941506439502964,0.889591057491711
0.00315950480733971,0.00014419316193546,-0.147455321321861,0.0109145812008496,-0.0271346460069907,-0.0527989754689195,0.84808901212616,0.956714710624089,0.991743631936779,0.889206230524585
0.016697244158089,-0.0193767205459518,-0.0189206212335802,-0.0531450277858916,-0.00379551487892286,-0.0602213264501643,0.938777254334776,1.02330133900742,0.828867816479269,0.936193736282271
-0.00044893707307358,0.00030052546184144,-0.0512149360293865,0.0179605344597131,-0.0180650571010103,-0.0565707198553966,0.962849743127289,1.10504313014348,0.847884455909836,0.944214774026761
0.00304742987456433,-0.00288953580072531,-0.0717490912872157,0.0159226117395664,-0.0129486458025548,-0.0227580497192865,0.940920467654905,0.982597022267662,0.652551735454718,0.969584806200107
0.00741978758561723,-0.00859234384155474,-0.0584998579992033,-0.0195883467717944,-0.0349099731195175,-0.0535185709501112,0.9253731981643,1.03359036741306,0.830335668600653,0.909000647020845
-0.0130340175684161,0.0148741897209201,-0.0504454346041653,0.00494359264323566,0.0283521436020245,0.0467210014110968,0.975929678489761,1.06694261256797,1.26511968542791,0.990919930776314
-0.00109691777280335,0.00521026485663937,0.149409946450019,-0.0157164988038334,-0.00253054233106198,-0.00979913850740947,0.976551993562141,1.09296465031461,1.02905753956481,0.955725738218284
0.00235281257789982,-0.00203647637894229,-0.0796559460135803,-0.0441309499367362,-0.0354913685260206,-0.00871329580352639,0.882347924981719,0.980344149286644,1.01424278761383,0.861656591482913
-0.002612795705371,0.00257252342445011,0.00723680890025663,0.0228305779645713,0.0344638193367072,0.0804743832300985,0.997152667455979,1.02687538266939,1.15039609747577,0.992559729902853
0.00792752089643209,-0.0122503016662273,0.0252343389594863,0.015286424099464,-0.0468600659349265,-0.0440574592044995,0.948435121054361,0.975508087979929,0.713860956784274,0.809328933921125
-0.0119494831782708,0.0191970059526315,-0.03675483071969,-0.0196605179389632,0.0119617067285389,-0.083223518236524,0.960483895644824,1.16112375151332,0.842251599354229,0.909089542685624
0.0101658769723771,-0.00993821109660172,0.0913081012542507,-0.0014299550194004,-0.00069462704394249,-0.022280322786447,0.866084737053729,1.03140458441234,1.10540551584111,0.925637133180491
-0.0127730171163297,0.0150101317900054,-0.0719950139776517,0.00025659614211896,-0.0314602502465428,-0.00535881532068854,0.971789749952086,1.01475830692654,1.10360865294815,0.880882957857932
0.0109563022571804,-0.0134746317627217,0.0525314473086533,-3.00726771974678e-05,-0.00418575932257735,0.116153298116936,0.999655762232173,1.00830216764419,0.954011532394672,0.961435256647445
0.0127139483623912,-0.01380736816754,-0.035883634760434,-0.00311202835594121,0.0112323365165123,-0.00582151971457392,0.965329224339955,1.037303145512,1.1097193299451,0.944440756493617
0.0127605064530943,-0.0149741583000923,-0.00263579846856526,-0.0109568190615384,0.0206400160468473,0.0122879953800677,0.890812327868567,0.935849298595809,0.76569401432146,0.975515049268099
-0.00799244106799497,0.0099650286604675,0.0178687667110212,0.00647434231280645,-0.0158492620436794,-0.0716162452659065,0.912081802109018,1.05221738143328,0.839011425843676,0.927092349244005
-0.00407164928373407,0.0063714403354194,-0.0436608964485912,-0.0101704493784599,-0.0133937480350925,-0.0683470851291283,0.894324792891966,1.1272845093023,0.852897562060486,0.946523235966575
0.00023621885634328,-2.12719747829711e-05,-0.119286918411799,0.0264368617747468,0.0175106557202463,0.0123612123544333,0.956951116960751,0.958331050446594,0.924846633903475,0.965091027011805
-0.0147996641274931,0.0191060593153382,0.0941516185534865,0.0104365012016126,-0.00280815669804897,-0.00210318695659873,0.980821319076384,1.03166834068393,0.878400207530971,0.990516419040559
0.00053829674597762,0.00010643391789141,0.0248475043946006,0.00573957469570998,-0.0213793089313327,-0.0241725356824619,0.914639881875222,0.982381410930833,0.978583497375865,0.971494331376435
-0.00895584966446286,0.0125821452071722,0.140981031135299,-0.0257892778361701,0.00652883363463256,-0.00492674549731117,0.977089675604769,0.978537595828109,0.939568868951603,0.929394921813964
0.00643213312955708,-0.00837648037678276,-0.0363691341907021,-0.008081509402107,-0.014784953078176,-0.0356251451492961,0.879856525917245,0.905937331170721,0.501436461471185,0.940959001251453
0.00941225372193108,-0.0164275338806213,-0.0762611700483054,0.0525741544145248,-0.0052577240649294,-0.00192533871339202,0.983413073947695,1.06779761118247,1.11856518027633,0.975716201687298
-0.0180771990655831,0.0233589785799194,0.0346922498051367,0.0266855079951937,-0.0124300431981891,0.111158043905875,0.966465883616914,1.06656144419287,0.969605664547275,0.877914614087374
-0.00138491236079742,0.00167245181054761,0.146724286758113,-0.020339360823092,-0.0466403490311856,-0.0884929823698909,0.918423768894259,1.04074774941842,0.71318995394126,0.950979777800117
-0.0150751216859341,0.0188883728958668,-0.0716329945031542,-0.0279733353287458,0.0100693340233055,0.0599016147793155,0.965423099844201,0.964159047259607,0.909675391564033,0.886892735061054
-0.00513262975800978,0.00346704457500013,0.0951173097250911,-0.0240044233497648,0.0153353941046516,0.0258465302590004,0.958914292711078,1.15907276712144,1.10378048154152,0.969803517471598
0.00902145326475904,-0.0130237783887796,-0.0479927240010073,-0.00681572941852011,0.0146920271939114,0.0669511075213922,0.969083058421942,0.974292863868677,1.09311857539992,0.97713935369962
0.00473260061825331,-0.00483669556747662,0.141830204482915,-0.0154143132297622,0.00506034016188328,-0.02353009464364,0.978724739856293,0.899988392954502,0.928249776072075,0.953070201969321
-0.00050618505857805,-0.00130171030548366,-0.135910877930951,0.00443782300862808,0.00220059950316396,-0.102601230036015,0.874279267348051,0.977297653256862,0.885220860498721,0.976639461174507
0.00939817834417424,-0.0136005504380915,0.015581830897598,0.0293669170909865,-0.010913759850101,-0.0301063132898692,0.936369816542768,0.999613787815497,1.2736742653647,0.946781597499323
0.00921226595613231,-0.00943895293816612,0.0940308969647446,0.0296934545798876,-0.0219600071382268,0.111116663102428,0.999959322198661,0.951277150359626,0.984570412416747,0.996342885096972
0.0129923477713983,-0.0111728989501486,-0.0024762581049404,0.0106560779144965,-0.0224934901820928,0.0616674195655334,0.979236667803104,1.04226280406496,1.10991643685502,0.916129250026329
0.00866319798111814,-0.0108081571401683,0.053673878943939,-0.00435953863223463,0.0166610595971109,0.0399402467726272,0.917350015723722,0.991409231388525,1.06685082370367,0.929467982949298
0.00016885216599897,0.00131584836012423,-0.07901745673563,-0.0122080190534212,-0.00266343452175367,-0.0581622080666381,0.983432140109248,0.968930723499003,0.983946394208077,0.981798848482012
-0.00391011004992622,0.00717916277904865,0.0708865003704051,-0.0131445027800816,-0.0296612375914757,-0.060606431791974,0.953732629679666,0.96390349437882,1.01636149166971,0.94633516605103
-0.00324200976679862,0.00509862899167145,0.06066617922016,0.00502111849969034,-0.0255814597513396,-0.0279122168197273,0.941236982463178,0.998690161380696,0.994102247485343,0.975272771678327
0.00092416843676599,0.00253180580304176,-0.100265908896483,0.0142829874610022,-0.0128151590460845,-0.0360095124681991,0.988321556528733,1.15373744669498,1.26103296242649,0.931868563253992
0.009316413649851,-0.0133822901096719,-0.02098970699665,0.0354136261451262,0.019257782864331,0.0157725719488029,0.941454274405262,1.0110910140928,1.03650259063901,0.978748087854537
-0.00256831002813079,0.00216494299175557,-0.0747263223464996,-0.00132438798607448,-0.0188102453651986,-0.0283109305029064,0.979360889407117,1.03111701450577,1.06016220222684,0.876589529486712
0.00090475399044147,-0.00188640036614411,0.0257086825967573,0.0372189006557639,-0.00039919178659704,-0.0715714032875989,0.949999891163696,0.937053806132553,0.905139716293242,0.883331540082959
0.0142575310520559,-0.0196427650009633,0.127731215676621,-0.0261507610398869,-0.00052555242472355,0.0366937349294307,0.962821209690098,1.00196204191889,0.855387125572542,0.951894981120306
-0.0114387255592464,0.0157180290889667,0.0302091285361328,-0.0099869361727778,0.0179211522847989,0.0914840359116607,0.964869441607641,0.956119204132966,1.02926550109625,0.971959866215633
0.00930576956337279,-0.0116895072993196,0.00560592828119161,0.00353990108454538,-0.010517034245927,0.0820166628825179,0.975728390503491,1.06260799407892,1.20666737512787,0.981824466856497
-0.00109733991956533,0.00268391035111469,0.0280493308816516,0.0179174821404527,0.0219589191476572,0.0418945572878864,0.951992106703783,1.01495012105075,1.20126701338948,0.954626261738867
-0.00501421519823216,0.00576048053471658,-0.0102246661370974,-0.0120214182915913,-0.0182559573077277,-0.00583907532610384,0.889098618438858,1.04253310782414,0.808163006661021,0.954172411522219
0.0119188179257943,-0.0132242782709389,0.0830130274499493,-0.00967569434090158,-0.00891895968786279,0.0543122800438114,0.986076961324115,1.05359334299846,1.14523528766738,0.929169830784296
-0.00053166042829563,-0.00093785235706429,0.0586847015287265,0.00506373487806357,-0.00781055224826024,0.0382699945235018,0.915134580802275,0.961450677118417,0.988172429913091,0.898690509935632
0.00762574054456973,-0.0122343095471163,-0.0182909417839303,-0.0264485934077156,0.0018105347176381,-0.0286688038999326,0.957127037867241,0.9394004257398,1.07341583401037,0.918503546871984
-0.019742414557117,0.0248187874411482,-0.0111754845610798,-0.0172735443348565,-0.0134480776759859,-0.0727113629887576,0.913833851441603,1.03995865356783,1.34343142171864,0.817333315815577
0.00366401304439601,-0.00289669415933239,-0.0386342629444302,-0.0495448852785609,-0.0282062131671636,-0.0535279410490237,0.96496538817852,1.07340607720761,0.758546488000223,0.879542685884785
-0.00699237304838651,0.00893233024423285,0.0130967538632436,0.0230100563023865,0.0182093441489666,0.0379539803149858,0.955238504577141,1.0720532915901,0.994897828643269,0.9711223146644
0.00688817983446276,-0.00871801226190871,-0.0282882307190078,0.00791191877904022,-0.00109103699367042,0.0291919649704398,0.971450006649016,0.964439958382279,0.861739266045766,0.95301060336094
0.00963243612767345,-0.0109690009541184,0.00345902934358144,-0.00038431222932355,0.00800108464084904,0.106979288378692,0.987604694434026,0.987853719885082,0.949782183132665,0.912702154590553
0.0157095138160668,-0.0205678429139607,0.119177880540597,-0.0234735523365814,0.00968771892467822,-0.109408662175909,0.93093289077705,0.981151586299487,0.984618134181745,0.928442720046962
-0.020963578453416,0.0244388262781801,-0.0718705963491398,-0.023630178244073,0.0274703129589661,-0.0588910277887312,0.889966130363097,1.00517315436688,0.922975841992859,0.954432092070155
-0.00480907826369843,0.00361370214769761,0.0729411060667863,-0.00516916529325916,-0.0194997412971189,-0.0930248589005723,0.88473819819574,0.948844917823521,1.04706069343276,0.938268342225198
-0.00393423719322746,0.0049036834517349,0.134583891334927,0.00313692947159367,-0.00864587316843367,-0.00795893379953602,0.964323368506748,0.891844986966344,0.797151502085055,0.947445329360288
-0.00431269837693993,0.0061710562612354,-0.0645796739073152,-0.0105868308153814,0.0423410595737448,0.0263437832597817,0.984165576897444,1.10819445525201,1.19835488255015,0.940083694280526
0.00169396657863421,-0.00283126473684019,-0.0691814190011428,0.0296239400399448,2.54912905268611e-05,-0.0163717651882175,0.945889887707465,1.00740500306719,0.63538628000353,0.997641888942986
-0.0160746412155633,0.0179660427787484,-0.099495809879749,0.019218789331609,-0.0061931364847226,0.0195720011143544,0.965942065094965,1.12349535457279,0.778655420363337,0.971250683372981
0.00393051532152703,-0.00634641546956063,-0.134473402489942,-0.0118272568364749,-0.0203478275900217,-0.0254508759291567,0.972413555964568,1.05618627645996,0.998163319036456,0.738164050299467
0.0109794103374247,-0.0138681100686515,-0.0196270368870368,-0.00048232654567326,-0.0297647631408824,0.0830333320835829,0.968380986671874,0.96444456794852,1.08921089726978,0.902538006157941
-0.00694893775894503,0.0100153262429303,-0.159376625030508,0.00562430249272128,-0.0317584859908573,-0.151753812719215,0.892999112715331,1.01081426015783,0.885151607145101,0.70201286954271
0.00720026038338453,-0.00823870707749298,-0.0191100143924389,-0.0051252726452223,0.0182508128977074,0.00729894541369662,0.988253041856594,1.01606303238908,1.19215395597131,0.992963524084324
-0.00194885470581256,0.00244251438305032,-0.00359822169419438,-0.0111376151931066,-0.0192235401127857,-0.0560538999148468,0.853551114436197,1.0073058545212,0.602221986657946,0.933549630093111
0.0141891323136776,-0.0175459233462934,0.0635914070839429,-0.01815489645436,-0.0179433633503805,-0.00769723492994848,0.98184869911301,1.04219405963356,1.0289866733035,0.891252787267501
0.0133269690836461,-0.0167069934057559,-0.0407185229733147,-0.0298307876482074,0.0241647822758205,-0.0656531398304882,0.93849488071192,1.01443944799817,0.819896735188839,0.933035343697091
-0.00746092704653816,0.00720932354074602,0.013309904213254,0.00440805520132549,0.0389929960194189,0.0224166534426037,0.970384301397342,1.00463193115667,1.474780869348,0.941277325537431
-0.00738011995721722,0.00775310866009569,0.181885270846713,0.0185220491241059,-0.00679692248728137,0.012038057856809,0.983979300140325,0.963384100321998,0.925339740713542,0.999907980149592
-0.019378381488455,0.021436897365532,-0.0533256564652675,0.0040128439187109,0.0202139945290765,0.0597208051089217,0.998819073954255,1.04887342237877,1.13353095613178,0.998113301219914
0.0235202397824739,-0.026274171652214,0.022063433762311,-0.00707156522188781,0.0396251224711152,-0.0336939076532187,0.964535320839272,1.03394690906835,1.08344624469135,0.99519388413792
-0.0115216510036763,0.0153133882972404,0.0494633672635345,0.0110198119455596,-0.0155922158279947,-0.0209187492993591,0.995344473965962,1.03089877633928,1.14195543837076,0.977054649538621
0.0029961604365648,-0.00078516468683525,0.11509870226133,-0.0103348470147698,-0.027280883226889,-0.0976132138495846,0.964315822344159,0.850793043986663,1.13955078226451,0.835544092691474
-0.00769754048406928,0.00902304318161039,0.0142710669761024,-0.00384278031890095,-0.00379529191974254,0.0828801152633178,0.996733594633081,1.06202063792279,1.34597586527643,0.976221635879785
0.00631979792445955,-0.0105324268846317,-0.0678856521195746,-0.0223879364323724,-0.0223733614690805,-0.0319376013903596,0.829419497553331,1.06982338938109,0.903812527165636,0.921316008496998
0.00629586099303774,-0.00603013963968351,0.125839591763216,-0.00906787446463721,-0.00739346943574933,0.0664741948420312,0.973475110324929,1.03267624262952,0.812489548309634,0.972980765610721
-0.00363047406715123,0.00712472692604421,-0.027888636853677,-0.0125651764108888,0.0258928934296163,0.100758125624079,0.987353862501475,0.930014227781706,1.36486708169926,0.987353363787309
-0.0146162949095804,0.0162709339724831,-0.00403643941730647,0.0162058307190457,0.0165943829002528,-0.0349938203028395,0.97990756228003,0.985400053358099,1.0163861367689,0.951404477360603
0.00307506504545129,-0.00589600490482132,-0.0558479367144567,-0.0186652134781988,-0.016588615193956,-0.0533553856926934,0.920790765880843,1.12436504328355,0.988874768342283,0.898155255888539
-0.0195318742927967,0.0206063485043339,0.00845217525724268,-0.0188710130830505,-0.0132819847961736,-0.107564829821061,0.952279990027257,0.962335908181633,1.06164662699666,0.871939841712621
-0.0137371564469382,0.0149485215476576,-0.089593408298171,-0.0104214459444685,-0.00332595718061791,0.00716084853419956,0.93244643295971,1.06479670726066,0.950253901260652,0.850198746888461
0.00273724028255748,-0.00408780269614435,0.0174371848031395,0.0267829458983912,0.0131133354854337,0.0549646420579809,0.99536374747231,0.906273569230887,1.11594444577048,0.983600278762049
0.00315259688257049,-0.00391548178316205,0.0274218383282093,-0.00640820188160568,-0.00445432278622204,-0.0214586876386772,0.923314095395908,1.05739664680285,1.21228332779616,0.893242979764809
-0.00745533138138751,0.0106305275618143,-0.00919922083279928,-0.00718412375491226,-0.0232576448803123,-0.0475611642084519,0.919623440487454,1.02333781987742,0.844604242266797,0.968443724501773
-0.00246624739749984,0.00422748492720336,0.285897485430721,-0.0274053536156272,0.0104928995447221,-0.0216364133322998,0.985745194348906,0.878436142119726,1.1669985076538,0.978450544190392
-0.014986327838456,0.0201583999933133,-0.0241052301610865,-0.0100666511582466,-0.0297613799122127,-0.0795106506471853,0.886773786550971,1.04193467541269,1.27728221986668,0.954012979988296
0.0145715674764098,-0.0200498145797535,0.0219183446531242,0.0110967075245235,0.0104517330485368,0.0270887965719183,0.937033546817895,0.954926811020443,0.710443028613546,0.918097388836377
0.0010678305764554,0.00253348812509845,0.0773353201560304,-0.00772015193543146,-0.00051552968681099,0.0626144966508128,0.996868854138993,1.09901817003103,1.16537576293194,0.99572990804312
6.35000302763255e-05,-0.00067121834026144,0.0726397594038879,0.0178142864152558,0.0150706688287248,-0.0256305301448157,0.959908144294972,0.998846095090982,1.28585589895802,0.98526725520704
0.0003470881566169,0.00236259952177969,-0.0636959821639028,0.0141281439480497,0.0237659321808043,0.0437676977137265,0.984057175573417,1.07106866793754,1.06222630030769,0.873346588669795
0.0167876358927022,-0.0265889523377467,0.0447696251655891,0.0040392040693687,-0.0171375446093803,-0.128010585718782,0.919798595968514,0.976547037475849,0.936009698621437,0.976313031583243
-0.0156339419826083,0.0147555005181438,0.0690755335673733,0.0116574300703791,-0.0252600161968274,0.0782094928644708,0.972851771986543,0.962230800548913,0.868453883290308,0.990584579827771
0.00017024295496289,-0.00285897302374533,-0.0819324476089824,0.0312789222244266,0.0227250821360776,0.0187792948598055,0.997220017959835,0.92242081580664,0.930011531755927,0.940048257874491
-0.00960061517149282,0.0115306986944953,-0.0876486412728884,-0.00187012551347181,-0.0262910785214147,-0.0131721255398779,0.892429085655237,1.01670875810766,0.989736962274617,0.890206084006154
-0.00380160005633532,0.00384497212880156,-0.0307355955959292,0.0216358702174028,-0.0295858334692915,-0.00527272965265569,0.967728264321668,0.872593657277754,0.866371646690494,0.86223815147115
-0.0143896483361554,0.018840207820419,0.00653336637856361,-0.0225247465055369,-0.00458450115761213,-0.0712141804804129,0.903197325606369,0.941400607038943,0.730287506088463,0.945375457075683
0.0164339792318566,-0.0179773862209325,-0.0788499565139343,0.0149765000995723,0.00637425689879397,0.0576213411380169,0.996475037568027,0.845146547258331,1.40347022752485,0.923541161457189
0.0106754843544371,-0.0145829897290135,0.0568308169084564,-0.0119640703105907,-0.0187954206858791,-0.0846665956594829,0.932397399795512,0.952872525447139,0.925869767033929,0.981339060455569
-0.013539661900295,0.0179219695254803,-0.0951025491420869,-0.0240733881449535,0.0117262781042257,-0.0495063804273883,0.916134741776905,0.970490254038016,1.101471226152,0.914659067473878
0.0108774097260591,-0.0120380972149566,0.0658048615296239,-0.0165780451079449,-0.0116607389342955,0.084010999175377,0.978044154405462,1.0457946726754,1.19404851606972,0.946851207715792
0.019766657153829,-0.0257616341976093,0.00635903044280173,0.031289982161236,-0.00408873424806599,0.0522096435321766,0.985728016266859,0.974946336095544,1.30139201372628,0.99437132799558
0.00422341990468354,-0.00647337169597116,-0.0683041609737571,-0.0427376942486224,-0.00525226177962399,-0.0496343215936857,0.971790522133636,1.08033462292807,0.970091656618276,0.801651893425872
0.00694329819696636,-0.00532895925169481,-0.0279204865617738,0.00781742419316883,-0.0047357872289606,-0.0226130861090141,0.927803265387747,1.07326759900062,1.12115207320229,0.964664618620771
-0.00160027145392418,0.00276940884389196,-0.0168631582150893,-0.0181689564514721,0.00561929809667803,-0.0120661819986771,0.93956093376488,1.04568618505746,1.13652746246333,0.959300666129689
-0.00026065709269383,-0.00178606978965438,-0.0483324678034933,-0.00538891888935119,-0.00529996786683439,0.0174696268662346,0.985623271037058,0.894420113726638,0.939246123937594,0.951977980054051
0.00157429944463444,0.00039214311606747,-0.00169484669413311,0.00380556290844348,-0.0293994350331305,-0.0445333346921622,0.943396869880925,0.919237827063469,0.937106429578223,0.829063742510122
-0.00263117872836984,0.00093522078277992,-0.0719402090402957,0.0478208509415074,0.0217023365195557,-0.0026882200405863,0.998239733970375,1.10404424429659,1.03995172858176,0.842508443292861
0.0112038783190821,-0.0101532760853199,0.033480129339849,-0.0123602606856692,-0.0256856178357157,-0.0162787752266482,0.963823927112493,1.07455080245547,1.19074820827321,0.982343328892404
-0.00100708835731599,-0.00150214541481235,-0.0634670948762599,0.024327205461384,-0.00087383507711757,0.0454865928540188,0.907007798877192,1.0551274331531,1.18325363976339,0.986099204630315
-0.00759237952613228,0.0105143486488465,0.151221294892926,-0.0159345365206118,-0.0049693984114394,-0.100187745031319,0.955104939833125,0.865536452649796,1.1369156794382,0.950566950699124
-0.0044590058926814,0.00857124749459708,-0.0422512209746601,0.00892231836225727,0.00500345871934184,0.0692533191681581,0.977486010274267,0.914975172565849,0.80629378022902,0.997147793861235
-0.0225703645172304,0.0277282710331485,0.109881092016064,-0.0171194387730014,0.00769157685519012,-0.0666524607346897,0.924175289883526,0.935635185977681,0.774272621690358,0.982111566515487
-0.00474370481896091,0.00642759663176609,0.0103111306344669,-0.00566267451940901,0.00059644916895905,-0.0755642889948797,0.92544892641627,1.04743451982493,1.13887648822917,0.872898128524095
-0.0109060788171504,0.012917333272459,-0.0628642781760379,-0.00288594940549437,0.00384290638198326,0.0546811588528198,0.946552893553893,1.0263964977153,0.837565805930281,0.903666892896919
0.00744645588958583,-0.00966791356250599,0.0629445400341543,0.0137992875323398,0.0418209021454151,-0.0266171704178161,0.953779378289489,0.953834423355374,1.11026164205622,0.963192800160807
-0.00730078178491868,0.00965210432865235,0.0871629042096924,0.0354487156383365,-0.00358009670724515,0.0633712019710678,0.972304202163835,1.05344223772715,1.48353484851196,0.983956453333088
0.00783243259598062,-0.0100178498818223,0.0365402490326389,0.0167511650304611,0.00884831158019017,0.126128627380017,0.978291565106372,0.938327192469864,1.08203968678755,0.914995837273797
-0.00810101726718333,0.00859523702850795,-0.0125288316585476,0.01237436623267,-0.00522194806292801,0.0454182903055132,0.964138657763514,0.945319283212025,1.06919370003938,0.957967233600934
0.00227685267852248,-0.00200436499200505,-0.0150960075060499,0.0159878467840031,0.0169858790321299,0.00361870501134942,0.99085325551664,1.00844655948085,1.21342877417143,0.987403350707185
-0.00046263252703039,-0.00317910300925451,0.0133358858960987,0.00287046863574214,0.0222206752822665,0.0211406291816123,0.894596846249334,0.887346396693444,1.0009481682828,0.987725545320241
0.00858535944032287,-0.0116894623198143,0.073036892300918,-0.00129180762424341,-0.0233216001520212,-0.0477668518328404,0.905197281837374,0.923571990624614,1.14536654155247,0.988467356203167
-0.00614624822538866,0.00588714174594133,-0.015949131012556,-0.00386652033130376,0.0103138873625786,0.020794197026868,0.984308448031345,1.07931673230527,0.859760140104085,0.985092802188905
0.0174996476837274,-0.0246534918977432,0.00358061497886586,-0.00340569811893633,0.00148581626972047,-0.0461789377786214,0.947603302112202,1.03509200156715,1.06198490000957,0.902270378394281
-0.0121754941452887,0.0176049115098028,0.026735008462616,-0.00491864836512721,-0.00838809247677895,-0.00523701108339829,0.95245292486331,0.96673395398881,1.07020482923397,0.931948530315539
0.0110975443824618,-0.0126537491269183,0.0683097744077675,-0.0207484025314189,-0.023236840138788,-0.0575268004620131,0.875876033986589,1.0103103789441,0.800968439650113,0.987134461625165
-0.0216005209633603,0.0270742965279089,0.0605395247704426,-0.0103671210708649,-0.044674561640166,0.0843606243877482,0.919050906563003,0.90634662054706,1.05828807576944,0.933784278550654
-0.00907015534667537,0.00894636917127509,-0.0876498328666656,0.00903235345906526,-0.0105110711204509,-0.0926678031684336,0.846767152196977,1.00421079929516,1.0243055674836,0.97094315752582
-0.0131900435477683,0.0151971605233102,0.109943749620592,-0.0269947153687658,0.0133740984498367,0.0258265966870535,0.943389989409582,1.09029456474243,0.801066004387067,0.962883881780092
-0.00039556811920708,-0.00187722549620136,-0.0248272998409548,0.0009195193294332,0.0375247637576712,-0.0209349188009041,0.962279492820895,1.10792964717184,1.07163866025099,0.992348191585238
0.00580436839880443,-0.00770950605182781,-0.00093660797458478,-0.00647311545639747,-0.00413659142138208,-0.087005885514123,0.956017284540843,1.01425642094879,0.950632226786476,0.964697136730597
-0.0207445501174129,0.0260167428394489,-0.135747299730034,0.0291873158015085,-0.00690037660017786,0.00134415001375596,0.915854539206119,0.964793042861736,0.745476468061745,0.965891417130256
0.0107447955549538,-0.0134122482975977,0.0801724398815774,0.00809048698864425,-0.0048854572513443,0.0795833360764844,0.996958661254389,0.900284748016514,0.996713827148669,0.927934375966139
-0.00774279776026283,0.00865915902927126,0.024827997148638,0.0150140650543469,-0.0256143589312278,-0.00773052925436585,0.939778211811831,1.00362445711384,1.14029215066996,0.962407398338922
-0.00097099676829267,0.00514255475961827,0.0621836251232661,-0.0515908081593342,0.0140720121106537,0.0827134647136771,0.994881435869743,0.971444074415645,0.853420632653235,0.992401844157602
0.00588111408974968,-0.010436123662604,-0.0928391252493748,0.0224828152819218,-0.0303810404591777,-0.0081742424294078,0.965000808518381,1.07539531001574,0.901757993778112,0.918583834252581
-0.00642695365187358,0.00676389993579521,0.109013646588375,-0.0405705478445866,0.0169535827113412,-0.00220365171236626,0.952574973949221,0.929299635112536,1.15379459251484,0.946482561014302
-0.00155040299780941,-0.00222070226702715,-0.0219921260219417,-0.0299512066097842,-0.0129760891093896,-0.0636533586004245,0.965918751114165,0.921688147478626,1.05696945130328,0.946516302118969
-0.00672073686000643,0.00908401972190531,-0.00662265069095191,-0.00442459714464137,-0.0305340320140128,0.0605158882724305,0.931202902252514,0.927716080855026,1.1282099099358,0.960837973140421
-0.0088214032014468,0.0130682218575596,0.102726493878429,-0.00642611566342142,-0.0445289964109631,-0.0212617138263463,0.964768067402278,0.889511074816972,1.0689631395221,0.935175531981304
0.00041711409957246,0.0034491654688542,0.116171249885683,-0.00950104435033509,0.00129634703892439,0.0727567388390631,0.951433239430343,1.01179411466715,0.954694279735807,0.974375654683491
0.00574217142606118,-0.00996548493854491,-0.0391285564621647,-0.0182952367462361,0.0177845440770202,-0.100626215469377,0.906278723576136,1.01475655669456,1.08097008278348,0.839307687125236
0.00876234440385287,-0.00904514097789439,0.0400456267834622,-0.0149696224795515,0.00055370970162788,0.0662504506946578,0.932756460211916,0.954248405781094,1.19454028237986,0.948568643982305
-0.00314211721496256,0.00656306281477938,-0.0614746947349662,0.00699222779749292,0.0317116228823795,-0.0254371549212365,0.923978444375529,1.06562742453271,0.904353020942371,0.950682707783156
0.00914955220219511,-0.012389105745409,0.012890621217391,-0.0143275906817307,0.0150683413034783,0.0116814951710845,0.910422194312012,1.00313841799339,1.30629682000749,0.98673751803321
0.0111641894675486,-0.0133512418116785,0.0853576606098321,0.00733682104429241,-0.00861286283723911,-0.0121085222872129,0.951896676591756,1.18922839589607,1.16588339775858,0.974652957928711
0.00121798903549835,-0.00223512298737118,-0.0561438451960505,-0.0109434622587923,-0.0117593514608999,-0.103478601461577,0.854445516141751,1.0374986445065,0.676480378617962,0.899465950156019
0.00594071106834983,-0.00707492543471826,0.0222448281747432,-0.00347953873459602,0.0203749915758848,-0.0152534873133223,0.941348430503101,1.0070319462731,1.49230750885731,0.946680690622273
0.00933761448238984,-0.00974534607052648,0.156914115263545,0.0204803148843391,-0.0200258014612148,-0.0232602648579065,0.923168099062594,1.10063225568075,1.37721773354498,0.97115042569475
-0.00766747429054398,0.0109806836124484,-0.0353274197781842,-0.0198581131612733,0.029119166454699,-0.023013414365746,0.935301937777191,1.00858364385951,1.22348862333185,0.963370989911768
-0.00243824845700737,0.00086879445143295,-0.110489572199138,-0.00908016289134524,-0.00102155403159087,0.00234266859090618,0.930779463423615,1.01447854576346,0.852845216415791,0.878419905192311
-0.00122963140682466,0.00337196668561076,0.0724607755011155,0.00549930397359436,-0.00738155036595302,-0.0693278538465495,0.920077883659861,1.12240297619605,1.02187215072206,0.994892417685216
-0.0110798980283397,0.0155475169274025,0.00629356687454458,0.00401076103500808,-0.0121484073132098,0.0281981002460775,0.970199051595771,1.00203381805539,1.22308867641376,0.968710605550501
-0.00469906901095074,0.0046558228886757,-0.0612588357280914,-0.0242820997192427,-0.0110100990124932,-0.153386775551108,0.85476777612434,1.07671615111968,0.954999609524794,0.765631327593266
0.00123847439352158,-0.00541962037428197,0.0512249300679294,0.0311677321277982,0.00097240151773642,0.00912631034425377,0.968366589592192,0.931551828748734,1.06040611981531,0.995286020829581
0.0228063117059462,-0.0290083889109725,0.0177100729680147,0.00374228026842489,-0.0480775665334147,-0.041734593197322,0.91415405531639,0.98504769557454,1.12464905754346,0.979151644491523
-0.00743557290116102,0.011009191065594,-0.0994895440890594,-0.0280945598240586,-0.00394738851277873,-0.114818808959631,0.902353608265058,1.07907584572266,0.844726053328739,0.969323049961214
-0.00748991622890855,0.00936690754249693,-0.114014691512938,-0.00345855737676108,0.0275783453384406,0.0177375414280397,0.927190505959611,1.04974782656629,0.979501675255411,0.902145234391432
-0.0152764907871559,0.0190945722472075,0.0312846738570808,-0.0144877897645527,-0.00479124861654455,-0.0713590882932037,0.918325949119252,1.0808462747636,0.929143471455034,0.882042500507625
0.0155751036125083,-0.0179500295128182,0.0623649261658877,0.00285535317505856,0.0177385141427307,0.118690599052373,0.989334191928291,1.03216703961629,1.14094537434091,0.976278259159598
-0.00073807505867429,0.00195635654653302,-0.0607222085989376,0.00333040718915502,-0.00182039763417988,-0.0246955557198672,0.962680823943062,0.993607593785217,0.971118744573849,0.866833984729743
0.00734661565124651,-0.00728331302932307,-0.0358005862499244,-0.0267636377491553,0.0188479366736985,0.0549220786499149,0.987116780230081,1.04385411712366,0.861397926652753,0.990165342468184
0.0108719132973587,-0.0121171091257527,0.0449118241532848,-0.0206381983351687,0.010098367801981,-0.095201304014332,0.905142392396154,0.99668229721925,1.06683849312639,0.976899018346315
0.00765909334932793,-0.00854386187223603,0.0348807578444288,0.0381051358966061,0.00386599441837396,0.0740736362638386,0.960860805917013,0.985367528262412,1.21469693669523,0.912979489947466
0.00664442436075737,-0.00644560562372852,-0.00715194224215421,0.0154490006208824,0.0238738153052069,-0.00618837595476236,0.993764076789825,1.03399639778742,1.00588107371018,0.991383015529355
-0.00674526759922735,0.0072521866464437,-0.0637420769992482,0.00052541632714477,-0.0116591718248379,-0.148978444561693,0.854807836622714,1.15364152307538,0.490697105971956,0.958335187587021
0.0100176477421706,-0.0109140985797385,0.00325944151324181,-0.0461376980858543,-0.0060009157703512,-0.0357781207541753,0.754938951303473,1.05933606838113,0.85143426226686,0.848174913128055
-0.00481124176015248,0.00209731992833131,-0.0411435998170708,0.0244785034454435,0.0289730232083681,-0.00855413305996137,0.996699514308105,0.915173512546534,1.50152133069286,0.959241026938195
0.0180445560229002,-0.0217549289470624,-0.046182618245498,-0.0436096028753514,-0.0324106905821865,-0.174450928519356,0.817801463202682,0.987223206835183,0.749279101598179,0.993253592568322
0.011475160432488,-0.0129953279093844,0.00251400325714107,0.0193949697327725,-0.00194784594573453,-0.0370554916882747,0.958901183839713,0.974003641597436,0.666787121553907,0.925402904274012
0.00398385917869418,-0.0029744304242306,-0.0399132423532489,0.0223202915612761,0.0164522259091102,0.115095732149603,0.978688962218469,1.08630039888911,1.07657124675893,0.962775035416035
0.00408702412791143,-0.00310314017302581,-0.0230231118673537,0.00718339121698696,-0.0057058076551008,0.0356675437481616,0.990248444528937,1.04098078843745,1.65887883510074,0.993236245507885
-0.00376627565046937,0.00334112317582679,0.0370884155784576,-0.0242203223409776,0.0202783431296431,0.0612307520462624,0.953759283811407,0.911811207522744,0.8955691087559,0.918708406305633
0.00175350240021866,0.00148513709561787,0.00481552464543006,-0.0012000460353166,0.0117367257143825,0.076116059993532,0.993803701000211,1.11330312491285,0.804020839437995,0.952562372761348
0.008728520015769,-0.0124694437921531,0.0954408631965394,0.0251241709301178,0.00513399216699565,0.0849703051985847,0.987694798279943,0.856797632707166,0.888932944220082,0.843864401893252
-0.0161242759109973,0.0203154606124704,-0.0209158203218178,-0.00285629383460133,0.00518242957965365,-0.0273814214051621,0.932314175270621,1.00458844538852,1.31785138216691,0.914054409249977
-0.00247018125148182,0.00254421235945027,0.0252033884577643,-0.0119880731859308,-0.0132475199433472,-0.0488416176959417,0.948580387689932,1.01438893775907,1.16220983410118,0.952246343956113
-0.0178594995177042,0.0165816975593119,0.0274233162350241,-0.02084505530495,0.0285047384708727,0.0437074136041016,0.985868195084115,1.06766602095089,1.05748803431512,0.964475721228352
0.00843981198861114,-0.00994912046079564,0.0754383967607638,-0.0243545403761194,-0.015025218991651,0.046944112397782,0.996838998734009,1.04161620606309,0.916276103057773,0.938881438092987
0.00434691482317682,-0.00444471528357036,-0.075353279665739,0.0165030601611766,-0.0382264603184339,-0.0448106651875892,0.911825859675186,1.03717763330981,0.536226919751177,0.743628378576811
0.00504722237035937,-0.00668938911810913,0.0728979828813235,0.0225672941335921,0.00235170130649702,0.0153806107020069,0.998054605697717,1.08303506035523,0.909853110684347,0.854464280219964
-0.00606944230503102,0.00710709383563516,0.152923996772886,-0.00752316785953418,-0.0117844179301487,-0.0818033240509517,0.945450039167077,0.959579681006837,0.847452942126777,0.987853980508641
0.00812344196000741,-0.0117852153207707,-0.0474203873150401,0.0013956569349917,0.0163237632249271,0.0869339796392302,0.963946570883582,0.952974622340355,0.751471545172631,0.896792387602056
-0.00157460350278128,0.0010672768353855,0.0262292337608985,-0.0119769353889915,0.0202814127926803,0.0025952975812689,0.960897597632406,0.970823393456122,1.1583077232573,0.906815484346496
-0.0196563624462754,0.0284027587044158,-0.0957694692931595,0.0182058118646381,0.0103750328036303,-0.0135282684401741,0.931590329253173,0.986721870629297,0.920961181283502,0.963105401655657
0.00242817458495552,-0.00157202863384415,0.0359815740457236,-0.00017462108861641,-0.0149539683237863,-0.0668085302495164,0.855175041097296,1.03671675842441,0.90316987687829,0.797715870526353
0.00760639308824718,-0.00730733597652395,0.00314421982798863,0.0274875275709497,-0.0298722281133267,-0.012428264629785,0.96256047067658,0.963458679163379,0.740040835599254,0.892250893507806
-0.00767128616872403,0.00678121933214678,-0.0546106024458083,-0.00701529040232583,-4.4338556195744e-05,0.0824147085531242,0.966876191049527,0.889086337359193,1.22483121804426,0.919565711515701
-0.00622905583388689,0.00547264428130891,-0.0636314131892,-0.0189433254032547,0.00439861908724609,0.0299904489809687,0.972568989448304,1.01029014518813,0.951165336839062,0.970127488832514
0.0122836781456164,-0.0188944192261555,-0.0501341944265588,0.00375130130249087,0.00408864282184428,0.0294662761455694,0.97639711289107,1.0111356659037,0.698183870054894,0.988062250335272
0.00754192713745046,-0.0061512560717633,-0.0742379579717062,-0.00296143185509096,-0.0188302273335207,-0.0456163542549147,0.920905218129123,0.955083063215882,0.86515205828172,0.820687792092317
0.0168341277993712,-0.0179189278651169,-0.0545273528741674,-0.0212374477399422,-0.00927204988205713,-0.0180994584473931,0.95986080705125,0.99511833561541,0.966980055820493,0.881226901717228
-0.00233922324834899,0.00665427165470971,0.139664963434747,-0.0329445075473426,-0.0151524561424138,0.0670012998699952,0.991785835602739,0.872969310506278,1.10157138909488,0.842707208908546
-0.00604692651713791,0.00981603092700154,-0.0220995149526106,-0.0278202272560673,-0.0235542275645267,-0.156342100258183,0.939280657407412,0.965682976031956,0.587433865841123,0.840024515077347
0.00418648400277393,-0.00536614914144236,0.0550755522995961,-0.0078652982133791,-0.00414436068783865,0.0803997704974444,0.9526582030933,1.17045642413447,1.07608862363512,0.867562198594272
0.00182367121724918,-0.00036946799387885,-0.0209778426298868,-0.00869428627861939,-0.0002879182249726,-0.0171698705841858,0.904317408405094,1.11764244792136,0.924029012212462,0.943750174181247
0.00849193506764313,-0.0137304481187575,0.0905275476619649,0.0202736845000299,0.0081064551714068,0.102477897616812,0.994760609193555,0.995691474782715,1.00528187147924,0.997131206530544
0.00706802162020785,-0.0110370067903506,0.0220943712008551,0.0270708026423209,-0.0302942223918041,0.0277173767029582,0.933146613320904,0.843385982920619,1.4627633058326,0.997274464770777
-0.00419273838528741,0.00638176403921454,-0.0263389781162556,0.0226399051424414,0.00802259113382721,0.0182128216202859,0.985284815583837,0.997748496600254,1.00329330848159,0.96476034154048
-0.00485214224128577,0.0074652622160534,0.031829873927955,0.0100658977032098,0.0276810778496985,0.101109138083418,0.958922950380094,0.94961185378251,1.2454453259635,0.987075952455223
0.0049527994478293,-0.00636452614996001,0.14257459266168,0.0270661235747621,-0.00741977347631057,0.124592984529091,0.965197649079089,0.982536473387627,1.70290274042073,0.991521684733777
0.00806928101699318,-0.00987237238851653,0.0640356580501473,0.049410411577048,-0.0474951402908349,-0.0535564680181091,0.967184524286465,1.04646984643411,1.12616177425861,0.981697186955173
-0.0119464635906751,0.014411751113104,0.205780892548723,0.00370761594309685,-0.0142899620249813,-0.0384562787882785,0.963322229769498,1.02777743170086,1.10227584396874,0.941176579563381
-0.00168918716350319,0.00117923689324866,-0.0881530459210141,0.0436750366065315,-0.0259483440177131,-0.0624132163492967,0.97860645736039,1.08533130191941,0.69576893522854,0.888437061402974
-0.00189595536247171,0.00477558337101447,0.0128499248886951,-0.0113204141034185,-0.0154117418709737,-0.0609138085272718,0.977668930344099,0.96134047804692,1.08452788645635,0.956098642151737
-0.00206712991378926,0.0070201456650418,0.17911829664136,-0.0176488008922988,0.0284041160840433,-0.0645943746094658,0.915418435246491,0.971991168471752,1.06563678757792,0.998208899964726
-0.0140039677167859,0.0184569454826312,-0.0201454770006083,0.00395323176006267,0.00091214523790193,0.0206648284749957,0.884852109787491,1.04016437884355,1.14380272048812,0.984928287842
-0.0135533144622317,0.0162598306672757,0.120274933827591,0.00137374538720692,0.00790793785258425,0.140535659695319,0.998081874564622,1.07614083706972,1.2422359215161,0.998018326902708
-0.0110935242893716,0.0166431804229084,0.0753161406259942,-0.0171437760386782,0.00793311543618241,-0.0756677601868505,0.936491642469086,1.16778948927383,0.825479419609393,0.971513086843042
-0.00756410938558834,0.0104405901385601,0.0123076009270428,0.00691838410241714,-0.00677713521381289,0.0303164237963405,0.953731724327022,1.04864358425,0.799914089373804,0.985285923601534
0.00669365314656974,-0.00870879206547491,-0.0192341668164723,-0.0437968417872104,0.0334229153374997,0.0609919774512201,0.988212562109223,1.12792438176716,0.750855320005391,0.924845119915075
0.00610838769979165,-0.00992295839543003,0.0336348314871585,0.0330125031264427,0.00057319216531775,0.0526946649772171,0.981559714934439,1.05957410244465,1.41752640915314,0.975466837520051
-0.0206323210528465,0.0252945996224772,0.00243289984303452,-0.00675256457316712,0.0104217201215426,-0.0764396697424619,0.931843505356279,0.903591959934292,1.12615128575225,0.897464610716147
-0.00470352282766502,0.00631681284109115,0.0417664325556109,0.0125645318326666,0.0266753545010494,0.0311912149203158,0.972038820912799,0.976515291774905,1.03320388758594,0.945486096212937
0.0148960479427839,-0.0187466165493612,-0.0836101596705652,-0.0122227717604801,-0.00088856106752309,-0.0337481289146099,0.927883700234017,0.933275632213073,0.916037848763194,0.96984607924444
-0.00775316108691828,0.00683412238685256,0.229582160421139,-0.00156385547845521,-0.00300469553110601,-0.00476158613380192,0.979421926266847,0.891804296627561,0.98746701460441,0.888215561483284
-0.018655535073627,0.0254493929238114,0.0508800519823828,0.048989606450526,-0.020015414639159,0.0247226265546515,0.953062312620168,0.933255965511467,1.13196678775452,0.951620658981014
0.00080573303405027,-0.00394276131178754,-0.0257320868189984,-0.00977971443000365,0.00748431326992398,-0.0877281000057162,0.935780134919216,0.968420087487124,1.23520049688211,0.94373335837131
0.00893890787006661,-0.00921368416756494,-0.0820260132263188,-0.0135504982827909,0.00989672713852391,0.0343699821863417,0.99889121604042,1.06362368998229,1.01864531576453,0.951926221918085
0.0114210225530546,-0.0128911386705002,-0.0156085628333427,-0.0209163652323734,-0.0233678841400176,0.01136814874616,0.971166639130213,0.910022695043765,0.831638328296607,0.929831541569336
0.00778421700199693,-0.00843040718838724,-0.104844227532014,0.0157941362835396,0.016394869244937,-0.0114308666449035,0.990437079635746,0.995658986106334,1.19806253906858,0.892475677213147
-0.00448579428569024,-7.02543207242202e-05,0.0846977263590703,0.0182213460953476,0.00486773741071441,-0.0595688311030235,0.979105269345802,0.991404221517705,1.34548539246173,0.966307592746662
0.0047910105961347,-0.00614410993198402,0.0200573527329702,-0.0348423009900264,-0.0228510413079958,-0.145746610262219,0.873531112404602,0.921092113838026,1.00413785189027,0.9173659251541
-0.0102295178701101,0.0127001060887015,-0.0956035756549441,-0.00147144898420294,-0.00937458378022612,-0.0228857326069758,0.900608055211869,0.891534393825011,1.0963180651462,0.860240142439281
0.0113616397222161,-0.0150570516493708,0.0115233438432553,-0.0160654235863918,0.00060080477406478,0.0257342466378317,0.91794328028121,1.06034981099854,0.785531984197987,0.974954058634565
-0.00074862259478817,-0.00140024215864598,-0.0755821357637862,-0.00333604910921622,0.0051045311922141,-0.157537691438746,0.818698854402037,1.11767542286957,1.25173788870975,0.932816099579217
0.0178555333166135,-0.0197258367266836,0.0707375316142295,-0.0145687721940102,-0.00891893881524271,0.0951520452932547,0.985189700121135,1.00972903023112,1.4021692235356,0.98326109820182
0.00931904000737212,-0.0114637786200912,-0.0285179309779716,-0.00795126911694863,-0.0640173254653099,-0.0313535654156209,0.902395743568608,1.15991194568447,0.736800427920949,0.939214035021638
8.44441798517901e-05,-0.00051814773301209,0.11558520574741,0.0100707750069274,0.031304713743622,0.14230664775637,0.99879039829134,1.04586514238364,1.33588925336865,0.999927188079639
0.00617676588961372,-0.00874494795576041,-0.0434743989716657,0.00921449718676786,0.0200670279590503,-0.107998793094706,0.957353464360371,1.02890916520688,0.950637057170305,0.922776335206931
-0.00239258300888804,0.0023938095047276,0.0220435252020565,-0.00754290692172241,-0.0127150761290132,-0.0324014218929105,0.920289218794954,1.01011319107939,1.00782284035285,0.915261014619797
-0.00954436294238275,0.0101102954721771,-0.0942616204716215,0.00348755369892536,0.0057541076855184,-0.00029593637571549,0.955775182274158,0.931752684700934,0.953266828583151,0.949760958520062
0.0099166403821704,-0.0111375453428734,-0.0197474990920645,-0.0236888637830375,-0.0238054379695381,-0.0328714564720188,0.955297429984642,0.930052887969617,1.04134900062477,0.878342856554176
0.0120711239495091,-0.0172815708052513,-0.0294339926097966,-0.00245847144844719,-0.028397733922771,-0.0967802205937418,0.867752265098319,0.967092737502113,1.00848815046367,0.914876166220641
0.00754198226655162,-0.0119596971464762,-0.0953368172948429,-0.0180381946114777,0.0141920491888889,0.0244773181345167,0.994229676700035,1.04884594761608,1.19455415187138,0.973472735430231
0.00232836449189168,-0.00443827218866411,0.0190387976682725,0.011191073913429,0.016506682117406,0.100545823856119,0.998756629251856,0.927825709784428,0.93666844401189,0.95960154833486
0.0039855051570094,-0.00635237137697234,0.169818275093964,-0.025147832440864,0.00298216632777895,0.0548715848905544,0.972020592242336,0.923516451833498,1.08406933744687,0.886704441214544
0.0155088632051008,-0.0214386546681418,-0.0122607267644863,0.0215620862871155,-0.0301555017510199,-0.0388917787062123,0.944926227682126,0.977378266342523,1.11475158175564,0.975549276490586
-0.00765927510343139,0.0107516138901043,0.111498319321694,0.013254216031087,0.0150057000363373,0.0931989057847846,0.986974179602234,1.12787893091285,1.01530657511661,0.982544708701385
-0.00064575150537983,-0.00032938715913128,0.17123069853952,0.0200808762636843,-0.0272158059397927,0.0771015659934452,0.875936669881972,1.04234800374864,1.0272016928665,0.93222352291523
-0.00770587728161376,0.00769725205646026,0.0525272228232226,0.00729425938650492,-0.0192674461403798,-0.0380840191003583,0.959763820231489,0.905644001196543,1.02470395555709,0.974829301686296
0.016874803014582,-0.022910635539851,0.0653135205660214,0.023670952099693,-0.0390499282790258,0.0388482289616441,0.957118244474206,0.935116676009695,0.885257347164472,0.93656917242207
-0.0157374634602348,0.0196380942213847,-0.0470272602532997,0.0194498661043871,0.00018909532888191,0.0995089280455121,0.99976726918075,0.902197261523983,1.17966724726668,0.892888300946995
0.0188136090160539,-0.0242013104622992,-0.0664414266754422,0.02657360493397,0.0373757304254571,0.0164008173194389,0.982620731445172,0.955494645783906,0.86294535546815,0.961689811030249
-0.00663227493698307,0.0092352179392873,-0.00221724905008475,-0.00816942577358793,-0.0180489107191973,-0.0816863257211173,0.873574908519176,1.0622590824335,0.732862129887614,0.974077661600531
-0.00895447863621541,0.0126807578050979,-0.118433588782102,-0.0285791895179709,-0.00848202641400029,0.0186713024037738,0.938040737792129,0.978762644148742,1.08784207543857,0.888457534785188
-0.00112032678743732,0.00193174249609502,0.0219590651571648,0.00368181609593265,0.00375050987615071,-0.0236963700548431,0.994135311368151,1.11461447594089,1.10212884204401,0.882729219666371
-0.0151164237064727,0.0219214122543316,-0.0692022769687781,0.0539592501875432,-0.00414781434424133,-0.0891746228455551,0.855137276286152,0.995458277951101,0.920589553504108,0.874064366052067
0.0105893002527816,-0.0131542928991186,-0.0960421447474968,-0.0170699601981984,0.0174070448156737,-0.0548221941670359,0.949998880329071,0.894016584407661,0.736052234796069,0.978233205032076
-0.00526910252390032,0.0056988585640597,0.0283154780862294,-0.0197222671735345,-0.0313681538906902,-0.0739584635731212,0.957059147539828,1.00638238521516,1.0872209756211,0.862676734282879
-0.00071776068127574,9.01641134980914e-05,-0.0414309510186442,0.0326632089455895,-0.0166936298396478,0.0312792981922338,0.978523798528588,1.03516691294754,1.19228397813436,0.934117522404901
-0.00825716782339039,0.00455734619528055,0.112064935994029,-0.00549493832267708,0.0247785136764081,-0.00024341727974376,0.941008186692991,0.997083054848146,1.14150591667745,0.89895213237828
0.00286046501673748,-0.00600166656253378,-0.0801399000262832,-0.0228692811334948,0.00612082004741113,-0.0504183350152004,0.963918587489982,1.01390928228793,0.940007215510529,0.909400386305765
0.0213961151415341,-0.0297822804592684,-0.00059055868107654,0.0014871397794403,0.0114998831813044,-0.0275587859519116,0.932696076026409,0.842060584135479,0.718092676614826,0.972580435288542
-0.00709732495526442,0.0103652332981443,-0.066232938745251,0.00200071842975172,-0.0565512649330714,-0.092866174082785,0.857051056968345,0.996753238700403,0.591119986755053,0.801181326334632
0.00713692458245209,-0.00729034079350732,-0.145447231300153,0.0106306409049612,-0.00383511111953722,0.0146945024238319,0.936017153689978,0.95664198389868,0.775610615247127,0.86248805477679
0.00339096103239804,-0.00357966961815158,0.0660582165301149,-0.0426066820940691,-0.0260196211340566,-0.0206902071946222,0.932773352044941,1.05637164249116,0.883420958650389,0.96076345234456
-0.00163719903473558,0.00124295526791791,0.290454198583974,0.0666890362204576,0.00537114920461427,0.10295446211218,0.953203033336635,0.945294926069062,1.55630540536394,0.999935074679047
-0.00580487899955225,0.00885984850990361,0.0223434169021178,-0.0099528617414135,-0.0488744174821626,-0.0683954803109228,0.932966719073453,0.935278916212338,1.06056446814527,0.892106618959354
-0.00600854260135348,0.00678201465398797,-0.0901002470347495,-0.0272014328220335,-0.00297043340076044,-0.0612456066855264,0.934775052111345,0.925027115396855,0.653951128261176,0.927073624044684
0.00751707976322795,-0.00731636585679558,-0.0885568486310273,0.00460550819970475,0.0142834889854304,0.00592702528693905,0.955076063717342,0.999958090600533,1.14150593863773,0.876066716745536
-0.00154300240280548,-0.00085941543665965,-0.0778591639675641,0.00530746300549193,-0.0002124273123133,0.0182273159507695,0.915214785151176,1.04451682085778,0.926458081025465,0.987906554766496
0.00871466823375595,-0.0105772980153746,0.047696446214583,0.0133267277374704,0.00317136766776049,-0.0418262914401758,0.930285692867624,0.930604815058136,1.23550307318244,0.968013106513427
0.0104762735399296,-0.009633523534612,0.0182194132919781,0.00277222155927648,0.0124843536873037,-0.00130782834732156,0.990901057008357,0.931729966548335,1.51826216741746,0.970509898085278
1.52715002125427e-05,0.000181674295994,0.153546637565833,0.0149601802473608,0.0250650226560476,0.0944900041691466,0.972509934272708,1.10024091551376,1.5881661404436,0.996357350303326
0.0053761333809189,-0.00703551938778549,-0.0109223192786351,0.0253655190286472,-0.0189257941299231,-0.0831377829288339,0.971666181184845,1.09063868642608,0.932307204263325,0.879373620148518
-0.00754348996999762,0.00788707776996675,0.0796440576571084,0.0131735222041054,0.014987046035319,0.0398561948612712,0.939399972717914,1.00414262501915,1.3412650526391,0.996729382317293
-0.0102846451352988,0.0125691449823781,-0.0831755401650851,-0.0243449376180932,0.00546265399486774,-0.0657496167327573,0.856614001034444,1.04257921918054,0.80133142272045,0.846025519707498
-0.0142915774951464,0.0224519303168343,-0.084955689765914,0.0302509609325036,0.026307821906247,0.0260050253737602,0.987341252118006,1.03421012711171,1.44762256306056,0.959466182848796
-0.010208760450427,0.0160023769148127,0.102166946162874,0.0423225163998196,0.0270431437140972,0.0405970686011222,0.990682170474993,0.933718783549765,1.48932697910489,0.918351427663189
-0.010317730206364,0.0130014034465218,-0.0745441892433899,0.0275744190510327,0.02979554203473,-0.0708460852647921,0.984449358297338,0.985742679801048,0.952169796233413,0.885854781736694
-0.00299338943452864,0.00482900816438145,0.154173138066582,0.0217174421252512,0.00724680405091623,-0.0109597959047727,0.99972372840439,0.88087870847312,1.07823916627819,0.980231947446932
0.00017535368240343,0.00131557141438433,0.120908996157652,0.0040445459735268,0.00218832511315608,0.0773316676622536,0.955840606485025,0.91995580110214,0.880057046896819,0.899904115700362
-0.00055033413307565,-0.00027842253745646,-0.0400166082760094,-2.41504656906664e-05,0.0197437947350261,0.0435473893061889,0.974611064113763,0.986965680946598,1.21372283522285,0.90045773136523
0.0122492386587408,-0.0189804150413708,-0.0655104728048846,0.0181251766198265,-0.00222020451254284,0.0187522857302863,0.933531618543782,1.16900057067762,0.990983101726009,0.985302426189448
0.00039289321992192,0.00200286674378037,-0.0205848336986291,0.00821492457469592,0.0292363160866214,0.0157241437262226,0.984354192148523,1.08328305855549,1.03760775565834,0.95171952474912
0.0158172648716723,-0.0194932511045357,-0.0289974028378268,0.0220814641209262,0.00819441246140142,0.0983443045496779,0.983326683934343,0.881030327626711,1.08304356829712,0.99486707077842
0.00532445192475176,-0.00874766391972933,0.0100137754827408,0.0480818971391153,0.0118836518672241,0.0767997697199582,0.993851297534792,0.97420794967115,1.27626603183176,0.931738853181648
0.00104630347736499,-0.00046692662152279,0.0215240698203558,0.0111456246150511,-0.0252441192517736,0.0638080444631186,0.989267981434777,0.896884138047872,1.13262553068562,0.956399210711678
-0.00279235633257236,0.00514851421172606,-0.125333701830273,0.028678365424646,-0.00058158299878352,-0.0731368477278242,0.931088918145159,0.942662747513275,0.773895093381924,0.998688280121247
0.00802842377537571,-0.00999266386444607,-0.0432569944880052,0.00038782649529813,-0.00275772459636339,-0.0188507323681065,0.948160613657067,0.901489306665975,1.02957147577222,0.985715498227427
0.00297558982734152,-0.00501770336099844,-0.0154928872079537,-0.00935522716779697,-0.01881249780441,0.0930958764080927,0.996898078138315,0.991008445551196,0.98375826134771,0.952853104555416
-0.00369145824554896,0.00315640669119655,-0.0647839613471793,0.0172938395038418,0.0187232265752295,0.0300432246837925,0.994339164874406,1.15453656042961,1.35206126794953,0.958183701168132
-0.0287762958021058,0.0355934850176124,0.0924385196292427,0.0275779643407634,-0.00737716388793227,0.0107703353923978,0.973684692683188,1.13053312179494,0.941371638137258,0.929284982498511
-0.00802227816938501,0.0114912760005701,-0.0855789375617093,-5.10768891192412e-05,0.00088309780210925,-0.0637712402752226,0.962935636784188,0.991761719611806,1.07699447948604,0.979674358977117
-0.000782342443345,0.00274146938166699,-0.0691186158004913,0.00192365519701345,-0.0400354029335093,-0.0147240467212289,0.929682266977941,0.956771387961291,0.780148645745239,0.878722255040382
0.00294267596376747,-0.00160702942368391,-0.063954941234887,-0.00993168974115351,0.0202267540097944,-0.033194919900254,0.928380609750461,0.955929752907539,1.05511763978785,0.999218322856094
-0.00030530560679023,0.00103927484958051,-0.0919075676192029,0.0242716017819948,-0.00652515046719899,-0.0671860509008858,0.931016460838221,0.999467223713415,0.660068595293565,0.924181797063788
-0.00137862791741606,0.00190520043126136,-0.060616578149394,-0.0124015157865191,0.00152438074597687,-0.0210002953968825,0.917172591761045,1.03788891234411,0.651230731964122,0.919048105283277
0.00177498708722466,-0.00160646759452185,0.0468168477185049,0.00106551752637945,0.0122352603539339,0.0503266319577294,0.990689266887519,0.991989114159946,1.33092884365361,0.97568880170242
-0.00930943943464687,0.0113498176602242,-0.088074525356186,-0.0384629743824081,-0.0150542140509232,-0.0617052261120269,0.947847918992455,1.05369783268189,0.629107520582571,0.959002402734177
-0.0112333730727227,0.0152186269618089,-0.0276091451911667,0.0193666996025091,-0.00076744855241523,-0.0411760393145639,0.989502147958353,1.02276767212141,0.72949813802886,0.988034353874475
0.00815567558313844,-0.0114907086048768,-0.0785176574922708,0.0155607245144522,-0.0207543484057794,-0.0233221216139424,0.97714458360017,1.01085398225405,1.05044315523651,0.864135915053442
-0.00735879788216434,0.00887479487199197,-0.075669183104251,0.00169835548342382,0.00576006937252344,-0.104446147678348,0.903960842079866,0.912108046135591,1.04742357519242,0.881976889164977
0.00948206756839496,-0.0127788800574145,0.0482026675586475,-0.0277879427335894,-0.00696170185946406,-0.0315475219746361,0.948201557730481,0.918592767535104,1.01725516311857,0.980467695862962
0.00678835855848435,-0.0106621988229579,0.0534791471569466,-0.00375293897460957,0.0290197064920938,-0.0536745311254635,0.981950332104361,0.938421705872825,1.28725482301224,0.93543610665758
-0.0021624366691335,0.00295449798769295,0.0223079842895297,-0.0368258106226174,-0.00661230923103826,-0.0335116841593469,0.95861415497191,1.00947062971516,0.943066962045341,0.876588784439497
-0.00157381230642516,0.00267205827224249,-0.00421475183910974,0.0380501233269091,-0.0151145612093396,-0.0231255032471949,0.960454570955401,1.03809963054609,1.07326365435011,0.96708771749796
-0.00189975022805861,0.0005751698418728,-0.0090724827813225,-0.0172076067974962,0.011964829090049,0.053289506294273,0.946557098347479,0.895188608821983,0.958690481712284,0.929837512832971
0.00813228477956634,-0.0114186991934064,-0.00785639678478411,0.00932857312298483,0.00078183254362787,-0.00838026324504169,0.904227355378393,0.923590696757429,1.00613296050249,0.984403175237379
-0.00090328702186865,-0.00197823631167601,-0.046252300489533,-0.0197391380785646,2.66251837978778e-05,-0.0985556684921144,0.933066832712557,1.01486287071972,1.49967352065556,0.981757938821924
-0.0153588287344427,0.0207353090914769,-0.0336585240121379,-0.0162505731727088,-0.0243728396654014,-0.00083441481633351,0.942140420972687,0.992035771715949,0.966946847543454,0.866405840482481
0.0059751846864122,-0.0072705027807658,-0.0645188521033781,-0.0361766603228782,-0.0165832470311675,-0.109734969099765,0.955176201967264,1.00440866014802,0.855247932860693,0.749202896338411
0.00143059147130009,-0.00281096995967079,0.115335461250336,0.0216221406323761,0.0041707248724782,0.0686721203863581,0.997966615945792,0.945809444302373,1.06509294060446,0.95510920703662
0.00746645828312223,-0.00761699159214717,-0.0519074747567813,-0.0292605623703731,0.0120971793427371,0.111964899072604,0.959518301332077,1.02399692070904,1.05033784230183,0.950820439863555
0.00113777944487345,0.00140281232980743,0.0748067892215353,-0.0221146560712752,-0.0254203179566608,0.017713761555427,0.909110925838527,0.865372367831455,0.933622989784717,0.899257559218047
0.00234802922934177,-0.00026287440677666,-0.010599401367369,-0.00127779797495534,0.00672017520649561,0.0345876076336237,0.926894920419433,1.10539071282987,1.29066832628627,0.922026759435396
-0.00171865675138534,0.00316722722768338,0.0685506825332715,0.0147905634085457,-0.00371166173080149,-0.0183102552978374,0.972753586195138,0.978104947467435,1.27961409932487,0.999747256619366
0.00176505756484044,-0.00228897788481966,-0.0568725196831343,-0.0286523639804079,-0.0344693520731242,0.0238874416325686,0.931827198957051,0.96652203186938,0.872033891223292,0.808171743700576
0.020620660856668,-0.0283575366400844,-0.0587965800376388,0.0281232003155348,-0.0278288920297005,-0.0241811656941088,0.948759144004768,0.910929888688371,1.14391017569779,0.872421550148405
0.0128958125779069,-0.0188300762959354,-0.0471687910706312,0.0129396014574327,0.0132852040003752,0.0413112994301744,0.999467336999934,1.09943479270473,0.907925644745067,0.957590091583133
-0.00629445041776593,0.00743226563550213,-0.109599325710088,0.0234433680143737,0.0125250040570166,-0.0242952655448426,0.96605684253068,0.981773462904004,1.2542387384229,0.945377316454116
0.00859463396342847,-0.01100582519367,0.0385289522647138,-0.00200861824213238,0.0117460863703745,0.104166838393252,0.99180992835591,0.964037236354844,0.974464147565948,0.983931037334403
-0.00769946140845372,0.00916709413358323,-0.127783585340645,0.00938917042565573,0.0191278495391897,-0.0674865235896925,0.946796255093803,0.932267956161476,0.978874948632105,0.978914173045441
0.0167906779382756,-0.01767390637565,-0.00771209809332718,0.0186171486591035,0.00940319802013159,-0.00964195891311436,0.974806278632882,0.923242850834599,1.12327469083001,0.964316768424123
-0.0101333525024135,0.0131000374114127,0.104620516723787,0.0192715819004471,7.00766489440636e-05,0.126123751121592,0.971207235719333,1.09722764609009,1.0030224391416,0.85123468991
0.00903734302493538,-0.011237055249573,-0.0726904562599296,0.0242134500538045,-0.0094407865279988,0.0263062223064487,0.872931514899326,1.10956238899731,1.20261761243212,0.923069845700851
0.00138305453051567,-0.00243628593018538,-0.0267704865838144,-0.00410145383230349,-0.0194725047747321,-0.0307155435040519,0.942263098337903,0.952454780886483,1.02893205405851,0.918289253499608
-0.00769001092463968,0.00926400578055702,0.0525357671282897,-0.0101874499344723,-0.0119575889846802,-0.0642455580030887,0.959481370435158,0.925330643054824,0.984444900849603,0.940567943282822
-0.0208870502369717,0.0257526955577742,0.0648057137544512,0.0238402331405425,0.0064022709609383,0.0367534269627467,0.967875679543162,0.916401020841532,1.16439792283485,0.989418108899328
0.00750744730195171,-0.0101872203417745,-0.0412385625312621,-0.00831907263503843,-0.0207110483662826,-0.00169741707687026,0.949664126475726,1.09123529384281,1.13019891781179,0.945837489875407
-0.00737272563294451,0.00623186732356387,0.0997285949061271,-0.0123013069743445,0.0180333696652906,-0.0248211674318768,0.922496016618769,0.976303846194671,0.971651846254674,0.896183203626308
0.0223886041765025,-0.0262650849709979,-0.103498921255537,0.0157678816610902,0.0237025618001813,-0.030006012272271,0.985483671039722,0.950961745819612,1.04010699793516,0.908349351145788
-0.00988908099869291,0.0132614486314621,0.0116753323318386,-0.00884382119359821,-0.01864042996591,0.0193809561342577,0.97155061666516,0.984466687303126,1.10243386295963,0.914077512248306
-0.00705909735487627,0.00369735694293365,-0.0382939446795046,-0.00187321103338612,0.00725503381259136,-0.127026324587147,0.936303439554238,1.03841544834785,1.09389296778063,0.919949639392447
-0.0070712092847169,0.00764327140919967,-0.0762222174456958,0.0260434507457845,-0.0143796236726879,0.122496412142193,0.952271242501481,0.974249359576818,1.11882162526736,0.974008554492088
0.00054330369776874,-4.02144127870548e-05,0.0528086286740505,-0.00711680285663636,0.00524665458966658,0.0288640942445483,0.97531161689689,1.08183012276336,0.736724974597601,0.948353086159144
-0.0070849521900698,0.0083407519737651,-0.0323635555211322,-0.0284744204399808,-0.0201602893297099,0.00213099292007589,0.898222660657889,0.968046249458723,0.858054446858577,0.943700658814272
-0.0144324072845724,0.0189735468825189,-0.0112214456895843,-0.00800673406750213,-0.00202567694668809,0.0959313452583809,0.986527728315554,1.04827717661206,0.783148333779471,0.970070094725095
0.00502936546031004,-0.00875924011140146,0.0601083640986231,-0.0190059169118608,0.00971671090245297,0.00939665122765182,0.940724990852424,0.9334358091268,1.06618697549427,0.890535344302435
0.0190511428841353,-0.0252361785393853,-0.00576502409403218,-0.0377633713163086,-0.0042019687581027,-0.0283243895929247,0.869111813539958,0.980136422957076,0.931666171674255,0.877285356899871
0.00225982444710794,-0.00285011995912806,0.0402886649273894,-0.00277579172749015,-0.00114560210885707,-0.00088800034583137,0.920494620176559,0.916400233770271,1.02468156813648,0.898680510372997
0.0162407037371448,-0.0218443734030138,0.245010439955426,0.0264367456539492,-0.0364567751799442,-0.0300627695622429,0.958190781282713,0.851678978114738,0.9126789760185,0.901342223575903
0.00107147260081285,0.00099872437737799,-0.0950379541843697,-0.00052568025578371,-0.00463959678747865,-0.0925675643460769,0.859351570429212,1.01012328439134,1.03229579069187,0.996940897609318
-0.00429324767817967,0.00616621622454125,0.0225065931765626,0.0175917943522795,-0.00339525886250427,-0.0425601067167138,0.932004882620281,0.97258978374332,1.09795511184638,0.992123681512856
-0.00481797777453878,0.00505474743386582,0.0165571653981341,-0.0204407725869404,0.0145518705076258,-0.0205694556029517,0.946653546994729,1.08559134671103,0.951131679117151,0.961125036538272
-0.0208053656674482,0.0261756629663615,0.0273594335129616,0.0106710940237654,0.0219831229114898,0.120640804562382,0.951006937973538,0.937562177123747,1.15376136999551,0.991771765298145
-0.0138489842136285,0.0156341619082941,-0.0677140240053498,-0.00794797417328211,-0.00204359941140649,-0.11628653404229,0.823529669120053,0.91978464287341,0.775486131533025,0.975405699673119
0.00724165822056318,-0.0121066830181575,-0.10348946288111,0.00089411727494267,0.00761190054666382,-0.0984087517536724,0.947350694292503,0.932483040195113,1.00509808569439,0.983691842316947
-0.021522184242391,0.0305239850177478,-0.00643409547305424,-0.0114303118563595,0.0157829975564264,0.0141576975514012,0.993451862050047,1.05949549217424,0.741832296412154,0.992701903154421
6.60100447325338e-05,0.00032033179147543,0.10491146937769,-0.00051435154632928,-0.0137108415202161,0.0341261815587176,0.951088951152822,0.922026649564279,1.21699348268698,0.884583064596262
-0.0132113438069578,0.0160332194670724,0.0469216329665212,0.0164880797814271,-0.00432190553595483,-0.0497747648253508,0.931648238978095,1.00962249433079,0.953234829027956,0.985778262018035
-0.00859956057398267,0.0108265772798836,0.171398853503597,0.0480122191592171,-0.00119313231786071,0.119490098947372,0.9992760548909,1.10464029795248,1.56319537962539,0.999751913707631
-0.00056712569699393,0.00110013728704856,0.0244210648231637,-0.00094487898699469,0.0143407019827128,0.0628859800260322,0.95010981051538,1.05482263408983,0.964610746726402,0.942254262908999
0.010121603209572,-0.0122541518187785,-0.0895967302671122,0.0002042116073657,-0.0148009101928948,-0.00150465831664506,0.936281597595322,1.10857416442386,0.988293996035534,0.96627704147337
0.00213636925967834,-0.00394942155515128,-0.157048101642186,0.0365595621593023,0.0357314399167157,0.0300819466961769,0.981754040970826,0.910405081640359,0.720707039418054,0.907023702189433
-0.00960419035386452,0.0139934066322672,-0.108718406097736,-0.0182096461577945,0.0233391653449767,-0.0426553709517125,0.960571849871595,0.897667498790326,0.798654775531724,0.929027701929764
0.0139333378881948,-0.0150882500194512,-0.0438938040518566,-0.0235663614079528,-0.0175597500237679,0.023306161696462,0.972071320980802,0.992859202769204,0.854065718672772,0.997950589819238
0.00335781428249448,-0.00363954162311698,0.00928484148398151,0.0249738381692697,0.0226603597129041,-0.0186238276566971,0.925742160966457,0.994126635054909,1.02691080900188,0.994433540809855
0.00188443243519378,0.00171424232871611,0.0669287341245165,0.0277155536787985,-0.0235979847575959,-0.0590401591992797,0.903075374862469,0.950054305789318,0.72067409573471,0.931756595938258
-0.00355150135753893,0.00273488009521341,0.0647582505836529,-0.0328220158854193,-0.00971286166312382,-0.118164648276825,0.881415612711713,1.03590409099368,0.828635137635228,0.867764945138963
-0.00064395338518423,0.00385040272218262,0.00265765617508451,-0.0422432283426244,0.0225554725879267,0.0172644740703318,0.968182307145397,0.975339803602735,0.85412179629021,0.927375951654017
0.0180037844450708,-0.0253123692695117,-0.00333383686572963,0.0101025970883056,-0.0118953376151464,0.0162125150372691,0.946716421700886,0.971595175725523,1.18078404609528,0.980944118994643
-0.0169750343185421,0.0187850328603755,-0.0273901185792407,0.00155897246373865,0.0131353686036027,0.0671433037961434,0.99959514298288,0.977795883585425,0.954429978325423,0.911946396069843
-0.00992506644757676,0.0132555250682533,-0.126992518460462,-0.03196838763974,0.032976909523497,-0.0178362257600204,0.956769606532322,1.02000213385054,1.03890434244906,0.934763768627548
0.00139948023475664,-0.00430112613452933,-0.00442963925715029,-0.0420891105042132,-0.00048634704708215,0.0166532385960268,0.950707042047992,1.04461026181958,0.630587817580449,0.853161152966484
-0.0089807802145877,0.00753192747493047,0.133064947829722,-0.0297738029139829,0.00515490835024777,0.0694415213867839,0.972291289125602,1.07161670072789,0.864591259299075,0.947111177775467
0.00081400665268772,4.93725248535194e-05,0.116221610769425,-0.00570957113339928,-0.00152738942623586,-0.070859672922341,0.926949648527502,0.935799045335448,1.07819135867773,0.938750425156669
0.0141459855666283,-0.0169421131562889,0.0195326443068035,-0.0111714979036219,-0.0241777092900096,0.0416907499160682,0.976101980902236,1.04259825932163,0.932837969084438,0.957864907051676
0.00323201619849497,-0.00445400503669046,0.0165364845035939,-0.00022908882293109,0.0242607404940181,0.0343484891442566,0.957678872635878,0.943054576820878,1.27095309561666,0.959045706195624
0.0298459969573074,-0.037434015623015,-0.0848850017074731,0.0110323518359554,-0.0304744574550061,-0.00499817436964197,0.926123906081045,0.977579545121948,1.21915792259964,0.938973960707647
-0.00115729928785003,0.00146980649069114,-0.0825027210968546,-0.0264843820717114,0.0152240118767969,0.0270085170386483,0.91228500663322,0.933373827307857,0.804634244435313,0.885821049069317
-0.0189956267509503,0.0237306158731275,-0.0990387963799893,0.0202935003745113,0.0169972651585743,0.0306288629655584,0.911617056618069,0.845512731472012,1.0625171196058,0.928038336481196
-0.00972821602128295,0.0151115938158995,-0.0458636173297671,-0.0172132883507493,0.0225237915117796,-0.0516941598842612,0.914913766154587,0.939910882087566,1.12715338349416,0.853802079527697
-0.00161773840217033,0.00029459037031481,0.0191336342866704,0.00177566902539271,-0.0375726774220052,0.0410431142042432,0.95663856532148,0.997782830108152,0.953650976712139,0.98890122268748
-0.013912057879275,0.0191292301840386,-0.0564953356774464,0.00055062550918529,0.030111724939355,0.0170685193192811,0.956932137319791,1.01203641299469,1.39858858393506,0.838095595396791
0.0091185911616892,-0.0135515138691939,-0.0145882904457877,0.033104207701107,0.00835787794377266,0.0116659841091436,0.922687843016318,1.02237382115379,0.833876302983465,0.986153863655298
0.0179837512805229,-0.0230720858906484,-0.0554608322873736,-0.0193029944336253,0.0111650690018221,-0.0437369112132465,0.968812914343083,0.934019854138326,1.02758883931211,0.915024471747154
-0.020567399427012,0.0286871117189478,-0.0651294512448651,-0.00281653613813668,-0.0119510954011311,-0.00300253731186393,0.965167636392526,1.07988406332323,0.960757833856856,0.91146471429268
0.0100827813405639,-0.00947208231103928,0.0507880879988488,-0.00115031101186429,0.0288540628121013,0.125290421958022,0.961554757710206,1.02219506881098,1.02830404673533,0.959725440098002
-0.00019244261957441,-0.00099253731459605,-0.0744678970504982,0.00062941610936685,-0.00242642877378163,0.00470262003149237,0.949640068314417,1.04031840567002,1.06321383635027,0.966869693947097
0.00536431741905664,-0.00702618319770383,-0.0733112101998767,0.00940758209084114,-0.0273535536680659,-0.0130550286126007,0.874177460909473,0.955151964672789,1.15087065004264,0.820490781592206
-0.0131701223899122,0.019314665608663,-0.150284702839285,0.00296590752202346,0.0215596862979468,0.0531362899399688,0.950585123991086,1.00779018721176,1.13327127288609,0.908109426795466
-0.00831276301329308,0.01160359081989,-0.02427445228162,0.0173198322880931,0.0373755290468625,0.0120398470038929,0.981615269194067,0.942325988462664,0.982077641197481,0.948311844174974
-0.0120942530435203,0.0157425580838286,-0.0950768372864269,0.00443350565330829,-0.0211205533049263,0.0353831782366545,0.984070028778853,1.00849729155031,1.10507418569485,0.969191070907202
-0.0109258673866386,0.0163772835042845,0.0213407273754068,-0.00088285720491723,0.00496517213854111,-0.0255001149504581,0.944389507423962,0.95240894426071,1.09606918705755,0.99095408497626
0.00849269649873137,-0.00998909565362821,-0.0114951282402918,0.00961408393822112,0.032604124123411,0.046578629123433,0.990795840459898,0.969019748342853,1.25999953023182,0.853445418098732
0.0217649694636493,-0.0308002161915411,0.0603633683244941,0.0520234991946974,-0.00429601526521626,0.0555408284101712,0.995248764570763,1.01305544265962,1.24717516688093,0.996049239647105
-0.0046435919046316,0.00598221624260043,-0.0147724263006068,0.00060403047336915,0.0210227800318566,0.110138087357471,0.96918480481694,0.900439179564343,1.18425773524767,0.979793101796542
0.014209194303364,-0.0189792276704384,0.0233117961031866,-0.0102978701238606,0.011310997125561,-0.038890154174254,0.94631323566829,1.02500556895609,0.939780633208887,0.938112840474832
-0.00372488247256405,0.00529175580644278,-0.138746487570101,0.00633144315466683,0.0380547692473596,-0.0561412150137181,0.953754735826966,0.978158183022706,1.44356480604673,0.927864669186964
-0.00011194869702781,-0.00317399722644339,-0.0889862609642604,0.0376146432350444,-0.0145443064218446,-0.0270412685934683,0.917361555521237,0.970333430012059,1.23986642422,0.935852632990389
-0.00596419839484697,0.0058799516886583,0.011622955629552,0.0277001248532197,0.0104550305503546,0.0648842994960226,0.997773211641968,1.03224286602827,1.02312935179475,0.973437386878191
0.0109698516330893,-0.00997942707392889,-0.00022101308530325,-0.00390892678210723,-0.010542115009455,0.0488307585248967,0.975695078592801,0.999272375055789,1.01518004467472,0.885828722747012
0.00853675874069651,-0.00910075814866621,-0.091391864156122,0.0133106156688657,-0.022370221402363,-0.0388625586818532,0.96726421493885,0.918067768681941,0.804911219925925,0.843141325311586
0.00447920344809934,-0.00568574090982915,0.0939010909582,0.0120844710708708,-0.00844092726351632,9.22471126360053e-05,0.972751467537275,1.04928158425669,1.24371896596799,0.950120319422694
0.0104763301795699,-0.0145381671613388,0.0780945652233993,0.00738631439162545,0.00445199183926281,-0.0305617326248961,0.92508385148141,0.973520825285999,0.897245375792771,0.770842422648046
0.00363178927291834,-0.00282682067157475,-0.121866116180188,-0.0188896024353215,0.00996978534319288,-0.119722010415737,0.924022732851578,0.957715050604864,0.533322826412689,0.962189428651949
0.00330862800576518,-0.00679885200321613,-0.00171007826104919,-0.0404370879119453,0.0187494113306399,0.0023566633926509,0.935852882000652,1.00690088431217,1.05191419274011,0.972557943521439
-0.0083010784740229,0.0117630308309392,0.0140429492071701,-0.00304702989042854,0.0232019906691419,0.0695031365520475,0.937816582658682,1.09649245509236,1.02934526047405,0.979949966800593
0.00399365683012385,-0.00598803842148625,0.0524673174836562,0.031130627584704,0.0299000394177261,0.103991508928005,0.996957735505062,1.03634923496421,1.31574369062484,0.90116603341438
-0.00789126604507053,0.00986131568388088,-0.0693043469319278,-0.0196917005279255,-0.005199090557073,-0.109781283775232,0.807569809409838,0.932266873395078,0.827309538858927,0.952474282376205
0.019443940022592,-0.0247025238428059,0.0259261384584423,0.012187343465605,0.00012639284656657,0.0661689823005834,0.997645755617723,1.0557113335775,0.768840766074596,0.912958924769699
-0.0075074269294522,0.0100479004542384,0.0242631625083357,-0.00368619441737506,-0.0182990058628808,-0.0279256451979428,0.917696092720084,0.903641276046844,0.866960900049778,0.911555787631598
0.00436991622288577,-0.00495774484679288,-0.00738611490108126,-0.00618501049540299,-0.0171439945220861,-0.0132792145417023,0.940872100046622,0.976166258130458,0.912924729015181,0.888763751076714
0.00912012061405757,-0.0144503373406461,-0.0393390862854384,0.0427914616008182,-0.00625188426694102,-0.0494054527482693,0.947015160188388,0.907230084978497,0.973999415528695,0.920649894451624
-0.0238961837370246,0.0299499182747106,0.0645475233591146,-0.00478781196410231,0.00773595546945692,-0.00255313352493875,0.931762812276086,0.904391410480883,0.919466611352422,0.951353268086781
0.00451875036679235,-0.00345367934969254,-0.0619635336154812,0.029086088788567,0.00079899631811634,0.0699297204950907,0.97882858781433,1.09910960252931,0.98307020224444,0.944050951246471
0.00279321411398579,-0.00439177531437301,0.0355093144215576,-0.014119912995176,0.00063813769097063,-0.0183888878408881,0.975709683540654,1.04202074316254,1.0189736849653,0.985118081113432
0.0253706967281407,-0.0340767298817604,-0.0578339220552199,-0.0157986079462281,-0.019476916651892,-0.0587671631172619,0.94783892425547,0.975398067030087,1.03033979695036,0.8789521028224
-0.00612193478057633,0.00911037822214787,-0.0946531844750955,0.0216745425128883,-0.023611158829883,0.00564514524207617,0.849937478520658,0.987337092622352,0.813613297245066,0.929069171644568
0.00754517221732749,-0.00897569453074168,-0.0209204487510221,0.00746134351736618,-0.0179947195527596,0.0152051480119533,0.999070379800335,0.94076728887677,1.03172525280294,0.934352531062895
0.00185193477071849,-0.00258373929260579,0.0917457752182801,-0.0332424493576559,0.0228773810640867,-0.0440787586620596,0.96127753618854,1.0183977553663,0.940221939975364,0.983059581675085
-0.00903246185551119,0.00749163350555213,-0.0650842676902105,0.0296002754253427,0.0191917008036399,0.0665750491956093,0.991784464997497,0.997252555975483,0.798489121187326,0.960838436107198
0.0149809993071597,-0.0219352069501474,0.0981965349876203,0.00946235773472866,0.00565502903234758,0.0552038339769636,0.961535055534867,1.01915815867436,1.08648991602422,0.95327143283682
0.00192530219502749,0.00020928014302536,-0.0304787829226911,0.017006117621174,-0.0180077650891254,-0.014144607357082,0.974379792528359,0.959902170650065,0.923223691963849,0.998121089792624
-0.0103585078631342,0.0129450981841153,-0.118857219454185,-0.0171068369267028,-0.0123773096084438,-0.141250983285041,0.878783755324101,0.931862422639741,0.678861947991223,0.904978421650693
0.00211491890407443,-0.00082413962734722,0.0165006551764811,0.00746492665304949,-0.0338935383887597,-0.0510405188419126,0.9058420375756,1.04442653460816,0.958691288369806,0.986514065171162
0.00535967533971777,-0.00512637265767693,-0.0776981865959408,0.0063432481348346,-0.0079225018580626,-0.0660424805498477,0.900570718602699,1.19072454684123,0.912114323140441,0.918341639987344
0.0132083778158622,-0.0151509386392652,-0.101074037012468,0.0261764459533834,0.0290131920502282,0.00355375918185968,0.976267769546015,1.03445457063915,0.958241597333396,0.962603509315931
0.00397354417040933,-0.00341826712676788,0.073095366186431,-0.0317099828763188,-0.0143632508774374,0.0871864170157351,0.967490586419697,0.973538892781444,0.971956493894653,0.937104869330651
0.0109176850061713,-0.0141074416492925,0.026133914751045,0.00531455892189157,-0.0292980415852045,-0.132705107138581,0.860452366104931,1.13991203711715,0.993502462238232,0.957609420303949
0.00837422718279235,-0.0119382824481176,-0.0206818778872754,-0.0148549283651781,-0.0187419922530182,-0.0564869544278572,0.976245369937465,1.07517530569867,0.704494439398742,0.923044562724165
-0.00258931474085634,0.0011923302221311,0.00033841652117999,-0.0203816359431657,-0.0134259739287022,-0.00702229297481564,0.940117282737407,0.96931891495294,0.832177017754154,0.902950817456479
0.00537460709755694,-0.00537698182140889,-0.0917197682314532,-0.00899531342014497,0.00755456564666887,-0.0100776747393068,0.955175182806766,0.916286412231071,1.00823034398657,0.964778615150044
-0.00365252994543216,0.00389036176115329,-0.0600222833946911,-0.00154895950297462,0.021011569450973,0.0920261027413865,0.980147124873956,1.04124716783138,1.04108881297652,0.977736004258473
0.00381130102199972,-0.00229324544924867,-0.0514649226189518,-0.0325491268344453,0.026063641485861,-0.1296220212308,0.835033517120361,0.989476705582955,0.941577353955931,0.931047578721342
-0.00549558665679375,0.00359381809680078,-0.0806458025768482,0.0114107232409012,-0.0137856469491331,-0.00234044455881742,0.988677805379252,1.06256305963418,0.512411775945613,0.992131497148495
0.00054989641289104,-0.00280606078843438,-0.118787721840736,-0.0409479506905548,-0.00173113991965899,-0.0264974334555162,0.97782423190153,0.938296291063507,0.807547226065546,0.926902852789085
-0.00592974687892623,0.00569683658025153,-0.0423541598941347,0.00207132367258218,0.026745795849145,0.0290577297855326,0.93951923816647,0.902316255542547,1.33837549491828,0.916152330949499
0.0137988110443717,-0.0144964775097506,0.106262074556443,-0.0255202075877135,-0.0220151565356857,-0.108683982386001,0.889263052147841,1.05297500225189,0.882519318178236,0.96872061399384
0.0091201004415413,-0.0140836812189804,-0.0360403630598786,0.0135799850070291,0.0130976296382199,-0.0807495279053552,0.964057493424101,0.873312490326228,1.36274834050253,0.945448397810424
0.0105220472024357,-0.0126205116591857,-0.0205920902967875,0.0332312822011226,0.00303507156344944,0.0449976777900836,0.995871632235999,0.961200938728301,0.982518115431773,0.954385951780063
-0.0184194541040817,0.0228004858848333,-0.00310415195111918,-0.00661607935983746,0.0196032705396441,0.0351342903321896,0.937097022379454,0.978459877559289,0.993278489119546,0.932907245837764
0.0167968128118881,-0.0236774379887796,0.0278359022867277,0.0193131725331769,-0.00588320577857269,0.0886837499072729,0.950559678439784,0.951906566437414,0.642338361537357,0.945340093047731
0.0127510326615171,-0.01756465876244,-0.0733127937779963,0.0142634750805939,0.0401877486691226,-0.0407190693329065,0.970918760918396,0.993839205668529,1.23051037774838,0.935603280872676
-0.0131137334157102,0.0171532905324061,0.0304786304162338,0.0198672097622036,0.00233505020100402,0.0637753178983661,0.951591005896544,1.05177886977455,1.01267556152654,0.933347915645397
0.0136809062429669,-0.0171826668412559,-0.0492143996868608,-0.00111466094306864,0.0235170231615393,0.0447113755552416,0.964959223325784,0.971193105375293,0.975745657834434,0.969856051314445
0.00567002962501358,-0.00801748004730006,0.0298855438553616,0.0156631487059123,-0.0229339797328934,0.0653691429246581,0.955219968130692,0.999452665096022,0.928525323397323,0.747739924851007
0.00188901124978264,0.00024377109168425,0.183939548574445,0.0284098858766365,-0.0125545646122045,-0.0565840571075052,0.944706884392455,0.981635492167617,1.30909261674445,0.94652562656864
-0.00285808331453213,0.00255543041244391,-0.0217929132828121,0.00061329045140033,-0.0106217135619237,0.042688676547279,0.995754776795064,0.979680180592401,1.01316844998446,0.991517842986835
0.00320588524582142,-0.00097506248194833,-0.102262156313811,0.0163043116179285,0.0334321572380119,-0.011662281816175,0.89718172842113,0.93396076951717,1.15311980443661,0.96248404463896
-0.0163323098212758,0.0218819761175077,0.0407239697279954,-0.00204142514882188,0.0323584512078513,-0.0479444472108803,0.953676940681756,1.07832802003154,1.26434179022851,0.989779888642054
0.00475805950779946,-0.00759993275262325,-0.016089264810978,0.00912303707908783,0.00058401369585756,0.0555259776003298,0.972963263280169,1.02952328514274,0.674002095565231,0.979381996251074
0.00144520869857691,-0.00111251978889474,-0.0245183572103802,0.00957404019387259,-0.00273162445906131,0.00328174099778505,0.929800052247158,0.999846318688995,1.11034195446624,0.970077925339216
-0.00840326235560207,0.0123433571329964,0.00411683199020785,0.0397604654320929,0.00161391378302811,0.0433214139432925,0.991291684956826,0.924259128329133,1.1661931995396,0.999518243210289
0.00521521659707318,-0.00497324888324153,-0.100395227000898,0.00958720300400335,-0.016569655267295,0.0118531239640678,0.860465682160643,1.0157855013084,0.675563751152079,0.925115004487908
-0.00024519207296035,0.00097263182841738,-0.0846317202680041,0.00531558834100811,0.0169988463406265,-0.0165424240501719,0.947143468604255,1.01320537207898,0.981395715177167,0.862033611671938
-0.0224939801397334,0.0295329780868433,-0.0287576992889266,0.0003015322546576,-0.0137072854684985,0.00493636145608905,0.985978808217124,0.913273752590089,1.19642502004514,0.97518643668638
0.0018558869099464,-0.00355273993838071,-0.0217591640073256,-0.0296609616190129,-0.0195768141712253,-0.0220277262039925,0.896224352297737,1.01952459366349,0.753030352784943,0.992435658443061
0.0098110790369003,-0.0087464206384991,0.0502412430465687,-0.017309120437753,-0.0140456573859753,-0.0125407448168441,0.923633604143792,1.01262615928658,0.756138785787413,0.946605854264779
-0.00876710330896423,0.0115161600177262,0.227693077577523,0.00863972119349388,-0.00473224224438104,0.127248405531609,0.994550496612886,0.993866846223343,1.11310718710309,0.978435726201838
-0.0151223360477493,0.020142797448639,0.00828559989681599,-0.00340331095300924,-0.00659867148254031,0.00912821713469013,0.959989125311601,1.05702198287253,0.908672430818741,0.876896571967456
0.0137001251780991,-0.0108096767695603,0.00141042765087135,-0.0258869421998036,0.00529943081024087,-0.00667685499765112,0.974957098359383,0.988143629313403,0.793356433158293,0.914389403334429
0.0149751920722639,-0.0176329422486054,-0.0346128819197382,0.00883463120797466,-0.0212247910950737,-0.107063575973311,0.829473454301834,0.94999105246799,1.07546894285165,0.967356945865294
0.00085825730628284,0.0002325829445841,0.104953792903531,0.0402617476096419,0.0155287885859476,0.0905125144420591,0.991289372115187,1.02940191009888,1.31756516942708,0.993427229309251
0.010866312732486,-0.0171842546905859,-0.0248596642052699,0.00301656502103737,-0.0060338099357516,-0.00160737079865393,0.970705065875293,0.962209215730826,0.829041230240528,0.937992135851848
-0.00561365068257565,0.00700914530050435,0.0638198148624938,0.0122645931302128,0.0265172001816842,0.092756712069083,0.988576696060751,1.05488767064067,1.31976520978301,0.996931799837597
-0.00945823314537258,0.013698396442864,-0.00998358348900608,-0.00975779168804516,0.0217993838509514,-0.0157425195911312,0.946805989986353,0.894178042112114,1.09758283212619,0.986744882480474
-0.00012794878739725,-0.00050054439974522,-0.0694505414776189,-0.0225113649660669,0.0029566023460382,0.00015218894606451,0.911281753681633,1.09650520372906,1.03797377395102,0.962783404427952
-0.00395033327654831,0.00336883721934374,-0.102382345026182,0.0466302444830874,0.0249765961697683,0.00112326467779381,0.981828473543597,1.0034863755241,0.858024985165008,0.952584285098445
-0.00981539296999015,0.00882809815010223,-0.0311174753141575,-0.0108297392372574,0.0175864516212,0.0358492455360381,0.984430197182361,1.06371601203195,1.06515909150237,0.968004466570928
-0.0051369909549731,0.00618171263278661,0.0934166172488578,0.0125982126754108,0.0142208430809786,-0.0393001148716935,0.941225775516584,0.966495911746992,0.671052420579857,0.907762149786669
-0.0110127232323656,0.0133949266703475,-0.0145423628609588,-0.0360153754967075,0.0289833451543498,0.0430747204527921,0.988784776469342,1.04504765790615,0.776334514654167,0.872630636790893
0.00869304911359808,-0.0115396571963439,0.0208338275753625,0.00144393818568062,0.0169419494275244,-0.00259721640621289,0.95548188133493,0.987033364385182,0.969164452145936,0.958750843508609
-0.0189627142227707,0.024451658199896,-0.0121510552104383,0.0392637255756982,-0.0253359226137412,0.0384023765882608,0.904268938472587,0.993035757957066,0.944090410622829,0.984617009375072
0.00440269730012099,-0.00394071627403041,0.0626399709028657,0.00832785047242756,0.0108728240095509,-0.0296375293933351,0.972375768512914,1.06047322779622,1.09233875054677,0.897526815181068
-0.0138757078084072,0.0198840877086485,0.0290733813838536,0.0392902583812825,0.0113906844331629,0.0910937971545698,0.985627871654935,0.955256865742557,1.30820661419907,0.963304094752988
-0.00352309761120897,0.00733674849469146,0.103065553913085,-0.0257855056090257,0.00646197644988892,0.0382141523947766,0.958087137683219,1.04280448730064,0.970659505292008,0.872443163621524
-0.00959627188986794,0.00960527560983789,-0.145141259124562,-0.0240114152494891,0.0262219279405102,-0.0305952378347903,0.893120537430863,1.08588207745513,0.614371591771071,0.887430417777365
0.0109526436098276,-0.0109047364352549,0.156192710817573,-0.0284691399215034,-0.024580860682974,0.0341669557347471,0.9672496926779,0.95051672291123,1.09166309769129,0.881788550996589
0.00209138165251622,-0.00509685090572587,-0.0754214404026423,0.030953208199299,-0.00473819470903245,0.0472636821183211,0.954745587318672,1.04104761762103,1.02015041025199,0.971262421576122
-0.0117407871245994,0.0141181728776391,-0.0159091886067956,-0.0026967177131516,0.0245701776940585,-0.0114986113237183,0.977489327748327,0.975014989627014,1.00410711404425,0.950603578086098
0.00705327020972511,-0.0108074217644736,0.0241305328749675,-0.00155011538240313,0.00144924560456029,-0.0379626752690993,0.873428493589634,1.01826684561353,0.747740635281556,0.935361301316583
-0.0128737849207723,0.015883425547248,0.0522554528557326,-0.00432950403548524,-0.00467067533395931,0.0948243975932788,0.995056734116032,1.0233810362074,1.04443247704309,0.900155680954023
0.0100188769507067,-0.0159155110187965,0.0159725834706855,-0.0196752210934981,0.00853600045316354,0.0286176824864213,0.902212133775695,0.941022398792432,1.16592878589917,0.877189939106139
0.0159860132196771,-0.0192148834928878,0.0998849478007651,-0.0027927760202389,-0.00962299761602269,0.00355093456893545,0.970757514069929,0.944469049773639,1.00458789739685,0.976516160389976
0.00417777268993726,-0.00607873944459833,0.0517329888208392,0.00123149756427134,0.0401954494274673,0.0701875763034483,0.965162471914334,1.01296153486487,0.909541157940709,0.975636552164574
0.00231620506542477,-0.00207354935415565,0.00998697455440101,-0.0113455827601407,-0.0106494704338219,-0.0547848360194122,0.956886766594191,0.889747178459309,0.936785980234706,0.975677024537518
0.00469486782599144,-0.00607060235411571,0.00498465508724016,-0.00948194521864489,-0.0112721609830662,-0.0612461064644246,0.953732195150214,1.02820752257115,1.10440544991089,0.95547000161895
0.0188904767221589,-0.0260797361350125,0.0311100028764318,0.00278747718715531,0.0163686629024752,0.0227498169915478,0.964333353536539,0.998866926280165,0.855103204633993,0.931173986676832
-0.00596153038835507,0.0116128475899387,-0.0407707246951789,0.00612903724633139,0.0201749906885494,0.0109847610873264,0.945464419865847,1.00116737171888,0.87761086522313,0.933623624639339
-0.00950121214131689,0.0127595076786246,-0.107456202538992,-0.0134475224279806,0.0265255675486667,-0.033604029508989,0.920556693427963,0.929054338396254,1.23122589209167,0.812908838535203
-0.0029285768830563,0.00450048554829548,-0.00589532461667069,-0.0248766749434276,0.01640297876027,-0.0635038666803616,0.940476654505323,1.03049569022719,1.05175831406011,0.995857203362631
0.00890581875627378,-0.0102833191857972,-0.0749020579833524,-0.00132660597472098,-0.00573054862580904,-0.0252675448186571,0.986081590188625,0.941433356205527,0.963830833952593,0.873335357964183
-0.00723555355592737,0.00760523729591376,0.011546968432974,-0.00163877478130351,0.0409665505534094,0.0977843929101257,0.980823367718774,1.1514311258481,1.05425339519807,0.884411685855724
-0.0185556197134472,0.0244707308478445,-0.0479053074801198,0.00396690489795348,-0.00982677604681775,-0.0164188714886793,0.924960407573188,0.905713387026672,1.05998169424522,0.892453394387959
0.00254470563232127,-0.00458517390050086,-0.0230581197733132,0.0113360623068051,-0.0775803212513962,-0.0428614478266535,0.922838482860236,0.966466022613512,0.762265999602343,0.964823154650278
0.00996339981888508,-0.0121967350539702,-0.0155384115140722,-0.0242134979137363,-0.0136897669285604,-0.0132208199105055,0.972348839253525,0.946777262344342,0.854212110756747,0.95551452801256
-0.011895686132174,0.0147630909424119,-0.0633358620234394,-0.00571082499014637,0.00283417009058002,0.0217643966438215,0.960138391629425,0.912429414270376,1.28154111374911,0.892594930980034
-0.0111706659410514,0.0164208604539018,0.0568518937195075,-0.00050194534614537,0.0382419447202361,0.0165652529963998,0.969891265058013,0.973688381488795,1.40824393364741,0.968974646710693
-0.00752812824216707,0.010895799890091,0.0198097609112415,0.00662341428335077,-0.00078413939415642,-0.00061761738059684,0.952786985409522,0.883200363746618,1.06038815282567,0.960177016861306
-0.00591177372325732,0.00891903837912225,-0.00690910608426937,0.0082338589425814,0.0209916977471184,-0.0297257994232804,0.96091393610337,0.945203946019449,1.09777969679558,0.974174780230224
-0.0103244766101733,0.0120506850237724,0.0137056790472142,0.00456407544110128,-0.0211057005052574,-0.0172471720184765,0.96767222296085,0.96296912762238,1.26507606880736,0.903466053947142
-0.00715881634696557,0.011074962306839,0.0463695473347603,-0.0170772022072092,-0.027462912214491,-0.0801710485130301,0.89257313151078,0.859081906558038,1.38886320214647,0.850298020026585
0.00189296761585278,0.0008166150155155,0.0451209375952412,0.0175456455344761,0.00444440228530549,0.0368488114398655,0.890358797189366,1.05037601972788,1.36506800082489,0.893568141446629
0.0160447746051661,-0.0219637648497709,0.0482226189448194,-0.01014710161983,0.00027863075132262,0.0478191431218084,0.989994175196746,1.09644340433289,1.22338555868153,0.958002400401027
-0.0117128246911062,0.0150532636942923,-0.0609148283702708,-0.0144169266878348,0.0251417058216291,-0.104424371372755,0.905256052426501,0.934106951773076,0.963828818814361,0.988693483240537
0.00806360277140604,-0.0105430014228787,0.136475524649906,0.0418887766764801,0.0193266159610911,-0.0191642279388983,0.993381720253049,0.980423489308383,1.47385707989963,0.999535001025266
-0.0101190122677385,0.0122946843221089,0.00166626030134159,-0.0253492293314952,-0.00422491795880889,-0.0883019774544431,0.986617532167232,1.02627747875076,0.872031638930696,0.96134002739598
0.00730125238384034,-0.0108030165810447,0.0656063272094587,-0.0165364768549247,0.0127632821311798,0.0750396551479732,0.896480814323721,1.05691627712651,1.32892074995414,0.978867454915568
-0.00291289764152799,0.00212952029076882,-0.0723677277645284,0.00805583053735928,-0.0339627376767871,0.00190098287475451,0.951123599357556,0.984256899204326,0.929920841621126,0.921617838581368
-0.00708429028663382,0.00729326160291591,0.153127222294298,-0.00096758659156797,-0.0154068527261554,-0.101476507940743,0.875855986631448,0.918625255903566,0.912989510094829,0.944494159797074
-0.0202333352008668,0.0263783020233494,0.0214199482923073,-0.00608015156257362,0.00588636319536753,0.0378944469630455,0.996768732491627,1.10816024217317,0.80423533851894,0.986665906319905
0.00258075576984474,0.00178772360633355,0.272874340726172,-0.00271121565070873,-0.0443553343574452,-0.00439920322294554,0.931152674651191,0.871493510950754,0.779863769732041,0.95606058700842
0.0215563030300514,-0.0266933498197878,0.0622746655092534,-0.0227721678570947,0.0192973467812696,-0.10022267484375,0.937022980405341,1.06017958169151,0.824482949587205,0.888423688614228
-0.00312219215127918,0.00175549004183441,0.0983197636443635,0.0181860678402997,0.0389547317528344,0.136367519541876,0.997743822223584,0.952268926661619,1.24833350059916,0.999330367945615
-0.00873697077024771,0.0080355464090717,0.0390853526111103,0.0123491133191298,0.00145148505496833,-0.0823182256029281,0.944603400699304,0.889256115495009,1.05258841215161,0.979777435132507
0.0106850586557566,-0.0134791907960568,0.158332226851093,0.0270211565801554,0.0218186607543471,0.0434767724498219,0.95662677882273,1.00288029600207,1.11370923719327,0.991178842502138
-0.00134508014751819,0.00309355773586903,0.123228422363033,-0.0238525469657496,-0.0297463328904646,-0.0455525461576315,0.850887438839464,0.964766153405911,0.891957558688254,0.928912458513272
-0.00714627724891473,0.0118066177571119,-0.0741483696387042,-0.00697140180058737,-0.035151184617463,-0.0844927804780149,0.862425585656118,1.12036097454898,0.926764942478477,0.882518183814422
0.0110894064524768,-0.0123026063385539,-0.112458502403349,-0.0290764488886788,0.0137769421580365,-0.0226380714836029,0.972901259742028,0.952956427440452,0.875636873538726,0.921266506757034
-0.00076891774034015,0.00110305093735652,-0.128380991264908,-0.0140061590582912,0.00222218493271362,-0.0496235089178346,0.939565137610905,1.06894178054739,1.03155927537558,0.958985917812317
0.0120798834590361,-0.0157310995393455,0.02573735794191,0.00427769012133008,-0.0179200318093877,0.036568173317661,0.852330069210259,1.0438258027425,1.08621728469589,0.896490849457128
0.00064395799022297,0.0006358229131043,-0.0684913831375048,0.0199915886568237,-0.00546582562813267,0.0430599441938863,0.937711258923203,1.04140883842914,0.710263919777515,0.986137066765268
0.014163360624694,-0.0210802990064302,-0.159774342240267,-0.00311887203368253,-0.00731510646780892,-0.0286427852575272,0.906343703374377,1.04526909292773,0.805180236294363,0.816511478758339
0.00334965455193227,-0.00408791758942138,-0.00937232617208122,-0.0155967291647726,-0.0170413570358907,-0.0828574464201654,0.947348167534376,0.955479428530865,0.983286434617709,0.957473113098289
-0.00450711808185965,0.00715343182390455,0.0116975103429897,0.0173321987161676,-0.0211938973872674,-0.0330142452353294,0.923113326934227,0.877550547860193,0.961085869794815,0.941505474800581
0.00654851647052879,-0.00659933980792272,0.0270119485107994,0.0162130024559615,-0.0387261898923565,-0.0212023518997263,0.947265171521272,0.859618962671169,1.12805840305633,0.987695751421161
0.00928099483215594,-0.0104383618753905,0.068665824348677,0.00698272852053168,0.016589634632233,-0.0273836581969701,0.986458054999495,0.98128298179367,1.16567072510861,0.988203380365084
0.00149302948112521,-0.00014858967574281,0.143674789077971,0.00286977921353756,0.0199436102829401,0.0619175661790221,0.922556623699593,0.887738416905236,1.23620927465874,0.97774872145738
-0.0129617005868075,0.0171095203360494,-0.0430564434061894,0.00256608106779558,0.0210574312788645,-0.0506301556243614,0.866129865543949,1.0603438220017,1.11603470529437,0.960532746171413
-0.00029198519578902,-0.00161872993814663,-0.0912568441269791,0.0245036384694827,0.0322689912202128,0.0281842402951595,0.90888227753157,1.01493636915332,1.36515411803898,0.991264719264959
0.0207208811088248,-0.0274614682599721,-0.0940945061812806,-0.00855513714318213,0.0035334245075329,-0.00863464527999564,0.958813902252527,1.06674503412393,0.738503577929534,0.971904187015025
0.00941556311449336,-0.00926714646740392,0.0200880566858883,0.00534011588507884,0.0186481327769354,0.0743812991248868,0.996440620706683,1.04537509432657,0.870916325721368,0.98281983222693
-0.00034613247642377,0.00272346263156541,-0.126511784902269,0.0221429339281059,0.0196160624858351,-0.0101550051702312,0.852755790578218,1.03511912797045,0.767151165654796,0.980395627646572
-0.0163883151800152,0.0199535296178027,-0.0290054180096629,0.0172506201164328,-0.0136833953983065,0.0515431041423642,0.940593099340229,0.916643229546564,0.890848233315651,0.91446084238886
0.0047109019461452,-0.00727625386497408,0.0195954021244899,-0.00087960794311649,-0.0220019622659646,-0.0175012396538794,0.960543988907485,1.05953829879327,0.920479933926248,0.820215028709258
-0.010562936845403,0.0128419499162017,0.056805893375754,-0.0325898072838253,0.0219687179131894,0.164819054415922,0.989733538488249,1.02676219311741,1.13404367042579,0.949992324669125
-0.00298234587824406,0.00459064302358316,-0.0913843527476179,0.00562301723375508,-0.00952399503921974,-0.0294172197683238,0.972320214550398,1.0229689267049,1.18912968285369,0.942786338778974
0.0134832551799577,-0.0167376094430752,-0.10819540062954,-0.00573492515851418,0.0183278517538698,0.0521692671996898,0.972536106899218,0.926918962912294,1.09138022405692,0.959640029800731
0.0096435047512871,-0.0104402086795144,0.0646166167225241,-0.00461968063986234,0.00644390435095732,0.0442364292879827,0.870965485065949,1.00199595638892,1.32942087628976,0.995998387991296
-0.00649204026173959,0.0116402747832513,-0.0248130141850959,-0.013483295853245,0.0150027480310181,-0.0037944568170965,0.956108506123583,0.932052547818609,1.01638186419292,0.921129508496771
-0.00318481418432698,0.00727363430249391,-0.00950659660935488,-0.0123200247950288,-0.011767169302455,0.0369083214409994,0.907092236842644,0.945008100135192,1.08381869481277,0.890597157511466
-0.00019972971452459,-0.00368036075754663,-0.0518065947193654,-0.0104213143569344,0.0269516608943634,-0.053585367590366,0.944680999526586,0.965250146231,0.760375302875162,0.847807808788329
0.00406446911872076,-0.00615961721994842,-0.0256513506175851,0.043652674806609,0.00451938666049603,0.0299597765243031,0.980312394287069,1.03974035228403,1.10555898489509,0.897430713591263
0.0132945282164947,-0.0138528604184342,-0.0910545529304209,-0.00386136749780001,0.0349175620503594,0.0441516949503747,0.979405846738668,0.980082209468853,0.962952058483939,0.951189361345823
-0.00771135790913721,0.00822009929656574,-0.0547757475356097,-0.0080606114016355,0.0100439149687779,-0.0922660154002029,0.928877222468148,1.0667841404872,1.34718875458873,0.994720280339236
0.0179675066619834,-0.0179944938467562,0.0177827781820363,-0.00261139437391535,-0.00266281713860658,-0.0595526394847772,0.916690962582833,1.05065571266122,1.20889154217193,0.942375525443347
-0.00241139450607285,0.00155861654897417,0.100306080570171,0.00606348678471773,0.00723504226496804,0.0786642533710474,0.993062858124633,0.983672050965947,1.34031168131406,0.950492535780156
0.0130888346265072,-0.0139653274994822,-0.188903695817796,-0.00369423426607364,-0.00314775689490671,-0.142333342038896,0.893867964094256,0.983038912205954,0.635048034739518,0.798622333840791
-0.00234833073758399,0.00295892961950488,-0.0582294873673115,-0.00901519791991621,-0.0228901766313665,0.0497652503556533,0.939150731341803,0.991532001388989,1.23291077670154,0.9519349863924
0.00218780608093021,-0.00141771763837468,-0.016708611554211,-0.0064759332818825,0.00934525048823097,-0.143988537234366,0.896986711186561,0.99867792216247,1.05166486776347,0.941224829665817
-0.00517002987632101,0.00562476156048154,-0.0925630096963414,0.00218230951725501,-0.0316400097043563,-0.021674067321488,0.922979216914944,0.947790286744251,1.12399661222708,0.937704858266118
0.00373482857082438,-0.00757864763459724,-0.037431308759903,-0.0300152247343814,0.00589405583108196,-0.100060876642748,0.958960707656954,0.95110937695803,1.12296594594131,0.878085213464716
0.00935053971657781,-0.00932694785964549,-0.0378237843616893,0.00555006532835409,-0.00323038807453687,0.0236743283797973,0.970952195919294,0.968767923173169,0.861746425068159,0.92955715924727
0.00794497781012318,-0.0140178022121745,0.162083225323201,-0.00718145550438559,0.022541016724507,0.0663683189759655,0.972558012717982,1.01918418064112,1.01227500385003,0.974521166724159
0.0101128786282122,-0.0118735206749518,-0.0385869992551839,-0.001028851088176,-0.00930469496354714,-0.050961976842885,0.901096184678295,0.907393389977706,1.07086287657633,0.969876496135778
0.00668257349006514,-0.00886742736790412,-0.0180676111566938,0.0352591197558362,-0.00055383394871968,0.0648038206921489,0.998422017554828,0.967276922639279,0.880680464761113,0.947298236087763
0.00182943399049995,-0.00362040714339889,-0.0848953287873868,0.0169743296201823,0.00648780758205189,-0.026589675966739,0.906391905150631,1.0729830313709,1.09674097457883,0.9889148147442
0.00415349450174575,-0.00656774610201054,0.105819663035433,0.0223628166853879,-4.98445850395685e-05,0.0176827598503529,0.966285860208492,0.883102598289554,1.13263160926339,0.986012703754848
-0.00198914378002429,0.00262472544914485,0.0639458696740171,0.0181262434330299,0.00227986542667255,0.0432227898329248,0.984992242442103,1.01536073427081,1.11895598542595,0.99390125964212
0.0110098641116935,-0.0139887892010875,0.0108030305056651,0.00420865901220195,0.0100949470727007,0.132308431844834,0.993821797214364,1.01254126622748,1.07831932228139,0.975315471182539
-0.00778924076717356,0.00876919726363158,0.0177553242208701,0.00049474933752146,0.0142835569635041,0.0462030340350815,0.968133764347135,1.07309240319667,1.00822364193658,0.836920981175236
0.00058001465770643,0.00136886927958931,-0.0581425106310433,-0.0308621703228502,0.00547763656992489,0.0169435569370007,0.86844857878982,1.08621207030827,0.876818277791212,0.97375027025983
0.0224880584761623,-0.0228169302669388,0.0313903018494774,0.0343707180200832,0.0172353998751749,0.0669984938157778,0.977625133565379,0.972957546763079,0.888194637037392,0.977065158397686
0.0226231169323241,-0.0289255812666511,-0.0149056306296588,0.00735099258413067,-0.00346496629265912,-0.0488119669032691,0.919126186965576,0.952379425790017,1.0188825674896,0.982937425260342
-0.00015732043558768,0.00275288346855971,0.0495748248755786,0.00074831161597128,0.0199939899635632,0.0591752482122517,0.96297711499321,0.953004365574937,1.16401195065704,0.978229533677626
0.00118294658171695,-0.00113143624937767,0.0398582408658312,0.0397885153797333,-0.00714705542477042,-0.00162140292289911,0.94153473336229,1.09694902119802,1.24103354490713,0.928533824318946
-0.00249798175220773,0.00671374220220703,0.0676506875367331,-0.0135930559818295,0.00526523750543697,-0.0415807516354894,0.929287290517718,0.839669609014257,1.05569192652177,0.94431261096569
-0.0110451104132915,0.0142061941496772,-0.00622301377530704,0.00705597930833242,0.0208794626323793,0.0437685708019696,0.986381761398011,1.07537471423115,1.21221037074425,0.995131293541332
0.00181161453765363,-0.00089461011800511,0.0243505678947243,-0.0460247973006724,-0.0129751818922762,-0.059517305303335,0.924618131060576,0.879058616159904,1.12846783630432,0.931710700593583
0.00765910263574985,-0.00841082479826981,-0.0509006096555855,-0.023867447583835,0.0270022157468435,-0.0869555061363264,0.927020681564723,1.08484337171987,0.706526752595714,0.969495475446327
-0.00216432936064058,0.0014651232101763,0.0530875079206831,0.00798584151988508,-0.0101437372036506,0.0331173142522432,0.879439556424847,0.985548928374005,0.990180447365785,0.96619739771953
0.0106471902707704,-0.0142947387094118,0.0423863245095018,-0.0170909858961853,-0.0254454009152899,-0.0766186206285556,0.843111533896298,1.03764839438441,1.00030103465157,0.891128092848602
0.00891866145664322,-0.00982640330649295,-0.109895678123864,-0.0247843939094178,-0.0224038676356626,-0.0363034263448421,0.923154604469059,0.91950904524684,0.734070778079497,0.906730364317688
-0.00758916868242945,0.00810490049674664,-0.0204561567055662,0.00424793236213644,0.0188449038447245,0.0763913818198067,0.973957909804006,1.19496301915188,1.15169133716128,0.980762747187639
-0.0102002872093917,0.0133831665212071,-0.0968430388503554,-0.0216286113416319,-0.00506231964178851,0.0331837349287467,0.902879450598694,1.01651899269534,0.863727082282672,0.857620865144447
0.0213447999231864,-0.0277598269276137,-0.088059985313216,-0.0281961798294924,0.0173296039647308,-0.0361973279377681,0.931963018806581,1.06091122993029,0.806026100025893,0.957147394188692
0.0006224361110091,-0.0029201681701631,0.0693479954940907,-0.0246978174718418,0.00242142105385688,-0.0393344654798545,0.965019865855513,0.932668531729374,1.19076889643134,0.946733998467492
-0.00487757253919564,0.00212552955203091,-0.0477064284462906,0.0248205046281612,0.0405667287089465,0.0128561915411196,0.948839616251893,0.978752501016757,1.00245218299883,0.963787896452162
-0.0101510113588778,0.0150464089790002,-0.0865882715093983,-0.0249269265071755,-0.00143505316541608,0.0209863066885775,0.903589972998574,0.994451682026468,0.678606203314641,0.851886183382446
-0.00293882806232763,0.00425178582417962,-0.00147825749098934,-0.0556260506856246,-0.0117498278089488,-0.142266168045615,0.907807794915965,1.03819167245701,1.0881091102258,0.804239911208376
0.00279683364204392,0.00030595024992971,0.125385595927975,0.00728610044438381,0.00628695330510748,0.0364904362995389,0.983991580959915,1.03092156372478,1.17117134154836,0.986408706108675
0.0167158959278452,-0.0177999467179618,0.00031879599410722,0.00376677859368929,0.0186049389700779,0.031765066521633,0.986168073320193,1.02139526248858,1.41761739895259,0.957994980831584
0.0122121081327027,-0.013251371134126,0.0479633091222818,0.0226477110945563,-0.0129494407217275,0.012774533006751,0.965909695347376,0.913220318266266,0.840048514583934,0.929845305956336
0.0100791978933829,-0.0140763667638742,0.115323202811279,0.0204367764034649,-0.0443309708631433,0.0907733351010631,0.990990822355257,1.05783394951735,1.07354382355007,0.971273823757173
-0.00234096021737088,0.00303877681339843,-0.00341555706278945,0.0132859403436387,0.0202474550112637,0.069244970794605,0.997955923914692,0.912851205016653,1.15679138566368,0.92262602270842
0.00924521862168065,-0.0134460663814812,0.00153672544134281,0.0329685539255779,-0.00284511723240112,0.0454359752642224,0.993961421383603,1.07437933916116,1.32457190747893,0.984831015821552
0.0143531662589653,-0.014884701174284,0.00410360603439919,0.0408380609259205,-0.00404464697695051,-0.0359665351939773,0.950127433467409,0.977096925950066,0.997401552555771,0.974333581339104
-0.0156541041596585,0.0189505037623968,-0.00105311991823731,0.00635032290526058,0.0148206626530231,0.0596995140112161,0.971215471869836,1.01030981629293,1.06186599322349,0.993606640023673
0.0248309280896853,-0.0311995879274307,0.00662398752414883,-0.00851999046580826,0.00279980978412637,-0.047168234514661,0.804034293187626,0.921953224121031,1.03612901248725,0.979117458093486
-0.00536656586365014,0.00649894254263745,-0.112863553762693,0.0128467421070648,0.027497784008913,0.0223766307880609,0.994867174754222,0.955629375218249,0.92816546922872,0.940389408526607
0.0108797174579817,-0.0201630775138102,0.0916160025380916,0.0301293827824317,-0.00321085696288295,0.0522534874484003,0.997523141396993,1.00913926424445,1.19840566242147,0.99348761164277
-0.00350749645952582,0.00518288081034704,0.0311376256450835,0.0293168917451014,0.00574340200644701,-0.028110692895661,0.986840995152173,1.03671563589644,1.17267359046415,0.977157196184229
-0.00564896724152641,0.00626370342073924,-0.105314956160419,0.00851847721780317,0.0091913710483469,0.0394121142404852,0.955906586596535,0.991497587666987,0.954104452577462,0.990599497906828
-0.00863495233851089,0.0106762619325466,0.0956684757299984,0.00504743909277536,0.0346476381190907,0.0336359453514792,0.969557410212002,0.983411930947577,1.15821152123642,0.981266965942008
0.00494892902122481,-0.00614463031066795,0.0121347017317593,0.0202712961851168,-0.010660351969037,-0.020062118799023,0.989990607034215,0.949021392557642,1.14935336977581,0.958709240299613
-0.00152382902767123,0.00265754432063533,-0.0919247480069248,0.00679270203913782,-0.00591240285826738,-0.0174398094779433,0.940264405699811,1.13109085604029,1.02431975906554,0.926491870738129
0.0101295913798491,-0.00830062256426048,-0.0197929493618575,-0.0153252930131895,-0.00534927032927414,-0.0577428778221551,0.88024266723761,0.834371658907533,1.06451457048097,0.950716835992157
0.00689706570539489,-0.0110029161243452,-0.0115947846943479,0.0211339866721927,-0.00481685216433148,-0.0047033220853477,0.988516689606137,0.951308254648155,1.06619733133109,0.955743107498446
0.00459082128600964,-0.00516069392707352,-0.0905586288882483,-0.0209624044971547,-0.00117798743113136,-0.0197676834796335,0.937926521877732,0.997367689912622,0.855846067818534,0.94554318528175
-0.00124293830185094,0.00446173386521029,-0.036623171701854,0.0156426727259225,0.00466384362118657,0.0925159151626421,0.975413409811433,1.06512357596199,1.29505401129624,0.971379363771259
-0.00660304943552276,0.007367361115123,-0.0152062593357595,-0.00169428022058842,-0.00276128814088887,-0.0664246285482432,0.952525353890623,0.96623446789907,0.749723421884186,0.943114350802115
-0.0188897247281829,0.0231220520700258,0.0567947853264967,-0.0211020999414788,0.0156699128252065,0.0281097507891047,0.998575801688063,0.940796163002701,1.00142063402305,0.902158354084596
-0.00437901217386775,0.00258860558548372,-0.0311876246668402,0.0111899828633191,-0.00922653221928331,-0.0768310468145865,0.966144784491024,1.09827697297167,1.11743202741429,0.980504501068611
-0.00188060113668489,0.00449611968623875,0.0177501819884176,-0.0291678134238003,-0.0142606680966463,-0.0343275591212879,0.880475639112992,0.99582899063018,1.01400907964993,0.925406471958526
-0.0124487740517509,0.0156296085873741,-0.142447784757588,0.0164590521840788,0.0370089692128359,0.0439365951017665,0.992920948114982,0.940675270159309,1.0521908667293,0.970200116023976
-0.00890459660576536,0.00993407928180613,0.0535334124475284,0.0215089273224827,0.0193632429687411,-0.0480502028987074,0.978996480926797,1.15306388275032,1.0796177860264,0.979893219240271
0.00271675076687311,-0.00581367928812657,0.0172008506901551,-0.0203060078945251,-0.0203130013304629,-0.0816433736806777,0.885853751434538,1.05408224374706,0.637088573458405,0.965527960895284
-0.00629928226489094,0.00764490120000229,-0.0230323174212332,0.00846885558299703,0.00320715918858305,-0.00597318354533718,0.98692739249686,0.945108426169598,0.763977656306645,0.987739111004485
0.00738923926152189,-0.0100091231403765,0.15489162534423,-0.00911758367226784,0.0413998315867123,0.200977528270353,0.997439485417068,0.951768482905741,1.26312862830475,0.986652181637318
-0.00619142533574636,0.00393151121837447,-0.0719920757514871,0.00010928918263868,0.00745021062084435,0.0105590719279919,0.936289152322013,1.00107036848637,0.874523790555763,0.935550986302718
-0.00742602490808621,0.00777163847705461,-0.0477962431815587,-0.0192093169300738,-2.71779322623894e-05,-0.0532687045223049,0.875656172441089,1.08510224038176,0.745184692998878,0.934297516593934
-0.00107788178256547,0.00563554518709298,0.0037418636291735,0.0219429145410207,-0.0153712602365949,0.0448466442905409,0.994620591106316,0.945076509882532,0.998011905751236,0.957653792030453
-0.00193219036409062,0.00466119724848005,0.090435186427292,0.00641622494221519,0.0135818920648728,0.121612424234683,0.992136723739874,0.92802238017247,1.0326313250972,0.983267067632913
0.0139038358673196,-0.0162015558423339,0.0491988496554077,0.0108151106076952,-0.0207213880310853,0.0595581606020091,0.947677446727317,0.996990981228492,0.891469640356832,0.98469969132504
0.0176145660235206,-0.0205887133844779,0.0830398024550797,0.0269645959176224,-0.00319491137158226,-0.0392048649579446,0.977461194124978,0.990821109693435,0.979021032689543,0.960437543994202
-0.00474867923765463,3.82517898962209e-05,-0.0537985490547311,0.024061637981532,-0.0062316655626768,-0.00299449257807884,0.966158778698002,1.019739725395,1.13953775038188,0.963773225537475
-0.0124274044984558,0.0154575442823616,-0.0667260712275925,0.0120629099264303,-0.00289427784525854,-0.0101081046217806,0.972714947331333,1.23363845304514,0.923575600644808,0.951240661046821
0.00511414402110895,-0.00307978312082355,-0.0202665662507611,-0.0149079587076881,-0.0333370871001177,-0.0400151685501688,0.981230208531306,0.959278676572696,0.931754955112515,0.96940277663482
0.0144537736646789,-0.0203853227943125,0.041482354632675,-0.027840858722576,0.0183909529163777,0.0253772857403674,0.989243866923981,0.995095021131903,0.853312950351505,0.995359322840709
0.0197911260567136,-0.0275365676989704,-0.0537821772373991,-0.00266628761695916,0.0142969082834975,0.00138673561841755,0.985815338289935,1.05814469949064,0.795422053358243,0.95436566731596
0.0055379988238716,-0.00771392693629111,-0.0463251064106017,-0.021697343158337,0.0114871595731921,0.00379928324154817,0.922561180568478,0.970822061240767,0.849176636976365,0.963812992814439
-0.00496946181029736,0.00544564702951398,-0.104202512448395,-0.0101835138948742,-0.0287112646975153,-0.0145742992682287,0.84315237568646,0.994420443736908,0.735122721636516,0.901892788977101
0.00370441221372905,-0.00378928222112441,-0.069915167154397,0.00801329324223678,-0.0133385636908372,-0.0316319575266955,0.972433819978568,1.01556121850808,0.747874516486478,0.814954599203553
0.00783385088277182,-0.0121304831968332,-0.00575847145548991,-0.0153883174324781,0.0155984434369765,-0.0276979661612566,0.949410609896891,0.979176865632764,0.913527289124218,0.972646836420489
-0.00450982381642588,0.00738268762558011,-0.0523815322544593,0.016550821099827,0.0489037421479714,0.038424491028923,0.988493846125043,0.955241963567622,1.45653428010553,0.991719816586757
0.0135966407581626,-0.0180594376627631,0.00548447726281681,0.0166624823238287,-0.0359577945461374,-0.0682620605344781,0.915689476459286,0.960272097639808,0.516344798059507,0.920011262027874
0.00124432279962427,-0.00126457298890076,-0.0494415018999793,0.00914641328799082,-0.0270438505304589,0.0379610354792505,0.994502115994632,1.0018800433512,0.844497227185082,0.946761287389802
-0.0105204383949995,0.0127850908694307,-0.0199128535472355,-0.0268422718417594,-0.00194408527673597,-0.0705895287794413,0.956078408176725,0.940569542988937,0.824057892139383,0.880026396176246
-0.00556097807995908,0.00754952432790547,-0.0601526226695416,-0.0284602816673689,0.0298255870638178,-0.0724876162915371,0.870309176691291,1.03867316679391,1.02228567092045,0.941065196988183
0.0083435707657436,-0.0129514974301638,-0.0675754888254701,-0.0484616015504361,0.00127885005519345,-0.0180282212047082,0.900047178524462,0.984237833637046,0.873391044948479,0.89605805949277
0.0241409736628397,-0.0293593353341227,0.0967933932239399,0.011350020506596,0.0182964647156569,-0.0671008804144889,0.96796125144544,1.0201615001136,0.954606657200311,0.988775610260533
0.0105490402732405,-0.0115245147678038,-0.00506939804187384,0.00112001495303298,0.0124514667715394,-0.0225015953217361,0.974432095935316,1.08283278344466,1.35354342679738,0.993773052940323
0.0128184107327421,-0.0147089409203441,0.0124350444975118,-0.0316489267160335,0.0130849916743869,-0.00852405344774618,0.948843899291517,1.06666947143529,0.765208811349753,0.934133348275619
0.00029605127328083,5.87568905984605e-05,0.0553278973785276,0.00507743250435002,-0.0216405843180399,-0.0584124537365074,0.901909840117906,1.01010866443967,0.618402062469637,0.961322554510727
-0.00319090437956741,0.00533190105413619,0.134200973942245,-0.0272855157827768,-0.0594458828340003,-0.0315894449214668,0.885681398963688,0.901878958725797,0.947110792914739,0.947749966295047
-0.0198299137827279,0.0273408921345185,-0.0193611482532032,0.00405022586978502,0.0167504879481278,-0.0322227027702232,0.941277174459363,0.962824708085681,1.04134596705529,0.987077702440926
0.005802250595451,-0.00585508185408821,-0.00591551590266398,0.00883967054532056,-0.0040685098241245,-0.00653435917916423,0.932210648060434,1.06972625719417,0.902479060065152,0.959438498800794
0.00802241467491137,-0.0109176358497862,0.0168455225394249,-0.0148758473432678,-0.0257844715473268,-0.0151824259208724,0.922322663654043,0.988595690953934,0.817882782863149,0.810136947059425
0.0210510182517402,-0.0235883586681329,0.00288932408240511,-0.00244139408476029,0.00049863612998159,0.0463863776582366,0.956071640211407,1.08574199642764,0.929859183804651,0.992796024240022
-0.0242042694620859,0.0272893790218033,-0.0290040809727788,-0.0070388913837902,0.0400932151162584,-0.00481473584257941,0.97703095275924,0.988335709655277,0.843924075052833,0.921880020315464
0.0031947585583073,-0.00355523934519923,0.0858783888040527,0.0269882109117532,0.0282865043369805,0.0699236494183242,0.995061640444529,1.02754320061318,1.26387826158751,0.999915030690996
0.00364351162743464,-0.00766787192050824,0.0564431611235459,0.012704984207543,-0.0180332543345079,0.04578003415142,0.994783283147478,1.01264987053751,1.44852741320905,0.979961453057368
0.00699239483431922,-0.00802405688773369,-0.0641457291511262,-0.00371604366561569,0.0191886845749879,-0.00201905610377865,0.942786824080042,1.04265160136031,1.12741379754581,0.993836485866208
-0.00353235945073024,0.00284307142312941,-0.023028114620871,0.0164840129240834,-0.00889917116505923,0.0919399507312411,0.940923611501363,1.01709690325652,0.80523387786462,0.971303220465989
-0.00474332919246759,0.00735563504900996,0.0732145305612118,-0.00587802042588106,0.0151954642405313,-0.0109261315299939,0.973363314224683,1.047068909749,1.21521482065958,0.989234949657221
-0.000182610956585,-0.00144294760709529,0.038687644326352,-0.0554906864200881,-0.0327807367609144,-0.0455335424808595,0.890703050854438,0.978073779912642,0.680670408205621,0.770201959894107
0.0164976824935805,-0.0169456210930785,0.0466556598994736,-0.0114916816691908,-0.00922096610026972,0.0176102471937888,0.99788882759097,0.976190601223718,0.69335552116465,0.98413745376708
-0.0112880392471312,0.0135978231254142,-0.144498431875737,-0.00128417090338066,0.0130237504073901,-0.117522168751015,0.915607301337852,0.867657768028736,0.633574544764012,0.88535844514228
0.0184848557772666,-0.0221166913652101,-0.0103451514115214,-0.012583064533205,0.0158618035201045,-0.043203783941094,0.961124868470299,1.14455727730556,0.734504865955258,0.976167670871368
0.00712500842540108,-0.0103516647910126,0.0538957627390048,0.014449027518378,3.15796702135822e-05,0.129347927887478,0.988604931027568,0.983384452743717,1.39142230152842,0.99372722189355
0.00647247212298405,-0.0061349300333622,-0.0232681082408692,-0.0122725633158599,0.00795275850568192,0.0395641484733111,0.953977864415704,1.05193647076798,0.666911141625997,0.998921369934406
0.00795921545729843,-0.00765726774569771,0.0369070986524338,-0.0335638882925652,-0.0141837526140352,0.0472013437647768,0.942957149930115,1.05122082973386,1.18538853094806,0.914103239965262
0.0191639386536395,-0.0231911082152965,0.0442403203063664,0.019566774046348,0.0186869683700074,0.111898120750537,0.993872052908903,0.934549815866161,1.28669896145699,0.943201706642355
0.00695039427301025,-0.0112593702695296,0.0891471970671369,-0.0108850476741818,0.0039891821732823,0.0205529484235866,0.931222020623783,1.04422741218297,0.830087199048679,0.978553771748238
-0.00338566302498821,0.00354947182207242,-0.0284784471910676,0.00498389952090391,0.00477381462430121,0.0176454321085923,0.950117421024798,0.985922856526416,0.930156358465896,0.92009464760037
4.01944847830003e-05,-0.00132299954724259,-0.0715111032280206,0.0189406433540565,0.00742907870147073,0.0639720248669976,0.989266890319826,1.03606107812473,1.19213327325279,0.965471632343653
0.00649711158006209,-0.0087657031398151,0.0513147480982599,0.00220488594196322,-0.0098100728224406,0.00179911280233067,0.958552666569922,0.92990230074763,0.895256410683826,0.957905913641185
-0.00023252200898904,8.84848864828036e-06,0.105596975853301,0.0327350829275967,0.0115900603167816,0.0134430731490684,0.984997045237566,1.12380295761689,1.0373545210324,0.996536032153338
0.00198307721484729,-0.00492416967818357,0.152239259765529,0.00619063316101911,-0.00267182629813975,-0.0699416232815042,0.967245518997143,1.04819656358882,0.620731742880196,0.870955161768641
0.011121538043993,-0.016985678092427,-0.107448292049651,-0.0208503496718581,0.00541229401053432,-0.00532918251947425,0.906989368858861,1.08904963507332,0.696563278200743,0.883080792855539
-0.0175290690136368,0.0211492435963486,-0.0445612285257985,0.0232907351199901,0.0122398673935731,0.0355541363819778,0.989938001594633,0.938501921002915,1.23943410406549,0.94533222273624
0.00571830632052804,-0.00669219858862961,0.00720668261824969,-0.020821405084946,0.0149747948809386,0.0821344731974183,0.992243862386682,1.03576177315745,1.10566214130171,0.903629890013063
0.00978548825696371,-0.0110282545735878,-0.00450267181346814,0.00264313035734279,-0.00972491005800017,-0.0280660245370766,0.926099784895135,1.07863389805613,0.939728745147218,0.973510493699836
-0.00953377436638982,0.00956341642343874,-0.129384964035129,0.0101601312489911,-0.00944794843205281,-0.0277226526780422,0.834669661138298,0.956442810547373,0.574372846327767,0.91298741331853
0.00537327392477466,-0.00692504701058789,-0.0323997173928216,-0.00992950308098048,-0.00536323649177472,0.10015436418688,0.945346663271737,0.991353815829445,1.07644121151594,0.909873038108288
-4.73410871077527e-05,-0.00209699861568395,-0.0822454699513022,-0.0131917531217986,0.0259997530574716,0.0666305132691789,0.959334358485029,0.997670576732343,1.09475867099361,0.973396575670229
-0.0242710860302217,0.0294692072468956,-0.0332484407660071,-0.0395067180812597,-0.00960283171615561,-0.11361640762292,0.843711050682729,1.07035505516766,1.205266038467,0.949349920936645
-0.00615527702254281,0.00732404055066611,0.0416322591082602,0.011410599764693,-0.022517494109013,0.00453175797310655,0.873957419560367,1.02885782925245,1.11729661106392,0.96910493453367
0.0100601207751644,-0.00644795343069186,0.0635372607574316,0.0262201035027972,0.037090363877878,0.0270589776215084,0.952448684190068,0.960416729839166,1.19993717854817,0.999439369426812
0.00081948156560393,0.00167424554578846,-0.0702156563710675,-0.0141411089242526,0.0107387725906722,0.0598752260991852,0.987956534512895,1.01668328405074,0.743062687079389,0.959036183229847
0.0170432010421883,-0.0192669196549584,-0.0762214201546541,-0.00053059549531754,0.00023981788098511,-0.0505349153315102,0.932927921339447,1.07493133590657,1.08858694718237,0.994420375738303
-0.00100129362708643,0.00175254054423116,0.00928843427877218,-0.0070956601890835,-0.0173636323331989,0.0494866337483492,0.940016245368035,1.01110552419657,0.698873538618781,0.956574966586579
-0.00604935433622476,0.00880589755090915,-0.123744715722412,0.00709597331913628,0.0160530377927967,-0.0632084002690284,0.937082082629605,1.12457595149506,0.914594686748312,0.815947915005358
-0.0140643769653482,0.0167426608496323,0.0100823290284699,-0.00513280832109041,-0.00538935315233252,-0.0216435866688475,0.923903668420241,1.0734192728056,0.826169119547319,0.902804979218959
-0.00270333486298344,-6.64446805758888e-05,0.0788367243699675,0.0171015417677075,-0.0482893915230046,0.0177698015144427,0.954589971904149,0.914577490604011,1.04113137164727,0.913323020364988
-0.0168513890331703,0.021862610481721,-0.0581743507146164,-0.00213596097623338,0.040625097573178,-0.0234621802994381,0.935324004270522,0.947725846886254,0.776617137958268,0.92158703376897
0.00162531761084057,-0.00068277955150141,0.0604398507031683,-0.00452972142023676,-0.010508126345649,0.0115710475286571,0.958452850033907,0.994759038197308,0.951466745893946,0.993841754813225
-0.00340698561319812,0.00421849489266686,-0.022270017198323,-0.0218212085074078,-0.0355651001731598,-0.0514069942369505,0.951131244090919,1.01512176165662,0.794062143918291,0.934917958523997
-0.0184625836518859,0.0206536379802142,0.0646886873202754,-0.00033651526494382,0.0146431375353777,-0.00598277318831292,0.982523298902861,1.011099363138,1.07678749968529,0.944712860083854
0.0145972380509564,-0.0149703260038481,-0.00313201027653698,-0.0157501339949996,-0.0143152261681823,-0.0437463970241669,0.961363056716476,1.03045173268307,0.851348754888511,0.726862128913801
-0.0170191186062684,0.0204740016803447,0.0363049206006904,0.00516121367395427,-0.0357254755866874,-0.0674857647350032,0.928289312227257,1.01760043587295,0.593604404331637,0.954349648164506
0.0124063616806107,-0.0127465101451825,-0.0488640908785534,-0.0328209117077317,0.00237258641964213,0.0644922035436762,0.938995728628315,0.951875610054394,0.783473740699585,0.979971957541112
-0.0108544852138368,0.0142484885311912,-0.0121892958023236,-0.0255839761216319,-0.0160091505360009,-0.133988633388487,0.816846113188962,1.01496797912735,0.879513842248311,0.818844265287467
-0.0130545079159993,0.0157301029394166,0.0173295961861825,0.0118966623804842,0.0202131113225701,0.0537560271951543,0.983966040387661,1.0240313155031,0.77960806933171,0.989898138771779
0.00969204880663505,-0.0123525333114845,-0.0415271286567268,-0.0199939612088243,0.00620517825532231,0.0191715133926991,0.974959431494114,1.0031433828709,1.12699209299283,0.989528276513361
-0.0246046145383854,0.0295770419727789,0.0789447541508616,-0.02640813243508,0.00848255657168439,0.0511033677960993,0.983877683524385,1.07526268325643,1.00755178819666,0.973584006756691
-0.00433189613390526,0.00449093586439798,0.00526641298360581,-0.0297482112599518,-0.0121978270010915,-0.053549220063027,0.886712275237118,0.989948024102167,0.829087177300628,0.928939871137273
0.0100168024183603,-0.0113156280943524,0.0346340794617611,-0.00707724101697864,0.0206696496745358,-0.0125588875038186,0.977293821089464,0.950060677981404,0.834045123691649,0.987472004956756
-0.00398974856984583,0.00376123711401355,-0.0436422529011001,0.00596975867464192,0.0295456252664132,-0.0501963248517151,0.979553002925061,1.0389901349709,1.29562613863333,0.930758672010201
0.00543289198287829,-0.00517568454543101,0.0319099796360843,-0.00082711056531563,0.00359236012359667,0.00599367461951042,0.998599374134831,0.866989154144588,0.974602768781218,0.984029370934789
-0.0109974824650098,0.0118806823688885,0.0287237956437519,0.00138440498384725,0.0196850184149004,0.00263896442328359,0.983610817086778,1.04404038262851,0.875730964506471,0.980530417274253
0.00997389472674926,-0.0148840341482885,0.0733371817359174,-0.0157864235208241,-0.00953284783107521,-0.108438458027385,0.881380019828376,1.00573300540057,0.95979035432413,0.940754213263177
-0.00784841433650654,0.00858131619718204,0.0354546466982386,-0.00465132887243565,-0.0107280341328542,0.0478343444297219,0.982760982321788,1.04655579801782,1.08162343767302,0.996716644507249
0.0150647464284675,-0.0197082056738408,-0.0382667327677049,0.00021515363800377,0.0323756694097052,-0.089051752499928,0.923401668259811,1.03422039683603,1.10424063463274,0.921537637247227
-0.00688441321461758,0.00853003271625902,-0.0500743116025253,-0.00867812896157109,0.0077747357621255,-0.090025045272941,0.891232145492579,0.952446507153077,1.00591065875162,0.957458518942578
-0.00521866900546319,0.00568424501052559,0.0336021268616329,-0.0220020253524167,-0.00317862665740641,-0.0101216713067606,0.960654791317407,0.932966601581666,0.760894914227624,0.906521910990368
-0.0134974613908557,0.0124335055281574,-0.0508873755493094,-0.00049745669162422,0.0177542993276939,0.0218054948947486,0.99736497270893,1.00161871834816,0.89036123774272,0.979671529107163
0.00016290409103188,-0.00033969177692557,-0.0386167100707837,0.0225712689938928,0.00313467105344475,-0.0628953516009247,0.9738939806122,0.921965736047447,0.99442748516504,0.909938244042577
-0.0102061250964281,0.00952391306188443,-0.0134952951928353,-0.0118891357497989,-0.00295707413484233,0.0115625890033936,0.985755234733446,1.0298294378273,1.04240678931162,0.958910463899896
-0.00405703488558026,0.00494589185819407,-0.0117019074531713,-0.0138724658887176,-0.0136125910125022,-0.144868272266729,0.931745604385319,1.06423725035197,0.823896820374721,0.777855560524116
-0.0107757192364972,0.011076835332349,-0.0135769086879166,-0.0159044628842471,0.00577109408697808,0.0954504776847885,0.961958629131591,1.03568723804326,0.956720131438379,0.98719186771387
-0.0110947203373012,0.0118446614105639,-0.0183706777165868,0.0187710617330833,-0.0054738634322835,-0.0349066028110006,0.928774316012047,0.884782068583641,0.809570836388513,0.905314272087423
-0.00325245565755015,0.00084405126545376,-0.0648026883453628,0.00076125241569544,-0.0272686305402236,-0.0959397154189267,0.842464593183227,1.05033531548035,0.861535898357381,0.930391460444047
-0.00273852998643767,-6.5985185148899e-05,-0.0270627312349502,-0.0338429129858198,-0.0250748944043124,-0.00966424409459963,0.901553953534585,1.09248999871869,0.800178511570189,0.832071001930904
-0.00497288173107628,0.00393199484899705,-0.0385835724270772,0.00155267613598751,0.0056372658281484,-0.0810686137339963,0.899391864589335,0.960492795667785,0.998364761563849,0.968122764328753
-0.00293008538476486,0.00389072551363113,-0.0384540136431807,-0.0123872744691558,0.0100514946899553,0.00267467626826075,0.89487194370787,0.899403484686489,0.832997866610758,0.92197099209584
0.00580270818212674,-0.00827838995639404,0.00625057307534777,-0.017487417561968,-0.0131784531130057,-0.0974703230728092,0.961431027771457,0.96579395620547,0.94914378031119,0.898476013860466
-0.00966968165135509,0.0147141625851929,0.0113606942720003,0.0253616621951242,-0.0211371465699866,0.0226963129684252,0.942584615803418,1.07014530676433,1.01693099058591,0.954591927653737
-0.0053613592156073,0.00743515786518913,-0.00971985633665973,-0.0040754692342034,0.0030025908365342,0.040932351919728,0.933642957281846,1.00474385169724,0.926194144736716,0.968682100420079
-0.00578668985783589,0.00513190236612495,0.0775233216374493,0.0167017202142634,-0.0207393206965116,0.0571197833496426,0.99641399000746,1.09004450028458,1.07306174509763,0.922503805012434
-0.00019037032992345,0.0039687906942461,-0.0393314093349627,0.00847757411467496,0.0214649288435989,0.0359215147368164,0.987452629464432,1.00270123546921,1.04011221240983,0.974285945633406
-0.00650389144827344,0.00799004996094144,-0.0255467959258291,-0.00648232497995815,-0.0087544777621946,-0.0443577058543742,0.961314973482061,1.11248686755129,1.0196513936789,0.955372812967174
0.0034526200143052,-0.00390486382390721,0.0398219273457578,0.0179633099962374,-0.0181545278489585,0.0126605560323357,0.975546402912946,0.918942458345478,1.41314053546995,0.972529242173936
0.0120884840647823,-0.0164766601478117,0.00376874944555944,-0.0194529033200795,-0.0203768993208524,-0.0126074602122086,0.965807714513734,0.935604882870216,1.0612311039041,0.938330646614217
0.00540090760100858,-0.00396358868927241,-0.0541875723633531,0.0128846569139573,0.00685857386479554,-0.0407632077242879,0.929268849653094,0.965306435236325,1.0897606564639,0.911895420274749
-0.0184651197264348,0.0221090693903037,0.176315451701981,-0.0342530483478745,0.0120120237063642,-3.65577463018501e-05,0.949353283587849,0.92899634046164,0.551292417223501,0.949907641286218
0.0034928480535043,-0.00297941502590251,0.0376111848514934,0.00267604935466347,-0.0213125413790011,-0.012536383954502,0.892490252081616,1.00566547266739,0.961892032167117,0.917328335911268
-0.00441932740451584,0.00345279748657144,0.0784001596057828,-0.00556504073239707,0.0163562278035168,0.0168086797839509,0.995497292480363,0.967215536171031,1.19170647327288,0.999060632151933
0.00922190988651725,-0.0121422801556584,-0.0900319087532765,0.037999228471112,-0.0108421267985444,-0.0477734920170345,0.923149534659069,1.01292279654144,0.70692112569664,0.941652661582033
-0.0229557246857436,0.0275163339930376,0.077970821904222,0.0256789310709141,-0.0308620968585552,0.0678667587894333,0.957653299915682,0.999269381392171,1.25755774802028,0.945162007778134
0.00895041152686478,-0.0119868882452057,0.0557529049095334,0.0210352302523151,0.015198815967292,0.0242456216571818,0.994581313819303,0.964959107312475,1.4594711223472,0.99466343161173
-0.00583676250930619,0.00854562387396785,-0.0420521606314985,-7.63559432059773e-05,0.00314171812394415,-0.0225721847819589,0.93441422499437,1.04019997835012,0.737466832290611,0.983934681787536
0.022822594070057,-0.0285361145933375,-0.114955134214392,-0.00670262692933323,0.00978247246893536,-0.0815960034485863,0.928086730027567,1.00567130188019,0.98112501626037,0.938360079772456
0.00654920727651092,-0.00655586656615348,-0.0906272195766586,0.0188542433329331,-0.0107707181850227,0.0105296807851895,0.957256334753615,1.05573049594543,0.740946353590737,0.900725070032102
0.00151713783443205,-0.0020922520700759,-0.0281701765974324,0.0199031497702089,-0.0162751620547201,0.058069402861129,0.989133919817461,0.873336049419488,1.02287466508165,0.970820907389784
-0.012983454538771,0.0157246704014432,0.031359997430446,0.0257524958577279,0.0179864673734214,0.102532276284038,0.996497959794645,1.07556776276235,0.935862685251447,0.987606824260768
-0.00351791281694881,0.001970949074035,0.0298391697536462,0.00841624832751619,0.00597711794197843,0.0593573692073737,0.95392916515862,0.936551450137176,1.28342148202284,0.981619867788884
-0.00319760007177652,0.00602334458709812,-0.05562923661956,-0.0149670542271203,0.0335780236570897,-0.00889210026845847,0.90646639490465,1.076830763117,1.23420942894806,0.93611725335011
0.00216940443539367,-0.00161562977340007,-0.0452532624602598,-0.00631406860621738,0.03324999230238,1.70643533141263e-06,0.964276010485777,1.25255918554384,1.03111702502705,0.806636487449139
0.00301278907928472,-0.00358488649119979,-0.080889716805443,0.00415497347461107,-0.0110238079863573,0.0356836107827011,0.98072984109537,0.942744203053843,0.982658065127761,0.987893099938142
0.00225247947417634,-0.00422377453684099,0.0258825555000963,0.0211379373573522,-0.00580382103320227,0.0363761280045134,0.979672922734593,0.963218829398188,0.738967615095726,0.966674156263275
0.00533116560535535,-0.00912889921268049,-0.086552984951816,0.0044101788137108,0.0109173058359319,-0.0124702819187658,0.9646964626551,0.966776051199131,0.995830194728467,0.791892245497472
0.0120667551724966,-0.0130595163465138,-0.0513183395335359,-0.013270766265887,-0.021110519594673,-0.0968140736783033,0.972061813167002,1.04283383154644,1.04054482392128,0.921236603759824
0.00337526182962593,-0.00269039801193728,0.031728433207573,-0.0143464687024898,0.00669838710852281,0.116253875993126,0.997586757639817,0.879053798570982,0.734523962681007,0.922262620016452
0.00379848970464932,-0.00748033775661341,-0.0730654322256414,0.0104696945920291,0.00067109356508584,0.0136012084324866,0.987676555214252,1.0185254481331,1.16199492062155,0.965321857746067
-0.0139352361294542,0.0165151486693865,-0.0725313272719778,0.00430293944238536,-0.0057814376031492,0.0381354424049576,0.913124438465244,0.951427128922152,1.15891008676283,0.959813549001119
-0.00301598213035627,0.00389624073808673,0.0841363783902781,0.00778760616921742,0.00272191647655758,0.0180440233400266,0.999102908857694,0.996040446980426,1.1175881555489,0.980261569984176
0.00909936408740664,-0.0108636826724108,-0.0673623965143101,-0.013315804071533,0.00806236659875808,-0.0289311336990135,0.918333039469623,1.00425501688477,0.958497445776156,0.95655645052425
-0.00050541582322781,0.00045842681160999,0.0541787125113132,0.0079172210739915,0.0445200154117273,0.0897798869901298,0.97836348469492,1.14938785010767,0.994813032866195,0.971346315815699
0.00400555152261347,-0.0073069314519864,0.0416204905884017,-0.00193340996808637,-0.0144961628667465,0.0162702367566263,0.978700917220768,1.03817660918046,1.0417034355685,0.883687008837539
-0.0112019873784939,0.0160275278395247,-0.0787711643389327,-0.0147351885011179,0.025028570875344,-0.0460875167630768,0.989003616166535,1.04205739467099,0.882066567481165,0.921135163925244
-0.00811555164653707,0.0128717629332457,-0.095054683761921,0.00251631618681188,-0.00453930152392473,0.021762182324094,0.868478996698506,0.986198712636528,1.00766108618171,0.997731083140131
-0.00195554231506059,0.00058649984015519,-0.0102232643559296,-0.0137715832057155,0.00810614842245928,-0.0681843615923041,0.908636704656185,0.944822986758766,1.09020104049869,0.983765746618437
-0.0184646256808586,0.0239507253367959,0.0229047577530567,0.0225928511864558,0.0194241623770278,0.0441532122024315,0.996776978128729,1.00218973827656,1.09241617454756,0.945442409278977
0.00891076598107704,-0.0137771997491833,-0.0863120633242494,0.0122020296326331,0.00054327435206205,-0.0666054120436424,0.924362282114082,0.912803570994304,0.940707398529572,0.996919892874224
0.00114640937447054,0.00337666823653761,-0.0429951472210994,0.00981600300498269,-0.036887245908635,-0.0410300546027766,0.915952161333558,1.0438509488262,1.00899841980277,0.990246474412819
-0.0173361186882524,0.0247627342730787,-0.143697331238452,-0.0111216722380261,0.00722307341718934,-0.0247033988351924,0.950143880621163,0.929582907751432,1.12694129737878,0.733591040331948
0.00165007201417128,-0.00610569038727599,-0.0106730341209757,-0.0184936862551683,-0.0402088939020465,-0.00015815679533612,0.957619731684015,1.05248805196419,0.822075984097383,0.831188756718133
0.0117852648321162,-0.0160275654337112,-0.016556777188382,0.0192748620396457,0.0111843330589597,-0.00623165947978236,0.989219754198259,1.09650426906986,1.00397133919611,0.957409739598826
-0.0171555149963767,0.0232473633776552,0.30984741235164,-0.011824976023551,0.00214841171827888,0.0171537704714537,0.990535894464052,1.1103738891118,0.905701253508532,0.956159090798188
-0.00057779390932009,0.00407494723425364,0.122109765087589,-0.0114109158871845,0.0192713065945755,0.0611625406967561,0.977794573083113,0.96100520115307,1.03861449799705,0.964358289845103
-0.00997573314395961,0.0107803499767576,0.0416286738396307,-0.0100368740025565,0.0307902288896766,-0.0337661378133793,0.987681087423974,1.0042055325053,1.05747316234429,0.977311461591034
0.00011107015290093,0.000166263820087,-0.0371406531654294,0.00644288855680501,-0.0373798771780019,-0.037533233221809,0.932863026209273,1.00920930953451,1.05430035257219,0.836850300029365
-0.0138974317025383,0.020533686653614,-0.0714117820287537,-0.0134232735953272,-0.0179255985774614,-0.0616824604569723,0.836144784828355,0.95632691143462,0.501841329741765,0.885314028403244
0.0128839219490923,-0.0154640009434677,-0.0641742368456161,-0.00202396322072575,-0.0147256485908818,0.0274946497597667,0.928906673277983,0.940729575295786,1.00839003853862,0.989476753739916
-0.0001171767930962,0.00028782143460503,-0.0788634997947325,0.0147477122815771,0.00222119414448015,-0.0115839839581234,0.945260568697438,0.987745815699821,0.844410287650406,0.929648746559038
-0.00152208580415168,0.00317132882053359,-0.0296061834194031,-0.0265750750726489,-0.0105929490554952,-0.0523141671855231,0.964257638247967,1.04874637221241,0.904245927337685,0.89851622794959
0.0037090294039716,-0.00635832597104492,0.0610937564837145,0.00679279582830526,0.0268724707501308,0.0242642060561921,0.992008225948516,1.14870833564311,1.02121732382414,0.999245318393101
-0.00032071219395734,0.0008852761093886,-0.0532307306450464,-0.0106760259403437,0.0191762040763632,0.0242418454653555,0.983339143239414,0.956435835875403,0.964712791085162,0.867411061229133
-0.00121551948013539,-0.00150389445972173,-0.0317133561196503,-0.012308358119503,-0.00409155099861158,-0.0733765443625212,0.881809995075992,1.02729153768842,0.73308317643774,0.85617716911037
-0.0182730883137331,0.0236623657798153,-0.0700019329844504,0.0102153457943702,0.00432589717440513,-0.02034932284772,0.974346716590476,0.925800017757672,0.953259358110567,0.999064336150804
0.00358123925997257,-0.0053988824865652,-0.104477539831976,0.0319177999086039,0.0170130639714425,0.00837524888129683,0.990476140167807,0.924542506535273,1.12890878437355,0.993045395560822
-0.00832381921248486,0.00893154996954964,0.00724868349817132,-0.0217502258207186,0.00751272347900594,0.0380007033139968,0.941811454205925,1.0189086938794,0.780148407302301,0.944578763998019
-0.00418091181516825,0.00626588911620172,-0.116421307338109,0.0137734477942017,0.00443598511653432,-0.0152184805141549,0.951019060410965,0.979775294712779,1.28553384161915,0.906379080872124
-0.00221946527182264,0.00407365793078456,-0.0440949457954298,0.00116584127220883,0.0150496160842812,-0.0279052293422967,0.926767159038618,0.995326045853418,1.19483611084838,0.943787203089736
0.00286960574523569,-0.00266199338280927,0.0985027982350293,0.00443714214673807,-0.00320944574720376,0.0421283044189665,0.996535236863641,0.974796117689595,1.02257057664498,0.864007532604232
-0.0146973628797991,0.0169370192813372,-0.0760377830255523,-0.0107383373447212,0.011148819587384,0.00047926805329292,0.922131366128454,0.914954948296152,1.19179273221277,0.966999819801232
-0.0021343160128611,-0.00115971005168534,0.104263074519147,0.00161317715086142,0.00100403683693949,0.0728293240057074,0.965436276246333,1.05206381550497,1.03888850469229,0.955112903511931
0.00132396758311206,-0.00442461072697622,0.024529980525358,-0.0158967318991273,0.0238974951057963,0.105353776496258,0.979230914215902,0.935139255824198,1.07658522632522,0.944960979787604
0.00560364632173586,-0.00954222380891515,0.0201435702591302,0.0373953456682309,0.0194955029866576,0.0313831381355528,0.981093361086525,0.999452231683686,1.06549679745544,0.91649307211857
0.01380408664455,-0.0182442304718638,-0.0466586363833368,-0.0013263094064916,-0.0175903443191893,-0.0479015678989813,0.958581044817407,1.05125336790727,1.10705004139271,0.909744845175256
-0.00234668627748873,0.00273573527207454,-0.0474982703358621,-0.0146245564178065,-0.020957050050491,-0.0130295461703832,0.964382542075762,0.967863223582769,0.855993235492438,0.947771214460993
0.005737626037928,-0.00788788983375304,0.00928891319214414,0.0317413613468066,-0.0254760049124211,0.0955881427670283,0.933267263266697,0.95016719896714,0.938951289903376,0.970734299088885
0.00498506229954379,-0.00546393166625051,0.034564250294655,0.0263070700863819,-0.00687559680472146,-0.0546392778714991,0.949883721350595,0.989713834644127,0.940144456442019,0.99813473152095
-0.00273582081002751,0.00568889424609576,0.0583400365832623,0.00259907169112562,0.00567317702803315,-0.00410146080370882,0.92529344358135,1.03162200134567,1.01640757515619,0.887326481527723
0.0111436847809063,-0.0124991203902349,-0.0519160126612487,0.00450825422435061,0.0234935120192393,0.0037693319748502,0.995301102302987,0.97509699869494,0.994203291219855,0.95258204782213
0.00499856961197026,-0.00884515814857554,0.0732915756911509,0.00192949236336223,0.0370602516241448,0.115869609061935,0.98051473481447,1.00286707741521,1.10089448372146,0.969653595771877
-0.0136926876654865,0.0170485922716142,0.0340652330264433,0.0130155127854818,-0.00112585298170586,0.0441831090567713,0.984716209871392,1.03147360397221,1.08602083453021,0.980788084463071
0.0248414559744903,-0.030665559741308,-0.0432579218519864,0.0120331552371756,0.0284758442962006,-0.0239763041017194,0.945959960050189,1.05942849585542,1.5072060406832,0.876279809512263
-0.0218791367055548,0.0271857603266256,-0.127531227255345,0.015487704170387,-0.00626316650783771,-0.0130545762071373,0.854216865952643,1.01436121202298,0.581385112427649,0.903679243995566
0.00785054445739683,-0.00979048671053214,-0.00903728802045906,0.0102117766155874,0.033819880360517,0.0966726753869531,0.990680923378823,0.946276829864066,1.23087675823334,0.984480072852397
-0.00646854258798546,0.00637680055664076,0.101524724183131,-0.0296795304483634,0.0194761195346231,0.0841696880881108,0.972269982921488,0.972914846124588,1.28709393177413,0.786286366237874
-0.00021352359195121,-0.0031798372148035,0.14671388454762,0.0211763424872225,-0.0103755559015067,-0.106609788095459,0.907263459989306,1.01873830473808,0.833248464528963,0.923926404844885
0.00378210518055067,-0.00630399494600497,-0.101520979488663,0.00650555159526752,0.0171175001300666,0.0104582468330561,0.941302635866133,0.963754003883995,0.924614698527738,0.992130439707058
0.00162598486839608,-0.00530744629740676,0.117546503115349,0.00505250435331222,-0.0131227839243917,0.0542443868195648,0.99861285084267,1.17967839985537,1.04315120839754,0.995670568994404
-0.0200254612138275,0.025063558239139,0.00994742507879831,-0.00072269957812306,0.0108146594959135,-0.0359253395513055,0.983337403124628,1.07380298065749,1.02065300386696,0.98373673974229
0.00031224690609395,-0.00017164576782964,0.0289393670877061,0.00107751711224985,-0.0337380390967836,0.0276659661019502,0.924075492266015,0.9806705790137,0.686542401021106,0.935585482378241
0.0141341610851667,-0.0176913706759484,0.00316052743319462,-0.0086865590763913,-0.00610034679382391,-0.123263919958679,0.973012015692491,1.03138407396046,0.825769219371104,0.867622962723593
0.0214385930284213,-0.0256627879530188,0.004546988767135,0.00718689721512462,-0.00731985947744761,-0.00729155385511833,0.9120176839884,0.97620960982487,0.94452715371546,0.968883663210517
0.00779369416673689,-0.0117667728118964,-0.0382001640947752,0.0127116119108229,0.013776517761105,0.0277887689973423,0.994480730191999,1.06199502151026,1.11311413064134,0.981929813770269
0.00328628198538863,-0.00226350107722335,-0.0840071237426769,0.00883925749607493,-0.0025214721723383,-0.0224863926589954,0.963746947981815,1.07042889304781,1.06187307418814,0.917434288569889
0.0108122127746629,-0.013119745097761,-0.0488344263902769,-0.00461057284426284,-0.0448472294639055,-0.0890456591282033,0.900727878444276,0.922197105172286,0.911782758416662,0.883256385852881
0.0200622847576102,-0.0237580104055992,-0.0222265021723763,-0.0144483666620313,0.00206539463286134,0.0723301824127542,0.932240260670762,1.05418352913201,1.28029706991828,0.94983485514413
0.0104714539918,-0.0110887774615953,-0.081846592077595,0.00768428506114835,-0.00894942265699742,-0.0113270593168762,0.983370084176135,1.07450939273769,0.913536440303775,0.875368243276966
0.00194147565343646,-0.00245891865844858,0.053575759475176,0.00725486001080208,-0.00874738354039462,-0.0004870275481241,0.92772815458874,0.981897732681097,1.14331857297081,0.986776300302076
0.00570894775745202,-0.00815706644271804,0.0833166715546548,-0.0183714933097214,0.0332692143787798,0.0680817786471463,0.878410321087,0.949467538532437,1.39274449095507,0.994939751889315
-0.00118610232610805,0.0056538216210193,0.104426140925658,-0.0163593870446976,-0.01244361395327,-0.0360897281085507,0.930306139072718,1.08707908676461,0.561937072054944,0.920431154537855
-0.00708996293482739,0.00999290812445965,-0.00436178929720421,-0.0130776614412244,0.00220424741432707,-0.0101128419892563,0.978721170376371,1.04720347928026,0.95197924934701,0.975393121292558
0.0124796744391754,-0.0155017223917677,0.0983559022074377,0.00814901173291728,-0.0169572495391633,-0.00461456259145555,0.897401892884823,1.02280813768665,0.97614556758553,0.879581464972429
-0.02949578701045,0.038125713030855,0.0775504010863521,0.00448454924909585,-0.0604639139095013,0.0139323207979944,0.958321546902923,1.12983460786408,0.987996932768422,0.750614863471048
0.00729326297048682,-0.00663795615493558,0.0543013974868587,0.00074477851177748,-0.0364681976545852,-0.0848750474327428,0.928112440162887,0.95996121851629,0.914454931157521,0.912195790593812
-0.00812172667926379,0.0109598966334893,0.127808854107699,-0.0071539112043449,0.00852636694765365,0.0622541368881855,0.994199570782446,0.950788312486803,1.3586052870366,0.948928035652554
0.00607686161832247,-0.00943938174003174,0.0425340171639395,0.00476525910329937,0.00712535794005136,0.0292766129597552,0.855537795147889,0.962842339176619,0.976184986776545,0.97256354554294
0.00427249399036413,-0.00575998007799819,0.0697248516420619,0.0283555454310726,-0.00046467385403017,-0.0252875001088236,0.954831225958593,0.904385466214785,1.21337268676687,0.980112049849099
0.00675143001980846,-0.00998400068731237,0.0286008760511796,-0.0317974502379507,-0.00924925992658335,0.0498458806236586,0.981763180633161,1.02765652488434,0.859932841997081,0.985017266140233
0.00506090373291489,-0.00679333414506964,0.117567925363804,0.00937309121159664,-0.00061215494270885,0.0686941624056896,0.992736162098508,0.940457472954892,1.22376453504909,0.957354522405845
-0.0102217176744015,0.0126882003931696,-0.0199838507943534,-0.037694924345001,0.0115679126781323,-0.0177842104943499,0.884555200759751,0.897948996094014,0.982948406716344,0.922267293867879
0.0064064097472976,-0.00861951200295583,-0.0347901576122013,0.0248078988856116,0.0518572095886187,0.0246195865476505,0.958542146865805,0.992662323443944,1.18847577096846,0.986530623687559
0.00036127326827817,-0.00057996081992681,-0.00519667128113038,-0.00195528033401984,0.0053413468549248,-0.00165727600644179,0.968890168814425,0.941986571708233,0.921038633342783,0.97164091497562
0.0132569716472648,-0.0189563770005648,-0.0872178045890722,-0.00248269107665184,-0.00671274094648261,-0.00051235102891535,0.918541939013071,0.920037658756273,0.812331319837939,0.995239157322059
-0.00226294292078866,0.0029044680241866,0.0237159658565217,-0.0245169609023115,0.001102812794472,0.0557009892242012,0.948299935268672,0.98738020213619,0.90597541209776,0.98948831694771
-0.00893936391140377,0.00893911637398351,0.019324922944123,-0.01868851525095,-0.0143406398047371,-0.0298555882175401,0.97724302896214,0.965908407617971,0.845747268545883,0.909034521426997
0.0041694059064354,-0.00412081918569462,0.251024243764196,0.00696654033174526,0.00315600040741841,0.0458863650312673,0.98550460926854,0.894291959983161,1.21519313748093,0.990555535058397
0.0062684207573655,-0.00563349387585516,0.0382664125966846,0.0270869236830492,0.00130818015362597,0.0489427032030914,0.979910589778475,0.975418745064008,1.14563656626261,0.991383774182711
0.0003158480805197,0.00117007141683045,-0.0216752987545282,0.0140361685819125,-0.0176745388033189,-0.0333409948841441,0.977433923941361,0.943097277235123,1.0802502042933,0.969797239603376
-0.00201450409353021,0.00247662406763976,0.104551193666584,0.041500882561367,0.0076725157417297,0.0373958908392331,0.984176933395225,1.04493421569976,1.41762859125168,0.991205477684087
0.011015253407304,-0.0112408258739513,0.0197246445113821,-0.0150553008213481,-0.00378247767579984,-0.0521082220409965,0.936961407056746,1.1605826183802,0.998943895781877,0.928483391099052
0.0223014335863452,-0.027907024727529,0.0690693643343673,-0.0169290004650902,0.00645409534021883,-0.123500174443744,0.896402813461786,0.930876258204414,1.04129864200749,0.940948835919193
-0.00185080622500824,0.0017582351722932,-0.0761512766976705,0.0134909009122117,-0.0404916897515987,-0.0854812040097161,0.949556845194856,0.916451514722473,0.892173039649291,0.979308117121788
-0.00450796998205222,0.00376052860842066,-0.0423517701851721,-0.0164732581314168,0.00062280123227346,0.0612959839247316,0.984575781435768,0.978899426494656,1.03343551688109,0.919062486864636
0.00337812810597037,-0.00364565781476159,0.0598139766906065,0.00287338843790119,-0.00957406860311312,0.0340181900757345,0.92971441847894,1.15386002993706,1.08815595252761,0.992354678702045
0.0102109952246995,-0.0128947676991043,0.0204759972348847,-0.00137607611176613,0.0135302577653932,-0.039239442053364,0.996496629904561,0.99066147029145,1.06949842465882,0.912137278183842
-0.0199067755018306,0.0214765461019076,-0.0483903916143814,0.00964692188696765,0.00089736711909799,0.0724709078171181,0.993285796750226,0.971173178378714,0.879686671645296,0.95576461253397
0.0131042797689674,-0.0145368479533966,-0.0754731338301757,0.038701413111067,0.030323753979344,-0.0574474600310692,0.923381428483715,0.968657562135553,1.25030717535217,0.982899172369868
0.00015588898597424,-0.00065798827689141,0.0764215634854265,0.0133652545499021,0.0491134845726003,0.00377449791603239,0.985789695373185,1.00414742048853,1.4150854900078,0.974003086036488
0.00889548662989704,-0.00986596052809937,0.00633703964275933,0.0235721384209707,-0.0119192140055212,-0.0139748268560591,0.943282798393042,0.913180950768815,1.12717059638942,0.90176960711593
-0.00284784730457523,0.00258600621747404,0.0110126293058728,0.0363684524954703,-0.0085043146064319,-0.0454359176810223,0.904786966034677,0.97521816113222,1.10633969214075,0.934754629265166
0.0208202141685438,-0.0260372715798803,0.0903898714287268,0.010843529075084,-0.00276477158895378,0.0316854822161819,0.980566037852889,1.00035296675151,1.13253602372765,0.995596095679942
-0.00865812233849866,0.0121634527740426,-0.00690628240042707,0.00221853552054843,0.031248420580719,0.0734179613739203,0.955539697881188,0.908342193209297,1.16210591596698,0.983508992743126
0.00917323870732662,-0.0163141191966785,0.165034571560889,-0.00669206073649873,-0.0257213234717597,-0.018913761228645,0.961201113114523,1.01960137685998,0.899131997121729,0.916321779374198
0.00208901470726081,-0.00161782130776441,-0.0474842790862877,-0.00297131306602104,-0.0124867531957386,-0.00738322628208355,0.921634113022051,1.00517974768802,0.835121040559479,0.850783155721106
-0.00273922724484626,0.000131423681831,-0.0802479857683976,0.0135726335913687,-0.00614735896538058,-0.0260806545888105,0.872737321080676,1.00106652081842,1.28159173316135,0.946460426660715
0.00776028102912451,-0.0105454253344684,0.0294391503951081,0.0188335154310111,0.00189800057051975,0.0782459502386788,0.965817619179644,1.04802788524176,1.38106298601229,0.98034261141999
-0.0009588608980274,0.00389094691121174,0.0516312356385821,0.0283683101460521,0.0199809845787474,0.0589563542566069,0.985864608861954,1.01014638598871,1.26954540075147,0.946548588803937
0.0169077878605024,-0.0210995898707429,0.130368090306002,-0.0175435947931979,0.0326866018793005,0.0325679181834011,0.998294579728612,0.939776420123348,1.38576658685348,0.996695314776318
-6.35602851923713e-05,-0.00108904173083092,-0.0659710232534825,0.00082792370157704,-0.0154594469889802,0.0325650029088164,0.989134804527881,1.04159531549114,0.931555489292442,0.904003684844673
0.00045073843175035,-0.00105193472354664,0.112941651778941,-0.0238042493208894,-0.0177322491449009,0.0120177222964274,0.957886480887315,0.941283661469667,1.20537291095329,0.983877197291832
0.0117767767113207,-0.0138318176181326,-0.058472875265758,-0.0109666865490524,0.00462739352756922,-0.0667857310912414,0.913557422943855,1.15392978111278,0.895138496126087,0.956712197379054
0.0115375820666038,-0.0146372595878456,0.0941389762572082,0.00758454901002999,-0.0259839607601002,0.038494789917119,0.910906670803393,0.955939219377301,0.931343020399531,0.963387987019706
0.00030083803683931,-2.98802506490869e-07,-0.0772677116026659,-0.0154118108405894,-0.0180651894795943,-0.00199751260927257,0.988071723302766,0.959098628752563,1.16947278525333,0.829666209104922
-0.00164385784508174,0.00411691858776,0.00192752245738542,0.011492547407016,0.0181407425023423,0.0731581528754015,0.969199920008048,1.04097663537521,1.06749466953668,0.989231787535775
-0.00627679171793961,0.00943128748847301,-0.00812964123161919,0.0254752317086706,0.0439378943089147,0.0913648479684898,0.96071209999177,1.06775863882264,1.28683374471667,0.997148380153488
-0.014213753794563,0.020503867326975,0.0587473978835125,-0.0280768488877256,-0.0133462998183174,-0.0320240626804342,0.974099845215855,1.03053520874092,0.886676926613906,0.880618482247497
-0.00640622558703872,0.00763182455977645,0.257930639455103,-0.0151224856165473,-0.00816060594026353,0.0683520540602724,0.980166717080861,0.997997982529997,0.967161633034316,0.979548663442091
0.0078273017988672,-0.00974754575141514,-0.0526218906786913,0.00473008761278956,0.00762263681838999,-0.0527399006004018,0.94485568792327,1.02780132099822,0.653689212638126,0.977123899213826
0.0126982006504804,-0.0158525581031183,0.0585027689505841,-0.0112676808374555,-0.0125777291172616,-0.0890955463233016,0.953439168500392,0.971855770772315,1.09901075950304,0.977811153268969
-0.00471491962554534,0.0087821308449705,-0.0140362656716771,-0.0144149667585741,-0.0134665625937199,-0.0573683450271522,0.92282607252228,0.986021496101448,1.20599517835124,0.924647643443169
0.0168860380437255,-0.0205727230369211,-0.0405605881947834,0.0484484323014873,0.00890700490018319,0.15447584577382,0.996065171234489,1.03803106403744,1.03376076920158,0.970277636319945
-0.00161361642051483,0.00366616405585857,-0.0708609465127718,0.0312323688354286,-0.0184544554325747,0.0361713857510889,0.983813293427265,1.00001298425991,1.08038964081591,0.953695732842577
0.00344184979635865,-0.00755297181305997,-0.0274608745357054,-0.0251275599500288,-0.00584419776928045,-0.171151713187618,0.879767047787866,0.937284160581862,0.818839018973721,0.909623900632815
0.0050358239055729,-0.00640139055154451,0.0895242314666989,0.00256314877162834,0.00233525725481472,-0.0778934129591465,0.917657785191739,1.01590742503736,1.21830058429901,0.963299108109851
0.0116364494372191,-0.0159600871372088,-0.0300541129724735,0.0845756974939714,-0.0339626080195961,0.0862443055580854,0.992899181136598,1.04953154831332,1.37805370701027,0.910953323603935
0.0271321162352201,-0.0319991056402883,-0.0267706146710608,-0.00993108081424703,-0.0176492669161225,-0.0304107059127277,0.913851469102305,1.0474093161014,0.848915199806143,0.988029359788323
0.00963806495625186,-0.0131792339792587,0.0829546128631892,-0.0197441273909123,-0.0113000243287726,-0.00374487874474901,0.959314015992193,0.875736968476788,0.83151885900589,0.966565693493105
0.00931367282164758,-0.0137530816263538,0.00238152947278031,-0.00047661268079475,-0.00385683600028738,0.078704473611217,0.93092087907796,1.01399759278013,1.28414308173242,0.98715944734064
-0.00093402445004349,0.00387802128627865,-0.00464055216120163,-0.0159899979529513,0.00652208799889583,0.0582568660478343,0.985092819851937,1.01176693635417,0.949600222910031,0.931242553909806
0.00568110857928482,-0.00569894810966751,-0.0711686389714303,-0.0127999227564444,0.0360952833721836,-0.05562107760652,0.893314930144792,0.982973423695023,0.983284488699283,0.932375366430707
0.0285304492969389,-0.0343326693302577,-0.0144084431744613,0.0257427443742715,-0.0197664853689887,0.068760247473408,0.979215875453141,1.05242081689331,0.946939708595769,0.957778046131109
-0.00640948969468974,0.0101684076192349,-0.0242433612988182,-0.0169363773669759,-0.0154678592621251,-0.0508013907144822,0.987457590107851,1.08111915040816,0.777754792886634,0.96187841772889
-0.0114781111504357,0.0105801428776942,-0.016049829371136,0.0211311972005839,0.00027755370173894,-0.0042862297117729,0.937611460424141,1.03251282052375,1.40152922951018,0.900169785501379
-0.0134152689577208,0.0161386620020344,-0.00156745614656567,0.0268088222439218,-0.0200440950594068,0.0172674586397965,0.994245601550343,1.03779638107645,1.3201708396019,0.994225295993751
0.00421732861340537,-0.00828177986652272,-0.0889015076591257,0.0373295466939664,-0.00623777713843927,-0.0465905562882393,0.972984651412123,1.025835118132,0.879757493661715,0.961525721640221
-0.00322107273980521,0.00329187377038553,-0.036375397278574,0.0499832483122184,0.0159547521408691,0.0867362242672877,0.996005343306852,1.07084578789919,1.32389583621331,0.97813929293131
-0.00889155877188643,0.009080082711815,0.0194160113765272,-0.00939370286180451,0.0285798779390301,0.0606346942457692,0.977739671591682,1.01520794737913,1.1682096731145,0.96078024335335
-0.00410043810401056,0.00382602843512556,-0.112241949877021,0.0264486520704794,0.0059970395321903,0.00122970638118793,0.97184589278474,1.1072406256836,1.0519827560982,0.977944607664181
-0.0025551135488677,0.00540698944451785,-0.0215793367420205,0.00171937504582243,-0.0140347073810508,0.00362716653923893,0.934319210601281,1.01574862000683,1.20591773862575,0.951766306052311
0.00906875467732236,-0.0164867964940033,-0.0274444138350252,0.00224032369823746,-0.0505728768528236,-0.0746572074651446,0.861170736213311,0.964131530720126,0.87735229057434,0.878630969495679
0.00187458461450099,-0.00089995212372873,0.0638801580271466,-0.00428327736532932,-0.0216686994251498,-0.0621824609184362,0.934071870931194,1.02877309384332,0.711387185687551,0.994412508749708
0.00664069318425772,-0.0118002506304849,-0.105334309522041,0.0151189036623935,0.0334432000030762,-0.0488041451592117,0.96475374771161,1.00403541184984,1.15459885626686,0.898296970013637
0.010560389496859,-0.0119463363893142,-0.0901700178994518,0.0391798727458838,0.022768621617265,0.0726602900374206,0.996045127189937,1.15747613968236,1.3059015425245,0.991836290004871
0.00095007311705145,0.00024827378502742,-0.0178356837880618,-0.00686915753014471,0.00318783856546417,-0.0354459181789308,0.982527265128138,0.941177970067425,1.12220183875966,0.990822880362143
0.0204562747106984,-0.0252473503587879,-0.0655612388076112,0.0259661477730615,0.0304897109487996,-0.0505562230016452,0.892565541531463,0.979747809167717,1.16270371717208,0.876182165447887
0.00920133357809349,-0.00765979895966136,-0.0047580780459982,-0.00358339582075429,0.0244750399664913,0.0356607717446352,0.972889051595689,0.905458515414566,1.06471944648382,0.977709802195506
-0.00536641100993879,0.0103919951336868,0.0460986123589543,0.00973548862787677,0.00594364366013341,-0.00035732733666005,0.986341855233776,0.965313733037435,1.20803476292347,0.937023905873435
-0.017626566566906,0.0208108287611709,0.00288797263370005,-0.0281779721423801,-0.0272160618676098,-0.0756500580357005,0.867985778925743,0.908253721853735,0.954375345805992,0.821926829695049
-0.0163950859193445,0.0187402253096572,0.00704736728550509,-0.00525960455383512,0.0141428284123029,-0.0211153739933736,0.975770017344464,0.886408398047706,0.460268790705513,0.932773392129961
0.00889873566242185,-0.0126397145485361,0.0937559139463164,0.00298535755988961,-0.00576099483509373,-0.0577611591403416,0.987682944888696,0.999056669653705,1.29615204194902,0.997809474775739
-0.00587078056406888,0.00909649833966483,0.0617345401127252,0.0184154450745254,-0.0237899357091745,-0.0401048253974588,0.967490817818642,1.11099928823076,1.07896532777502,0.850152321537608
0.00467363722265184,-0.00421026347779162,0.0539598753506304,-0.00491106420437598,0.0180213413656786,-0.0304351408298963,0.870465109621079,0.900844831884313,1.05001023748996,0.933152667393746
-0.00540800518858604,0.00734274371174732,-0.0166366967252257,-0.0280948876902075,-0.0315496131815353,-0.0482580231765695,0.986487418446685,1.00717700162139,1.0020842145898,0.954075083250616
0.00767919558100677,-0.0078754549226448,-0.0174148576785477,-0.00891671817484598,-0.00867785817816411,0.00141135833004787,0.907062392346564,0.941248254755179,0.781443473562083,0.953876217065528
0.0113863870185728,-0.0133384447872962,-0.0779943076010211,0.031736647013892,-0.00699016139764578,0.0863211275073379,0.987165255482901,0.960875299798035,1.14034619606915,0.929708028682067
-0.0166910010557778,0.0210504288310433,0.0293604947725377,-0.00789606031472054,0.0100844578673345,0.0591079551207202,0.956077974402448,1.02787199258913,1.16420575327988,0.979457494406943
-0.00578760505061562,0.00935420477205343,0.0186555239290664,0.0151016533221105,0.0045865051619326,0.086355603217173,0.997197984396304,1.00976392513459,0.985163001136142,0.995017782127972
-0.00334518409954785,0.00385454979745404,-0.0475544287674717,-0.0165096281549353,0.0103167598184877,0.0637330646052161,0.993763476540261,0.943619134361136,1.06891477906884,0.909823133210095
-0.0182126870832589,0.0223095746602323,-0.087246476236871,0.0126490173860388,0.009361698774098,-0.0604962723857269,0.949782544554924,1.00084140090774,1.02766633877329,0.973984321725329
0.00327484975721352,-0.00378630332250933,0.0585402770462934,-0.0159401447909339,0.00774939774600997,-0.0342264839196948,0.83701942920604,1.0298053664158,1.32883267475552,0.899492562116552
-0.00265925743294199,0.00240170494667858,-0.0243326294745491,-0.00642801363822949,0.0428885614103064,-0.0313391567201088,0.98121453465608,0.950879827372188,1.13125618110358,0.924357105108106
-0.0215894281219241,0.0276003227957079,0.00597794672806823,0.0115967759929432,0.0371263162812044,-0.0654028024359154,0.943449636662223,0.951885107594643,1.1344528504687,0.99141597031547
-0.0079773875736498,0.0108436909842433,-0.0606219631020277,-0.0418535710595959,-0.00667269033631283,-0.0571841738286458,0.90398300785559,1.10306527121229,0.759367173834888,0.81206542513796
0.00175201126123542,0.00169135191239717,0.0393268998526536,0.0315821397063625,0.011237326926952,0.0507714583203206,0.963255943183773,1.07065890413866,1.1577456966506,0.847959758730785
0.00324941778519922,-0.00347043960556045,-0.057463784544351,-0.00122098323045036,-0.0150385374530089,-0.0729031866513826,0.920896236004868,0.874317694225497,1.02277493735521,0.846718328327329
-0.00956296113588245,0.0123209115137792,-0.0241938194383756,0.0131075357758302,-0.0205501232470553,0.0148766771228108,0.905036194630488,0.982215476912552,0.85562389959919,0.95489523546489
-0.00878817255930232,0.00878571324441551,0.0296659432084735,0.00695018827069709,-0.0010518718954012,0.0940444485915663,0.981597114646244,1.03831699907651,1.05127956933996,0.930123576543302
-0.00677435662432007,0.00891246734127822,0.0420131589657316,0.0272388185269398,0.00275447062240737,0.0641552466240946,0.94878107513142,1.05199240745058,0.950188278471641,0.993517241453049
0.00566376167226383,-0.00683076879665708,-0.0412097834512238,0.00934538809627695,-0.00216284116659574,-0.127477749857168,0.849928714194001,1.01438177831038,0.881960622644706,0.932227167523206
0.00243623944025907,0.00028331317830514,-0.141114185483749,0.00178327344768341,0.0155060532965366,-0.00982134889034444,0.935814325101162,0.971563328827933,0.779590329295474,0.942980255627139
0.0183163124241395,-0.0245241166588784,-0.0428254510071628,0.0137671728955724,-0.00544071805941724,0.0237702557021413,0.984525394675725,1.12686053322892,0.830514299234658,0.967522967484428
0.00452577694655935,-0.00595316022411701,0.0532040322599613,0.0144194084319133,0.0347143660252207,0.0616222705772928,0.987887908111318,1.01587605964942,1.10019281345096,0.991448844285158
-0.00237402302085044,0.00324030448353482,-0.0194846348313001,-0.025710083905951,-0.0129396685995812,-0.0200339397773525,0.966074239284275,1.07357777194846,0.981505914294733,0.940537315023556
0.0064705945232668,-0.00748959684622916,0.0825339601973796,-0.00620632313686334,-0.0366323676950565,0.0100410606016416,0.965063700309808,0.896785924481981,0.760193499567485,0.934002115004548
0.00516059272478454,-0.00595473770827898,-0.012077312354301,-0.0102407980069479,0.0424110360268166,-0.0215588495676542,0.962326014562925,1.01366457701521,1.09950186297755,0.916368918480747
0.0206202000226811,-0.0246054384413205,-0.114970196424608,0.0384465694625604,-0.0114848230750546,-0.0907708595109267,0.977419018869346,1.00143996384728,0.908135754558023,0.965281131143506
-0.00029614499674671,0.00061946418122387,-0.0241472578557316,0.0181968105398173,-0.0292356124073305,0.0848623820222658,0.944354837767525,0.914222508670873,1.00000922669674,0.911771492990906
-0.00293692018293158,0.00846758751193614,0.0504372153346056,0.0127304768960756,0.00439261395040807,-0.0363077088219969,0.932412068541619,1.01831582591793,0.679836177699554,0.951151895155223
0.0188705521411623,-0.024069649419491,-0.087653745184897,-0.018041076396735,-0.00293084965497543,-0.0713102935107152,0.889494375966813,1.11055681880988,0.695966227783761,0.886888489606006
-0.00642609633358687,0.00585994961782837,0.0674834444634362,-0.0116102209145121,-0.0173196382292529,-0.112883802328273,0.912300265594842,0.968660695250739,0.929099211498936,0.903074965492623
0.00137628828187373,-0.00356025813614017,0.1266257196094,-0.0306159179615703,-0.0175317879812228,0.0513454993829336,0.987374832823868,1.03782224790329,1.06048625971156,0.958280571573347
-0.010698045995601,0.0101391126426299,0.0658266720184107,0.00019305783635109,-0.0175658924058797,0.056730375689199,0.950193077861175,0.952221180897745,1.29720057218231,0.994042105933498
-0.00784079067492119,0.0106674182120591,-0.0732308323726146,-0.0344047836494358,-0.0174107873290801,-0.00968710944090467,0.941018966244996,0.946918815114756,0.787804924051388,0.935695351841793
-0.00279368936226369,0.00147362458435087,-0.0369614191100356,-0.0176301635047902,0.00875643819901455,-0.0389981655768667,0.914062450859783,1.04301387862481,1.01804174066444,0.97988996410532
0.00871564966253186,-0.0131877281323983,0.00586970182818258,-0.0377068949889364,0.0161418340750742,-0.0218637717160351,0.954715822676027,1.04648847445685,0.855872425019591,0.950170339290348
0.00417244495020593,-0.00491519104708208,0.102006896386022,-0.0505412802887938,-0.0225022858995285,0.0400885528315287,0.951815146249045,0.981244086066949,0.843653800137744,0.906617864196587
0.00247162220112737,-0.00341574061377081,-0.0139596497170103,-0.01130653155547,0.047851648074739,0.0651696779630483,0.963802756840913,1.07182059371681,1.14419122570016,0.960218494239343
-0.00149750008789325,-0.00027658899056275,-0.0697959619183086,0.028328608849822,-0.00133899551983935,0.170242850562495,0.980014149077994,0.972608210706916,0.97969166164912,0.977240729953834
0.00977693764989458,-0.0140266732379213,0.00599757008918628,-0.0142825794614734,-0.0102261568255782,-0.0569271367396027,0.9269385551412,0.931754709259531,0.803869017666562,0.892902854266009
0.0044152712779645,-0.00367411526831467,-0.138785092263988,-0.0120836351483868,-0.00214323531891015,-0.0688587123700288,0.920376815329442,1.02437019473774,1.01760037566508,0.902836175203935
0.0196894268442478,-0.026001152747857,-0.031872219442372,-0.00040401864144079,-0.00405406203438478,0.0128537859531813,0.946911067456707,0.991995283077598,1.18532628630723,0.912124265429979
0.00386268628935952,-0.00394769266678109,0.0996439695090377,-0.0373139943809145,-0.012365363527731,0.0166382136960784,0.944046624769747,0.987717307293538,0.991869483084641,0.947497607429551
-0.00313074631435394,0.0088366482865791,-0.0231867783980467,-0.0117733117709451,0.0246306795282237,0.0238762255127869,0.961878652342682,0.944764789600416,1.19460590450834,0.993261678426042
-0.00617112741680044,0.0106980336200524,0.00340423960674358,-0.0222282404032684,0.0150905832948804,0.070191684607266,0.961680676484262,0.928061941633526,0.924390128833792,0.969093307139979
0.0023713037009867,0.00228990613533775,0.00142675822200589,-0.00077218353086945,0.0169083247727435,-0.017248093315736,0.965264032845832,0.986228046311169,0.962810245602046,0.953990731372716
-0.0242776370210381,0.0280801763985805,0.0346279645928986,-0.0221058039197371,-0.00552612966985416,-0.00661266583935574,0.989467143278697,0.960488915837574,1.15173310619167,0.962256417353087
-0.00429349560305017,0.00415264913897071,-0.0207852123834238,0.0194593000401597,0.0137910838694224,-0.0212831537064671,0.982817428127787,0.970102356935945,1.03232766086746,0.944539954081434
0.00799885463264316,-0.00888944406909452,0.0178219846119205,0.0358900296521219,0.0133732393507975,-0.0213195615094214,0.971348868838925,1.02144819835008,1.62235094455866,0.987679062309667
-0.00208284912636569,0.0010704034349507,-0.0526183030606693,0.0339180187063966,0.0275388802196262,0.0597857873504222,0.985004833517623,1.01556343400792,1.13771775477009,0.98958203785314
-0.0134220884843778,0.0175098535248443,-0.0506799901933893,0.0168047111468323,-0.00223834890094178,-0.0499079530349802,0.946412345181533,0.991986576063637,0.83943998763971,0.936973019258587
0.0044848612938023,-0.00646548858638954,0.00290357984450657,-0.0334670304929167,-0.00943813989434072,-0.0339292104809827,0.947109150100746,1.03065429439687,0.66723635664409,0.896841029321554
-0.0152920244482931,0.0201829669333113,0.0518189942288116,-0.0157298802104473,-0.0157506683242377,-0.0345833974448173,0.93530299089977,1.0820007393765,0.77864499011673,0.857340641709112
0.00842732332906946,-0.00913831827112016,-0.0934483190255559,0.0118623328451169,-0.036410432060539,-0.0586860652694382,0.905735742276636,0.93010026799411,1.08306514756071,0.931774941305956
-0.00646608868683744,0.00948654541435493,-0.0659421909119385,0.0289083809196173,0.00521424622032152,0.0564295624123611,0.968175489867956,0.941776823614602,1.14204906785063,0.989940415510926
4.08935553396993e-05,-0.00114572355566346,0.023636766702191,0.0198887852590727,0.00054913755178254,0.0814222133760033,0.967236831509657,0.955790206608746,1.31016711576669,0.918371435753749
0.0139454216804693,-0.0183499048629799,-0.0302557531227525,-0.00931129653367934,-0.0179293112787558,-0.0587648233090532,0.87126392697227,0.87355437568696,0.743177688273408,0.974342498618927
0.00295697080115008,-0.00531585031750076,0.0560753108391739,0.00876586741034915,0.00309798427357232,0.16106451524829,0.998149528261194,1.04917991736071,0.85335086319799,0.99763632542563
0.0210958271540196,-0.0279887568736246,0.0664132599473887,0.0249224743666003,-0.0122548703759066,-0.0336986965286275,0.974115431794782,1.09137637186499,1.08272774180705,0.987129063116695
-0.0181363769667073,0.0195378369986199,-0.0728641673599237,-0.0022384194004595,0.00476423490485004,-0.10778354126925,0.916976889470469,0.930161372852786,1.05202035793226,0.853348684201693
-0.00637778090575826,0.0104322606635606,-0.0915159309293771,0.00020506082405305,-0.0332866187971398,-0.130191635492591,0.912621929322418,1.00999906605716,0.888575474872651,0.934392618029152
-0.00536019090920665,0.00647717391322667,-0.0696465947004768,-0.0173881827698024,0.00739703210352719,-0.0177969813722095,0.940823942761444,1.00171003553629,0.757434488012071,0.930429681746972
0.00065662278480195,-0.00066993193844981,-0.0792422596475073,0.0264055916022888,0.027656554581819,0.0259555162071037,0.974233693864105,0.85279992257116,1.14878944383791,0.984034131624343
0.00545613175712768,-0.00895060602330323,0.0294695304941133,0.00327771957468887,-0.00886846938977682,0.0829418354899211,0.955684256342263,0.989624660945707,0.955344050189915,0.99453827469283
-0.0125317913405784,0.0148989852782618,-0.0397464784744651,-0.00037990769407511,0.00873508598004841,-0.0206239997755451,0.959017941107698,0.944365061088064,0.966987788132479,0.943765471328906
-0.0101092936345343,0.0125935433209014,0.0554576103994031,0.00403789885967679,-0.015575637082219,0.101732801160331,0.995712490760806,0.981372966818758,0.788543861875208,0.960780339339406
0.00282852378003273,-0.00651615267192283,-0.0109691614073382,0.00293704362831676,0.0286615185355927,0.0484079157861529,0.994382633944073,0.961200273776163,1.13536611564841,0.985031789527191
-0.00172207456750175,0.00218922352082073,-0.0850762085082137,0.0125794424991651,0.0181920141249186,-0.00162965618685217,0.944573581462992,0.985909992740896,0.909961560982633,0.983422832997573
-0.00095963043771136,0.00491361662992912,0.131922839887747,0.00326233366481898,-0.0227043234800952,-0.00251476076086414,0.931184852112879,1.05080890375174,0.936695118814239,0.891729975309918
0.010267465912362,-0.014722462586876,9.23185469937637e-05,0.00999880280537429,0.0225880868489669,0.0477183728596636,0.989295660812067,0.949805419884173,1.28111310179775,0.988289294305961
0.0216779866773914,-0.0253756199833703,0.00145341630017531,0.0239143963037781,-0.0107692268350341,-0.0649843406594497,0.845990553226407,0.94222931092701,0.97848902949507,0.928404924019672
-0.00978466580752776,0.016084303683242,-0.0165528692548453,0.00989525282191581,0.0264205363056639,-0.0777127523277983,0.903283220025867,0.961117048357321,1.42621867993702,0.968769218572846
-0.00501035274412374,0.00862856701219907,-0.0605593681532578,0.0210132922730385,0.00283405982821321,-0.0337912434108535,0.981944084104151,0.992689405512444,1.10045495469068,0.916050039556323
-0.00647582192288495,0.00967897539168257,-0.0158105929859356,-0.00561420831585749,-0.0165913984727574,-0.0587513776243196,0.970416241700181,1.06274514033203,0.759313388317849,0.980751551161411
-0.00843561464137189,0.0113355928130353,0.0110498725020197,-0.0183973130401443,0.0109562161817542,0.016261960644464,0.952057128574244,1.07381598311895,0.853884917164355,0.974022400389717
-0.00929820866386661,0.00862627428195946,-0.158880008341753,-0.0197393261305023,0.0188771808399191,-0.0671766137396325,0.922882387001058,1.10080364847716,0.866362039420081,0.918359331496762
-0.0152369092455418,0.0204066773340919,-0.00678354467700698,0.027122265612757,0.00715189592783207,0.0193155585865238,0.972890701421135,0.998966611068896,1.05286341963855,0.973729191834741
0.0219080571157893,-0.0311137031408794,-0.0302693250392386,0.0158287058707258,-0.0216734345782374,-0.049820300080519,0.981311002754268,0.942092624262766,0.97653710306236,0.737902053297436
0.00668032019873685,-0.0101249055829541,0.089121630842648,0.0285274831615043,-0.0286272091949786,0.00282050869142628,0.913724737544447,1.10914159843775,1.03982504190002,0.939984161203379
-0.00794980435387777,0.00940363156170513,-0.00755422660919702,-0.0368091028383507,0.0186563319105459,0.0642147831061826,0.915589740017486,1.07459852892,1.33698119951333,0.872471387305657
0.00500568365203659,-0.0048983734742501,-0.00297069992984428,0.012752769140194,-0.0136598748174654,0.0317255808199342,0.993680607556489,1.01250690273726,0.907798430513703,0.993795134705881
0.0102265852153244,-0.0169904002568832,0.0175667976628355,0.0101558674011774,-0.00322522032946956,0.00300672845856281,0.966324471695732,1.13467166348478,0.872569879012484,0.997116903952938
0.00402686857707103,-0.0081920993970414,-0.0460337592067012,-0.0100766152163986,0.00924791959080529,-0.0546187719833547,0.95194977177854,0.977375321130818,0.877733437006183,0.924702094543383
-0.00668521301313725,0.00919803625687063,0.0805365046990715,0.028867956979857,-0.0194978361177139,0.0665225070832773,0.984541354729022,1.08395822898311,0.83618771947062,0.926658364037877
0.00688697929648738,-0.00739733835071046,-0.0341664737812999,0.0141628266841356,0.0138773905374958,0.0595138586220266,0.999478368675643,0.91362340842107,0.853260591566963,0.920831851245692
0.0118873308209359,-0.0171657479779529,-0.060529621007644,0.0280539142225461,-0.0131009570505099,-0.0246842939799838,0.989347417955543,0.973223056868903,0.914440771638551,0.929632462943369
-0.0181253890846401,0.0234322995992155,-0.0223520106902604,-0.0134134138359547,0.00312229694214566,0.0486424543174815,0.977149976608294,0.939253487524115,0.722234312396292,0.975702508014493
-0.00192396430640702,0.00181074868137006,0.111715460566575,-0.00060365586913766,-0.0381948687847757,0.0947616138321757,0.960340423052474,1.06039756568199,1.03003883230822,0.925405886770129
-0.0071496364026957,0.00628685804953734,-0.0879557079880793,-0.00820327676586781,0.0198612038892398,0.0564519446816685,0.979832658328894,0.948889053061659,1.45073644208084,0.979530629920555
-0.00681446538550713,0.0101227901249929,-0.0764893096079461,-0.00050273648684047,-0.0266385899907631,0.050114919313743,0.993501619123473,0.956732631809089,0.73965030390115,0.958458729507697
0.00052011319513511,-0.00188049129653598,-0.0352343716046513,-0.0177604787620019,-0.0126126904991693,-0.0294120202225856,0.918497915592255,1.29288140992942,1.13216102860888,0.893373687527238
0.0140505807225324,-0.0176313891082667,-0.117266585195742,-0.0119163278787351,0.003750467928759,-0.166410722084226,0.809473183821132,0.920577091404575,1.01929747536515,0.948585793485612
0.00073508400248043,-0.00043784257027779,0.138718416650827,-0.0189533578969362,0.0142977904467543,0.0635013154851998,0.984070242476303,0.976407831529201,1.20998512665666,0.984145831277362
-0.0012342859325348,-0.00072332369905443,0.028419751956418,-0.0147298009981243,-0.0218376701377543,-0.0381752348135917,0.973476413010868,1.09028803911271,0.734431995438572,0.938080416961494
-0.00832936714524546,0.0088190783922817,0.0127804019356242,0.00948471967204615,-0.0183963611465859,0.00395330922365745,0.965190444534433,0.984210663196461,1.09605169142011,0.951403131905895
0.0103643107458331,-0.0124007063831154,-0.106398181129491,-0.0050609999148414,-0.00285521452193754,-0.0178650542569343,0.925719853186881,0.94505413092393,0.957187670971511,0.840199059588054
0.00906933144899188,-0.0115119772670845,0.0158341668352028,0.0461114063451968,0.0154896565957646,0.0667412398688342,0.974125733649525,0.921917283986661,1.17007517716604,0.895350320684005
0.00577093784596073,-0.00562083823219481,-0.0340600240407882,-0.0414032196977123,-0.00350574407686773,-0.0246157976011416,0.94402872523538,1.05590923212478,0.733253246305293,0.995373349594959
0.00788553235668144,-0.0111518737738437,0.0100695827769618,-0.00987973440291551,-0.0230628139742436,-0.064573886638794,0.943233987537362,0.973073308084034,0.531756759410659,0.885763714424104
-0.0124485180369223,0.0147052859126555,-0.0101077424359691,0.0169465634989982,0.028889355762757,0.00064701216730173,0.963560526876299,0.954330065984452,1.12292148584001,0.935382630981353
0.0167763278781398,-0.0211290929568253,-0.072607844650325,0.020495846333434,0.00084382840576557,0.00576724899946984,0.993092627861426,1.02174269551443,0.962517291685255,0.86639630827153
-0.00305629693707276,0.00288577492528661,-0.137501538099844,-0.00855737719164571,-0.0101701061311531,-0.06592525134475,0.907663217542443,0.988579367061747,1.21547410658559,0.882872432074198
-0.0015856943844338,0.00658195697083718,0.0521119313395018,-0.0252034701637706,-0.00314770746032541,0.00742250237634332,0.976665939981141,0.943642236595863,0.952452667670891,0.984469268912533
0.00434362860131725,-0.00918302267966285,-0.0619547977518807,0.00547121146905725,0.0288084807815444,-0.0346931087185001,0.98294650745539,0.981678606213955,1.04386528702318,0.951049563375883
-0.00271809635108383,0.00448366034094475,-0.0716101408716071,-0.00317184195862499,0.00854022211260209,0.011786848874274,0.892410819370941,0.984303254098614,1.15064971622717,0.960667408405513
0.0177268835275891,-0.0252950153255544,0.0953021049271693,0.0198864121631339,0.00291463463431776,0.0549798903213985,0.988652721683833,0.943530787697402,1.03157835812698,0.988569363648526
-0.0051252268659565,0.00793063838730535,0.00168584631326452,-0.00440813232778943,0.0249541679492383,-0.00096490202750935,0.958996813060947,1.05489435724924,1.00784000006395,0.9703802818964
-0.00082573678731101,0.00385402740743362,0.204648935666494,-0.00053226506326973,0.0160462376925989,0.0502025712580448,0.965929023144473,1.06016391783849,1.26493686486669,0.986316789565879
0.00244893261927152,-0.00501960981997265,0.0954922640948498,0.00181955656266153,0.00395135380095492,0.00488880918254113,0.977411469823222,0.945360172983704,1.03214566093628,0.968517647946622
0.00366580665222037,-0.00383695791150782,-0.0548606933194022,-0.0252508935765555,0.0171722955393053,-0.046960359786315,0.9208771591816,0.909451825759019,1.16373487958552,0.935402133560821
0.00237498508523943,-0.00452997931260882,-0.0268023235023823,-0.00898562506875679,0.00659573469396905,-0.0213191488448273,0.97727939792015,0.95848740369918,1.00657844804227,0.928881698554631
-0.00325889260915478,0.003692556397312,-0.010972628207433,-0.00785188459857246,0.00465997503366926,-0.0571290367810032,0.953995380035107,1.05310469372609,1.27641615608161,0.99684264186866
-0.012317521516392,0.0174724048279329,-0.0652221356839905,0.013266144941152,0.00779888414382212,0.0822195013062353,0.982083055409592,1.02573768419623,1.03417979865613,0.937891559569472
0.00480399516035429,-0.00624924779438284,0.133559723871216,-0.00035429258137802,-0.00650269130977869,0.0499583814508189,0.960970319929024,0.980771369741897,0.960907036295595,0.997011247777466
-0.00269788759651023,0.00512211354484337,-0.0790986242250219,0.013935272260141,0.00936070498588927,0.0120251666992678,0.988950131069114,0.916644016789514,0.743371070150938,0.977023974613593
-0.00163045768097527,0.00158129457149301,-0.0451019210309477,-0.0114871867326509,-0.0230772512467634,-0.0159517987810095,0.961511459047542,1.13795637536509,0.954525356386213,0.843737206050573
-0.00430155455327368,0.00575383688329851,-0.0528009085356005,-0.035291832702054,0.0049690966988066,0.0437547444320263,0.985976988650734,0.929167892683668,0.796956279853863,0.852019305163426
-0.00237638934904544,0.00239720175286242,0.0399856227574883,-0.0263572297574819,-0.0149041544944923,-0.03805003033907,0.945526635537966,1.01964508070515,1.00642045895475,0.977287110370604
-0.00560694144123173,0.00569926614064079,0.150368855874698,-0.00034092838923751,0.00559282279647493,0.12234715445355,0.995572397316872,0.961084519501634,1.2711719112428,0.951134316330734
0.00282734228951623,-0.00610182642029601,-0.0677639471426417,-0.0241726801483731,-0.0174189201270969,-0.0762092522692766,0.931337799037051,1.0864343151567,0.940757332111399,0.905726287371929
0.0010049791029508,-0.0020391389245838,-0.0991436104160857,-0.0120597982141977,-0.0337469202493155,-0.129391006047402,0.964461541515812,1.03092246365432,0.685710371581632,0.827925996340153
-0.00521693199852843,0.00625106013636851,-0.0863074843151774,0.025382084703327,-0.00099759763552129,0.0241651223028884,0.984879824951596,0.987077724863938,0.817471328972897,0.917478183654786
-0.00619091651462137,0.00745397591474541,-0.146398858951323,-0.0029740447649248,0.0309015922628897,-0.0932564993013519,0.914836674513351,1.06365672082903,0.885879072873722,0.949419379626345
0.00940411194837697,-0.0112881674305413,0.0431947688105591,-0.0058104194970256,0.00502236034474375,-0.058082732213781,0.897331110300342,1.01021435646667,1.06836105593655,0.983978003108995
0.0271171082835274,-0.0320360769150617,0.129595523601199,0.0302123326627823,0.0163163087704864,0.0177050951972969,0.975568120937218,0.981162859264942,1.15482390203352,0.998892059057523
-0.017270108752493,0.0178830656746047,-0.0171117406399969,0.0152892756656323,-0.0169388087607036,-0.0856241043866991,0.960051162782108,0.971304675111101,1.25041187043964,0.912494814603009
0.0202217556387298,-0.0264089863567044,0.0329646864728989,0.0227734353285757,0.021564178107122,-0.0208459748421431,0.961251874896516,0.991187676788861,1.36557689784656,0.999249243173652
-0.0160529868563789,0.0235901047143938,-0.104636055923212,-0.0137289143147573,0.00289688629399177,0.0681846780047213,0.864392526502036,0.978934678275261,0.432262397942854,0.801893812552937
-0.0200144984759577,0.0276412485985202,0.0529297763914798,0.0237521280005856,-0.0279696461747009,0.065491383130731,0.953889650328776,1.20525330683493,0.858570208566638,0.992638062306693
0.0141149873842602,-0.0154855714128132,-0.0791834717018971,-0.0414852430420959,0.0235124879459333,0.0289334512805215,0.918591164573715,1.06218982782888,1.06740513831598,0.934731379729587
0.00448200446777808,-0.00350420692737436,-0.00080457303277675,-0.00335906662234006,0.0141801816517317,0.0111015952409795,0.956052601069267,0.931075335972431,1.01887752833432,0.973949389218872
-0.0178509034815603,0.019798458251797,0.0694482541199622,-0.00427509475502336,0.0144153405198041,0.00796140066273442,0.995684473348643,0.960065922695687,1.10420502573893,0.963937810876133
-0.00639536533359139,0.00857697134606803,-0.0668164001211581,0.0296670797514611,0.0324844638757469,0.0268951973205402,0.930594473147371,1.03408949559536,1.00328575774982,0.941815885550146
-0.00476522785321413,0.00582715668344639,-0.013565064433377,-0.0123646492079263,-0.00766066791817037,-0.104844666429359,0.95625308672512,0.979430409261066,0.844929144767844,0.773335831536367
0.00507753725042839,-0.00451261643501062,-0.112701828057095,-0.00855936486113388,0.0111876326085105,0.0876595969898515,0.974307907908449,1.06968775286127,0.795721551174938,0.898581326023048
-0.0125135807034861,0.0125047370551781,0.0410239057259412,-0.0366111569486402,0.00783906321251179,0.00325326100148078,0.960009950479641,1.02505308885989,0.893035836955645,0.993791924305806
-0.0198307142161917,0.0241222545037299,0.0194486563307598,0.00755707996847027,0.00554401365394354,-0.0218359798487532,0.950293105233549,1.1091818745278,0.981663999631996,0.959568242360206
0.00870313179504695,-0.00834510440374391,0.0485538825188601,-0.0164984605176923,0.0236223065119729,0.124737646428426,0.995100261335987,1.01761243945051,0.92510067958595,0.986436865840539
0.0111855575971064,-0.0142429444228833,-0.046223051496421,0.0216500198753534,-0.00595972510170994,-0.0702447462615276,0.955583019276139,0.954522844812162,0.69560034739756,0.914319810333649
0.00047864459837464,-0.00189234285870401,0.0600719871180942,-0.0277346278547602,0.00894125256397198,0.0216266570888038,0.991246283117584,1.00986555110374,1.24956431900686,0.991567206728948
-0.00422125845329596,0.00195581688824189,-0.0688043553181028,-0.00613860665084781,-0.020396783730716,-0.025479719301118,0.914277591494877,0.92597028206485,0.92327303463372,0.978924191194397
0.00690693434660501,-0.00959675820328871,-0.107753092236991,-0.00473930233284169,-0.0015881033388658,-0.0750155520234655,0.937243006468046,0.996064054890505,0.652909688612971,0.97028737165827
0.00053368804034284,-0.00246352480058344,-0.0396776698866173,-0.0132360009354063,-0.0181669325638628,-0.0396266629068914,0.909686863592518,1.0980400686265,0.642032405353807,0.886889317115607
-0.0165189423465417,0.0206356837702309,0.0571655975751268,-0.0312272759656167,-0.00416436548222943,0.00594314236342289,0.958338839993437,1.07628141089607,0.92201932566149,0.981724330136833
0.00354895093612419,-0.00372510596526723,0.142210812929659,-0.00757131180526531,0.0290860041265642,0.116158659471434,0.991832968307136,0.98686810001372,1.11438376694416,0.997323185253657
-0.0226828571984202,0.0271333825078486,0.110464263711736,0.0162905210249788,0.00436632929505877,0.0319044834249186,0.978660727481639,1.04537116362272,1.17907226013749,0.999985827675068
0.00331570278772254,-0.00564525694774928,-0.0477979828293513,0.00532038617326568,0.011251019262052,-0.00223390100012175,0.978562519148909,0.942177530350302,0.880097459347244,0.99329444210741
-0.0130848216866395,0.0159972696684621,0.00820282408989886,0.0112990401603281,-0.0390241977287044,-0.0924484581109128,0.874069450532234,1.03301603976728,0.808547197387778,0.964333545041239
-0.0041857289355608,0.00327682814804366,-0.090145854960296,-0.0147828690072606,-0.00147912646044444,-0.0788722454333889,0.941121100596231,1.01596605643237,0.74403127808116,0.923379532374016
0.00520101358988591,-0.00436318725405023,-0.00326073679663336,0.00610297302647756,-0.00102072535777998,0.0173650467931179,0.901713690145408,1.07179639274445,1.00329370152691,0.965066585590699
0.00676940635868037,-0.00918192588277279,-0.0114887830213356,-0.00215089155452005,0.0308254785885923,0.02850803997202,0.999612672064397,1.00947181082328,1.2364879227201,0.854118165111741
0.00747249846778284,-0.00705799734595323,-0.0565978088377281,0.00714799754677497,-0.0010947691027428,0.1356124669768,0.907505923205716,0.965580653494685,0.863137920328214,0.951058278012125
0.0025283803465465,-0.00400787185562364,-0.00881159652629382,0.0120267702378628,-0.0014140509222695,-0.0284760293026315,0.982497766044425,0.974051124097851,0.883061672512996,0.98350721118303
0.010232828553205,-0.0094312599592019,-0.0980993961834497,0.0190463275691279,0.00128135264709783,-0.0474329883226837,0.947618716687042,0.976149696371148,1.05408069332117,0.993912560128103
-0.00662791216118797,0.00733707849988631,-0.0984101960698067,0.00087730213798838,-0.00197765468662258,-0.0166442465340197,0.889268485862823,1.21028680131117,0.739722912846779,0.907846818125787
0.0141401168144112,-0.017522831182739,-0.0150325593696131,0.0145470466410438,0.0338747886752644,0.00558952744110134,0.97415656150075,1.00785801169249,1.14423325154369,0.997651120863322
0.00811419919132828,-0.00666060811492714,0.0659393151620786,-0.0388706481481591,0.0468788077814434,-0.03998790865607,0.988671316747674,0.995681948005049,0.909414609676477,0.999552726244996
-0.0159851105125626,0.0214338870056027,-0.00311238753594872,0.070010246277067,0.013983845201673,0.09738292523446,0.959290390243967,0.929052647575623,1.18524783246377,0.945144344542586
-0.00816350976393437,0.00898598459506061,-0.0829251397380645,0.00925843051214489,-0.0374966907913661,0.0143787638517892,0.894978910033952,1.00105977468637,0.897952520751449,0.976012940510436
-0.0128936956028866,0.0139310913160087,-0.0229207931285013,0.0105654922340241,0.00450989742426281,-0.0764108738064641,0.977320974985964,0.971811866359326,0.971030828546574,0.982515265829738
-6.01980520578593e-05,6.62267769473146e-06,-0.00297798546078049,-0.010814068713575,-0.00437601937827511,-0.0798537834829665,0.936367806067782,0.936788790760858,1.08950846351683,0.945085420897074
-0.00607588853873865,0.00778899500424182,-0.045592132492499,-0.0202883216749792,-0.0316422263826043,-0.0994755249099846,0.92559357027076,1.06517156640055,0.799970886767715,0.849124186650997
0.00542592132623688,-0.00579983863314183,0.179750822981461,0.00783354745256333,0.0215958937408147,0.0884524285189285,0.9316525476678,0.944649354949458,1.03589406743109,0.984656103899403
-0.0164476904202606,0.0196615681161579,0.0460331347829318,-0.0167110318337148,-0.00447608131891217,-0.0181367240873962,0.93105544669449,1.03179349936654,0.733466429715332,0.869943826033967
0.00640866174586613,-0.00764240951227792,-0.071137426278371,0.0251094278997062,0.0150013825943415,0.0658619652147317,0.944092064536933,1.02480246932092,0.981172023560529,0.994558954588739
0.00356689544867618,-0.0044781124044583,-0.0698424517122652,-0.0170205879405708,0.0172382449797462,0.0634842609540564,0.880815168453177,0.958371175474112,0.817793804176038,0.91807551956657
-0.00441808185986681,0.00537253025299907,-0.129412909040899,-0.0227790886166839,0.0165257940362307,-0.0295847925177468,0.834641103901728,0.952784696479305,0.783205964533635,0.944526592975202
0.00522079234090106,-0.00589600560591346,0.0403182301587003,0.00555237624185109,-0.017784953437541,-0.0137722884894811,0.880813400304537,0.926427856233339,1.15666521647248,0.927696303195907
-0.00293032222778562,0.00127996656544522,0.0166552336251075,-0.0196980853628035,-0.00748003228151409,0.0357472855773881,0.914456309741329,0.996562376757757,0.92897175611414,0.915444498915158
0.00221618557622053,-0.00355659646819874,0.0766696101796431,0.0353277007251574,-0.00996243166411167,-0.0422917957705639,0.975938354857706,1.09421003797912,1.11805207044324,0.953023027083652
0.00203489790500643,-0.00453088645637248,-0.00389763843398266,0.0279094095008874,-0.0093469364147983,0.0747136741545655,0.995153471633177,0.980781717091392,1.64198172704878,0.94707938439176
-0.00149780023085077,-1.5375435785097e-05,-0.155183433641088,0.013814301552182,-0.0206763770081422,-0.0320622030797603,0.930140449072152,1.09239016598892,0.932446247319067,0.82429443941324
-2.64240906521321e-05,0.00055173583950316,-0.0193960395398845,0.0179854586929389,0.0122993320029569,0.00499304950768011,0.952271237572254,0.950539586539203,1.11072847804027,0.986414894634716
0.00671231940912191,-0.00866900666004136,0.0277174355051416,0.00190653685858832,-0.0221971813700914,-0.0721694038968728,0.981483894028455,1.02406687061467,0.864271906662536,0.960139859759194
-0.0122863997965094,0.0130423607693953,-0.0334753096494831,0.0060756607272653,-0.0121897638420589,-0.0554821829406198,0.916934432995857,0.963989899101086,0.698703813585487,0.960548476266767
0.0007351663352222,0.00108413255353283,-0.0761600399166181,-0.0177546406384247,-0.0247916080275775,-0.059945935507881,0.913581853432662,0.993970720036084,1.07044677631398,0.837639815799636
-0.00427092060100052,0.00436226977140563,-0.0332558693489405,-0.0342733735523515,-0.0171327489187797,-0.138081936824462,0.953751768384903,1.00018335964213,0.599450518334346,0.875212493283249
-0.00342576210378069,0.00509100767099439,0.181484991880676,-0.0115570143728705,0.00064308479835988,-0.0002373394391361,0.993496242406463,0.936488036171671,1.01424458740706,0.985373116262401
0.00360934414480174,-0.00641831731354186,-0.026807117796901,0.0459863035120627,0.00477298836043911,-0.0141219583822122,0.960423507352567,0.923388083548858,1.02872245576511,0.97181522039427
0.00512718438658423,-0.00845311554381175,-0.099678368923284,-0.0409436841515275,0.00953312612477985,-0.025096982890998,0.804223807765646,1.02013642500823,0.967916584242217,0.984314062036916
-0.00949707291710082,0.00984587025389931,0.0682315117301014,-0.0142649617690636,0.0120891690235533,-0.021352956256077,0.939518480913156,0.977025261821487,1.03958266888427,0.943857695325349
-0.0216917897485366,0.0260647014111489,0.0275575907613617,-0.00934807836665854,-0.0130732025421647,-0.0861636823003375,0.985030178082643,1.05462539589779,0.773636555746408,0.751978248190901
-0.0115817820565708,0.0157577963309984,0.0274628281918186,0.00113042294545129,0.00962663199140141,0.0455660129071407,0.98707279708215,0.959717830970166,1.11367452503598,0.97435028405605
0.0085100031811793,-0.0074162554956615,-0.0294253159761299,0.0234469947767476,-0.00447576076416434,0.0483973678323121,0.980431310298862,0.921352983999659,1.11569697926637,0.870247903602585
0.00421409045513545,-0.00238188795178399,-0.0759398312759909,-0.00229026991112738,0.00358250089827867,-0.132213383612518,0.801095494747201,0.951991183362088,0.941152308584336,0.850883063255908
-0.00159039798354208,0.00335877627827081,0.00743372884729115,0.0193218327631883,0.0150747222122349,0.0749894664011433,0.991170172890604,0.959070992299024,0.760841235229077,0.914768212507246
-0.0113003504700528,0.0163559751613722,-0.0632992098299882,-0.0161755751955881,0.00022525433537268,-0.0276157253385674,0.955011847656287,0.956578455011513,1.15076732852978,0.990978524016852
-0.0115153166303313,0.0116718672891777,-0.00856254028906306,0.0171605461073113,0.00306070653186906,-0.0013382288656656,0.943384527358043,1.02183257559581,1.19654369329965,0.98388892258471
0.0206382497244757,-0.0269385681877139,-0.0515266563977543,0.00565541572557615,-0.00498644309750272,0.0939050428394233,0.993775678829277,0.980124634076352,0.930050448506446,0.950190110209182
-0.00545479095310576,0.00789828458494835,0.198988401650098,0.0199937016231765,-0.00207903183040789,0.0132111043809296,0.954294567588071,0.948217505319232,1.12952658465594,0.973220935555094
0.00327017349894587,-0.00578189171142334,-6.93991898139124e-05,0.0279697147423585,0.0109543378845389,0.0118970150956257,0.965155427345049,0.980955195738517,1.31820728098764,0.991797423815369
-0.0136837518552912,0.017578538202639,-0.0855089862296065,-0.00965870084169458,0.0387740158934785,0.0538371172981015,0.982720814813556,0.984428156701681,0.931879090083173,0.952214215313817
0.0018299563582058,-0.00354099804427595,-0.0651292143647225,0.0181321721506849,0.0454724288347424,0.0223808907112746,0.976629264844992,1.16878246543524,0.863781529515901,0.863653576050505
-0.00928850057341962,0.0113613935049613,-0.0474238359462475,0.0302172153014316,-0.0418644877733784,0.0160494092105584,0.95609393922224,1.00098839442041,0.807457690852401,0.954103560064351
0.00083068858992764,0.00049227776392435,0.0702101371945432,-0.0268528429361288,-0.0173984129745041,0.11511274293435,0.989801392778071,0.913739052062804,0.975297164627293,0.940922986668813
-0.00211856899346901,0.00425209567037576,0.00052662949211468,0.0346814544014343,0.0224214360338749,0.0833684775654286,0.993215807955697,0.915489332382958,1.00562131150098,0.97068863508374
-0.00462988805005805,0.00298678237588917,0.0888815295733972,-0.0277971889146194,-0.00460521116205317,-0.0839904749132112,0.925861374454863,0.869010581990527,0.927845312693241,0.857106963665435
0.00800177763956842,-0.00996989015796556,0.0191549992205718,-0.00844466429158662,-0.00022851291484509,-0.156575219949708,0.936287240125472,1.1740889401154,1.06634239645225,0.944339038873176
-0.0091200661599972,0.0124534491261868,-0.0146569086764647,-0.00505190642286211,0.0192035120478007,0.00498863087638448,0.920815478821099,0.844314972424362,1.20441562360546,0.980314696525451
-0.00604636206227654,0.00702337266788079,-0.0898935292986394,-0.00710812119045644,-0.0281103310278007,-0.0939449759773318,0.843302308199236,1.01408720295061,0.85339468097753,0.909916339421154
-0.00944372102298592,0.0138764914986946,-0.0413260732514185,0.00287938536886287,-0.00720828364850521,0.0445634543779946,0.979602495803721,0.880367662276843,0.708707526567977,0.902874173570921
0.00660348957262848,-0.00972052616459126,0.220543373103187,0.0182874749360798,-0.0289465188413939,0.133665888261024,0.998517621132109,1.01024034253018,0.927150298996411,0.993810075821321
-0.0242702191208457,0.033397660642751,0.0335425552844604,-0.0235831746772813,0.00708443555269074,-0.0042387201513983,0.952291338727023,0.940768442872691,0.977623759077978,0.975009134626298
-0.0161266246397181,0.0206245483420258,0.03977100586655,0.00835778088821949,0.0287448543467706,0.0508520882092721,0.988211219325974,1.12748915490178,0.866174440956361,0.937862311661112
0.019726119174599,-0.026731112528887,0.0548387496199881,-0.0131969688068095,-0.0256040244392284,0.0614592470420985,0.942201488556695,0.98541282341962,0.800834602648216,0.821787532714382
-0.00649565373312032,0.00652928274981381,-0.0179578588369314,0.015358276977404,-0.0184686532939502,0.0280012154790764,0.932469741743252,0.98286209847927,1.06101803191004,0.931716742604653
0.0171331112558519,-0.0207292304747518,-0.0155383157661017,-0.00880741084231332,0.035574481881365,-0.00830960364895758,0.892844556736435,0.968781436919667,0.845898411547379,0.950667764099607
-0.00614129116563703,0.0064473447165464,-0.0904616219274338,0.0262293184083726,0.0371157453598901,0.116762066649959,0.992072369846862,0.953423061962237,1.12245730640649,0.995711657829254
-0.00433375792456856,0.00685880290984746,-0.0553645242605551,-0.00262483186493419,-0.00198310299652163,0.00520670885151492,0.967878512436887,1.00122931701593,1.16523749444492,0.977175091585364
-0.00842095623706559,0.00994595507544036,0.00833811040916616,0.00770117682470975,-0.00934946915650389,0.0248814818663276,0.958579944723509,1.08076542159816,0.835306284955929,0.921121255647382
-0.00425139745796345,0.00397737225179568,-0.0660303330004292,-0.0126551762016454,0.00204540467037582,0.0591501896870903,0.931734741486051,0.94960013209006,0.844451523795701,0.969465864606093
0.0121065842272023,-0.0165150250340556,0.068183442367702,0.0135195960234312,0.0486599519333662,-0.033009387587933,0.989137986894397,0.933964256147725,1.10655926523792,0.969820940883641
0.00527257885208465,-0.0064711198262686,-0.0140538463614959,-0.0639084272457501,0.0247388571116729,-0.0543511946089444,0.92424114789183,1.05548560999115,0.98296167938625,0.908766083919455
-0.00045254763214159,0.00059603068065965,0.0128255223074167,0.0199430340953823,-0.0137783429216098,0.0338467594047868,0.978673334657901,1.0385658443178,1.22831276275267,0.993242416352259
-0.00027040251322238,-0.00204690506620053,-0.00064041520055829,-0.0149686200548056,0.00138423085808132,-0.0276747971711907,0.965882544357778,1.0151100112417,1.18865905696138,0.92660596691493
0.0117721769580196,-0.0135676684028941,0.0330074260768469,-0.0117815797797581,-0.0104414359461465,-0.0394226001078109,0.939754399769479,1.11655696891922,0.66036909608619,0.98967319723406
-0.0160579641325041,0.0181054638681083,-0.0868802374646674,0.0240889474970043,0.00787654458191713,-0.0799245367196776,0.9928286565311,0.966366795781253,1.08714197078986,0.90069018649215
0.0140338892029126,-0.0166872112272954,-0.0138832525075416,0.00869757838862482,-0.0308209673089545,-0.0258444076712745,0.929746285621704,1.01355211627452,1.06945505263446,0.976187289208317
0.00562834283092218,-0.0119366847959582,0.0190277537727359,0.00791423955940985,-0.0145996170360413,-0.0260550260670759,0.978392673451659,1.00912169289692,1.22353144525216,0.930279481178523
0.0132312594005693,-0.0150364563098547,-0.0389971956809578,0.00016044294675534,0.0236267935731048,0.0277306816416202,0.996819014207677,1.02985205557352,1.18756096611255,0.967714064402453
0.00688798217246867,-0.00935811591410105,-0.145274918982792,-0.0157515872858148,-0.019140825272595,-0.126317108824082,0.846195059619609,1.11619518975011,0.876616759675424,0.860723088292087
-0.00155197877570295,0.00080754139067772,-0.0216256807988988,0.00366964339928449,0.013430025017584,0.0553198825485158,0.998708031165657,0.961733953592774,0.951995995342634,0.934842017167273
0.0104425410679122,-0.0134484867622996,-0.0724009696275785,-0.00908994736920689,0.0166992520192815,0.0578816614083816,0.960103908190542,1.05822789745979,0.82785252343626,0.915199437737061
-0.0230360802046208,0.0280910010550296,0.103522362176324,0.0150731517347593,-0.0150726720966359,0.0903021009788527,0.990294229736547,1.04198095578529,1.22028194064162,0.960796729083279
-0.014260626773067,0.0157168432068839,-0.0111313049728077,-0.0108115836316174,0.0171664278462737,0.0449592182119528,0.949116210622396,0.957187083032022,0.920200204061714,0.932214317120249
5.94063441138916e-05,-0.00432875737121412,0.00740948318443457,0.0187426900313917,0.0434806386220829,0.10195870715255,0.980063301490489,1.0121403797662,1.31430402508116,0.973340617820725
-0.00360143483321754,0.00714804224121293,-0.00608104701432244,-0.0157562593994887,-0.0110049929471681,-0.0479203039311485,0.930808460201525,1.08197436502256,0.974350490675609,0.927622769116513
-0.0167372538245203,0.0213519300235066,0.00293135257617611,0.0230449390528152,0.0191395638944815,0.0791335675275926,0.99725513891067,0.996257928190844,1.08243885013946,0.9693967322931
0.00528993956030365,-0.0047967136074868,-0.127918609511934,-0.0176629946095009,0.014769147971268,-0.0705692609324953,0.93811307582213,0.991788739113219,0.878896803926764,0.857194106261843
-0.0091345887865264,0.0133576236222205,0.07082433889943,-0.0121091635809715,-0.016094121629713,-0.00293369415947966,0.943625793415751,0.969682835619608,1.16559056421432,0.958966656393554
0.0133070793330306,-0.0163456345332136,0.0447771484564897,-0.0118212373247226,0.0159770221111054,0.0745525032334905,0.950184350640568,1.03061490754996,0.999111056985389,0.988620237317927
0.00557219632280566,-0.00407923201208273,-0.00495900360370188,0.0608448730510047,0.0136346287130313,0.147393517393121,0.970514238626005,0.98765951360995,1.08607019488021,0.989520590458049
0.00012546562638418,-0.00125832025569492,-0.107742182963454,-0.00374266721365973,-0.0114444877518844,-0.0692232854435287,0.94889645938343,1.01197617109751,0.684190127755743,0.848560595425351
0.0056952634036676,-0.00914877108210012,-0.0566695966710606,0.0280569875896013,-0.0130054418453561,0.0708748441433911,0.978194315346698,1.01405925854945,0.840298228424875,0.96937101875869
0.00982163517159044,-0.0131093997414239,-0.00138179022862273,0.0272030591907136,-0.0326534559534216,-0.0441488638300835,0.940352870835085,1.04328773909782,0.775391277648353,0.955296961734108
0.0166421152187942,-0.0178336410136455,-0.00505349992229553,0.00320987849745502,-0.0152745299148962,0.045103369899714,0.933276326630458,1.03508606605443,1.24263927468778,0.951186241132321
0.00353958831292377,-0.00412290059842372,0.0503465422821135,-0.00435990298582582,-0.0147090380833362,0.00288486102959399,0.967387896329624,1.04162283169954,1.11513096099023,0.978283054551642
0.00550633407711548,-0.00496882682179275,0.116811776963991,0.0176670518669255,0.0456873676273429,0.0956097552211096,0.998198303528245,1.04131598351026,1.19541118132617,0.974952117260818
-0.0126820229918176,0.0163529500161818,-0.00168319048802196,-0.0122872136329592,0.0163356642724209,0.0289591435508339,0.932534418576911,0.846539584430817,1.09045001175983,0.943600753713778
-0.0100611326305318,0.0112526216835512,0.133400284219296,-0.0100967124118724,0.0225771034576392,0.0310233862773245,0.969744529501337,1.02042818361868,1.10209219526789,0.939644713651466
0.00716303469143954,-0.0100874579468564,0.101983939417208,-0.022025127805328,0.00865720747854911,0.0691416240949745,0.914582912139669,1.04636365418438,0.925553159304479,0.926649956711747
-0.00695630922688667,0.00639675350107263,-0.0898938701718522,0.00308788773297367,-0.00486886396301754,-0.013650548677849,0.956868636899485,0.946475818085541,1.20984410537057,0.893148932205168
0.00287354182265939,-0.00213507998355266,-0.0268464246929479,0.0116652409077129,0.0182071373212774,0.00436073389820554,0.956676933527188,0.942077652359994,0.909245998946829,0.992343111878994
0.00179187417091032,-0.00248084521844954,-0.0488111829004347,-0.0314738060795647,0.00155606550942879,-0.0543542334535589,0.821938928182404,0.966692253267951,0.748788582048583,0.958920733941815
0.00075945098066832,-8.60508981988233e-05,0.0176767180776355,-0.0185810460430903,-0.00879534436523878,0.0204853887693332,0.817261394621592,1.00785463174756,1.0103102784014,0.980359957261674
-0.010273806499468,0.0129409896364351,-0.0383964170767617,-0.0175970056598569,-0.0138435116448991,0.0352104161268784,0.966456151657901,1.08961426517628,1.067148881659,0.825646148057219
0.00868992702366883,-0.00892098869481899,0.00274961882441227,0.0572510349968776,0.025697403297701,0.0746125358297097,0.988931644288608,1.01996089831221,1.18682506210416,0.995949609940368
0.00420103180440739,-0.00792881991674189,-0.117693887433959,0.00734325718185215,-0.00545917811256174,-0.0529609787655757,0.986452957544708,0.962943631046665,1.05645836321412,0.962311090082408
0.00470380791012264,-0.00222561604985148,0.0959803202883221,-0.0432079154975759,-0.0231973874307934,-0.0825226854659996,0.848940656887,0.923822484442159,0.889591069979186,0.928310630457043
-0.0144739418679689,0.017370321502631,-0.0360307163090683,-0.0241809198739249,-0.0117286891351118,-0.106959101833164,0.959160497861561,1.04854818286037,1.09891270495704,0.978606754065757
-0.00556750292567968,0.00865980618453527,0.0280569779730012,-0.0210600836283158,-0.0186901590840649,-0.11630559444165,0.863973291557461,0.975290659979116,0.747723038679411,0.870525004566193
-0.0135139748333772,0.0161683925934817,-0.0338100699862782,0.00845328250028348,0.0124522996903947,0.0240716349784229,0.959754957347111,1.16916360503847,1.09225106460854,0.976485921693978
0.0136598761932757,-0.0151720884821295,-0.020779641291607,-0.0141711247172695,-0.0132057213549976,0.0520769509495636,0.948744678565757,1.02133481677278,0.78241266071458,0.891161109649551
-0.00562171045142229,0.00542779362423484,0.0547197120033221,-0.0110934508357939,0.00737264599733953,0.0460966017423281,0.937072291410125,0.995576227082023,1.21787574001639,0.920813140025611
0.00071465064735343,-0.00356988075537259,0.100053951768715,0.03405680524141,-0.0305423008349163,0.0900439933536773,0.976848171368958,0.967252464307961,0.850281951827054,0.969866001593336
0.017044766917067,-0.0217443899228138,0.00960967941427532,-0.0386232244232692,0.00191300988627514,0.0331159098492847,0.989805705197065,1.04217564292274,0.668047150073938,0.93883071024494
-0.00401682182351427,0.00514559616271593,0.0208995545017781,0.017919057158171,-0.0199008052952139,-0.021355118367654,0.988094797797279,1.06237832923279,0.920031057943259,0.909822439179123
-0.0207884787392868,0.0270711499823865,0.150785212742196,-0.0205559210007433,0.0220887633428827,0.00820721224813296,0.926412142734769,1.08897234820918,0.777905661484382,0.95927005088716
-0.00919088316116113,0.00989474838162089,-0.019130210286001,0.0128678045601658,-0.00226091931372387,-0.101128508118112,0.96104810779482,0.97445918094854,0.90096261040127,0.887739702185091
-0.00286183278494759,-0.00083645256700632,0.127353600330126,-0.0116724747941855,-0.0233188290456727,-0.0210970613708903,0.928137352295029,0.937797443786062,0.977188644318215,0.98739922200739
0.00694914211756147,-0.0109418696727715,0.0868195538435352,-0.00018338869140639,0.027531545854647,0.0120292725689167,0.991783122769419,1.02654637150281,1.11302953989899,0.955212799410243
0.00497280432381354,-0.00698445319186538,-0.073723631679959,0.00867571345500547,0.022234539874343,0.0577813022040105,0.98544729567465,0.860085373621333,0.878108015867936,0.933090408053403
0.0042520216963845,-0.00667856297479508,-0.0976033076757354,-0.018678824548188,-0.0285198164988916,0.0209155741335433,0.918696430669531,1.05798403839247,1.21373575732181,0.890764850438793
-0.00918850424739219,0.0116484471869976,0.0206074607620608,-0.00998645154006081,-0.00725562936361021,0.0667966234791263,0.973829369955748,0.935278055466972,1.0872371480779,0.889155159236994
-0.00692047965108175,0.00751327312512121,0.179142999546864,-0.0206898081903666,-0.0266499711884442,0.155226021898807,0.994504588450938,0.991857864969924,0.950384066173705,0.855792903394906
-0.0103719804077757,0.0146538127264292,-0.100330643482972,0.011677490387329,-0.0168673857872606,-0.0953403518604605,0.928783144627009,0.918027109724661,0.900561371698645,0.925792200607658
0.00091645990086889,-0.00157489801748472,-0.0149318126399639,0.0222095741476312,0.00742577804847763,0.05206487930908,0.999116959930333,1.10292403561044,0.98612304380979,0.988776736998135
-0.00837031285202553,0.00891227254431093,0.116290922068305,0.0153780432461019,-0.0170395089632997,0.0748696263878217,0.997141529661583,1.07948602959584,1.02070603179238,0.96247241121333
0.00720293290851075,-0.00559302617003899,0.027291338176072,-0.0180021634402266,-0.0116506823216524,-0.0104270611020469,0.975162056172191,1.02732972729606,1.0705997939958,0.975745117416084
0.0113584024031645,-0.0137822280186602,-0.0179364877309365,0.00790209678078986,-0.0225429084564238,-0.026884627370762,0.824731155052422,0.892435532467657,0.735725873281064,0.945354370737919
0.00446101285601921,-0.00376846669249498,0.020811781075262,0.0399522097799669,-0.00428565441929335,0.0736216338895524,0.935194586908876,1.16781541368838,0.992716015131229,0.95373077167872
0.0029563365704466,-0.00182951706078205,-0.0394645431739566,0.0169510098966308,-0.00631339815254344,-0.0623319342878155,0.919189015343893,0.935653873373972,0.694367842557392,0.871538779438573
-0.0117517102007003,0.0132532181286301,-0.0094349102313111,0.014500033172717,-0.00943917769944808,-0.011333899616078,0.981929132413929,0.937127825007116,1.13267081783605,0.961579451509305
-0.00500220516691584,0.00850496395160765,-0.0946565216902264,-0.00377372390456401,0.0478814986280001,0.0514174135105893,0.910427689723326,0.952616189026115,1.06649342397971,0.905141070941403
0.00530009566843893,-0.0031344224433933,-0.0237370265929916,0.0215398128088251,-0.00780095328412292,-0.0441475720043817,0.987962577647903,0.932710592526605,1.02142568887663,0.9138254349384
0.0104925610573465,-0.0126796110661355,0.0742533634845839,0.0119143529318705,0.029511954085854,-0.00426424340366126,0.928252134995761,0.975387238039055,0.9386271684502,0.984658655137235
-0.00028108303279562,-0.00352009435546515,0.0991569016854165,0.02311585679021,-0.037370572275536,0.124324631111168,0.96110186503677,1.00290413740136,0.955309913316003,0.980465453804958
0.0136191487471435,-0.0164460564237053,0.00879955441366204,-0.020726834217768,-0.0296399032395861,-0.0255110319999052,0.968152679528567,1.02079846176943,0.767436618325614,0.933499126865938
0.00802524360198276,-0.0105561638388378,-0.0891233837338958,-0.0210618654231842,0.00526498148174116,-0.0387616583873388,0.986802020111577,1.1156291415718,0.835233833413377,0.917587769878842
-0.00642839177794926,0.0069856908319578,0.119259043064298,0.00040459661559959,-0.0223694237095663,-0.0674376088700304,0.832855059771537,0.914697620493408,1.05291333808217,0.921899229111035
0.00511700930063948,-0.00671319763584718,-0.1364958760965,-0.0313119756693838,-0.0165708727044805,-0.123980506511283,0.940675035515123,1.02090506430132,0.82905213180721,0.775647218996981
-0.00750989635663607,0.00686968585276568,-0.123168221785827,-0.0100708830426209,0.0487831973569969,0.00366047390304636,0.98373421449534,0.907923739257782,1.03170295213035,0.991956430920462
-0.00920161262588186,0.0132350617975011,-0.0650856482354352,0.0236237293924754,-0.0233436687795731,-0.0804410701427359,0.908982039485259,1.02424045125069,1.06644140996659,0.98511751536616
-0.00159847747183625,0.00025640370757797,-0.0639871562690299,-0.0375948444061039,0.0309309209271327,0.0113971391214507,0.999694717604288,1.16368075579728,0.961378603477784,0.926339513602699
0.00061150019371998,-0.00049532915447197,0.184071721546679,0.0250787910678669,0.0238176383063334,0.101899207402938,0.998669651309995,1.01024988336366,1.25053960868714,0.989285961774107
0.0024532350827462,-0.00546426612672071,-0.0760528158914547,-0.00198467040960088,0.0397621973293063,0.0226807212892255,0.942000274763983,1.00073021994867,1.05481893509322,0.928312670239771
0.00354731685919548,-0.00381188439315021,0.162689541899419,0.0107960876773095,-0.0403813855184674,0.0601657943726338,0.954674894562624,0.933469065650774,0.731804540759047,0.915318060864774
0.0021034125548655,-0.00326669631252319,0.0290069039113189,-0.0216783302834776,-0.02738705055466,-0.00831983124239611,0.937387807913556,1.0331370924016,0.969565958988754,0.95720812613953
0.00640852001885206,-0.0110696378490857,0.0344461661352178,0.00458151304310011,0.00260494891577387,-0.0547853500228844,0.922014548643981,0.972743301085202,0.855635232895355,0.956403594919245
0.0195402897598946,-0.0241866009874304,-0.0267758816702318,-0.0228010302563687,-0.00696982827401143,-0.0207729795878089,0.941602944144865,1.04705683057143,1.20923498274767,0.951678086934868
0.00779662865825358,-0.0108127094561644,0.0896156397688103,-0.0280362019315419,0.00076713797698384,-0.0469238784716307,0.915266471162678,1.16586215106959,0.917935305275596,0.964285033381275
-0.0194981228845894,0.0244841968788889,0.0556294764925418,-0.00558765198228875,-0.0188858561217673,-0.0273820617280592,0.948971960685887,0.932945040325368,0.757535854403909,0.948936546084745
0.0113457032832032,-0.0118771607539056,0.130822290009395,-0.0216488166148869,-0.00511837331973886,-0.0487061574152908,0.978802033693044,1.08176326710501,1.00364613587902,0.941154247759158
0.00758553337538901,-0.00915358943564992,-0.0570100437076975,0.0311200456253466,-0.00524660170807224,0.10394434717697,0.971348113518218,1.01832567675912,1.00349883938575,0.893951447361823
-0.00689835044465156,0.00685832937599776,-0.0104268211304094,0.00062119310141401,-6.99780325136468e-05,0.122413426377523,0.9913112568486,1.0134383564408,1.20756258055723,0.938504772564699
-0.00638637512997522,0.00734652619608908,0.0264535923925369,0.0183874889849702,-0.0192528334119073,0.0587970121658957,0.892937241874738,0.9383251952337,1.05359579492728,0.820158268234684
0.00908467457076809,-0.0102384737681307,-0.0229902356995549,0.00804312625197214,-0.00493337616629475,0.0726142875670832,0.97685907436555,0.956683212335049,0.931671586268888,0.971906872124598
-0.0119962755494969,0.015773232942316,-0.130872139744157,-0.012883582610027,0.0211102747562732,-0.0144051132913003,0.96497444799388,1.01715308309171,0.878590630250002,0.930659933720888
0.00102438201554641,-0.00289013941146218,-0.0567697909653909,-0.0467845463007479,0.0267567877381821,0.0280193376003279,0.966092181699739,0.991799523087632,1.04422275566352,0.925945328313969
0.00451670187601824,-0.00758183101175909,0.034080037175522,0.0134052474310734,-0.0113256484012519,0.0119613693979734,0.95672587610021,1.05990287367139,1.06942887022096,0.98324051839724
0.00326238009607275,-0.00435550629222293,-0.112580555557673,-0.00785027960906813,0.00901016997320945,0.013268740780549,0.897694595959061,1.01390599192178,0.879019657385672,0.968438533454312
-0.0372384365048508,0.0438569302873934,0.109528577430711,-0.0305411824309427,-0.00040050402599161,0.0353312115208957,0.992804558027081,0.977427871247671,1.01930622732181,0.992706445173367
0.0178708096244444,-0.0223272561262584,-0.0462583993527603,0.0270701774559242,-0.00187682746025723,0.126865465193115,0.987430498489996,1.02404927763604,1.13819072965281,0.956561402115784
-0.00397625358658837,0.00662452825062694,-0.0788017409977824,-0.0315705954102995,-0.030720174950121,-0.163364966914659,0.922485338523214,1.03850643688246,0.938443097310335,0.948772302367282
-0.00185522158083926,0.00133692111141537,-0.0299616591376391,0.00091479256390047,-0.00542533820997648,1.31781985553109e-06,0.972016278272124,1.01843819759443,0.817967319114345,0.956563731354981
0.00753161675454295,-0.00814595631117759,-0.0643712418322522,-0.0314708790308909,-0.00929961341682355,-0.0516898932592711,0.88327725966742,1.0595897305671,0.669448481289464,0.815288413049947
0.00493409125524431,-0.00380458162152541,0.00971223344339267,-0.0230832160040785,-0.0187234217835736,-0.027702228092648,0.87688561740688,1.17418691304484,0.988067036020319,0.897670438187799
0.0001127864973298,0.00407306399132986,-0.132089052369663,0.00589270912148816,-0.00732416582926417,-0.0287287178369996,0.951538337166015,1.0435485655734,0.88372549804487,0.847484640236555
0.0105965693321183,-0.0125206455395796,-0.0987116622852237,0.0085453585523744,0.00266316359196222,0.0503084543760527,0.975187050731374,1.01119603038096,1.03185838321365,0.982266867605244
0.00887817541387451,-0.010370289091526,-0.108393289435371,0.0106769534481028,-0.0289245625254513,0.0239670298798015,0.989163124836114,0.956643575325017,0.779958762700339,0.945390461415199
0.00831092963589025,-0.00944321336775249,-0.142816773197234,-0.0225917652784657,0.0203399337161463,0.0159380984119272,0.935647355881194,1.08489054923012,1.06843478117033,0.926119898435505
0.0203515539079877,-0.0246286959680803,-0.0093144167388467,0.0021338018954879,-0.00112460230016317,0.0387573657641236,0.944324373640527,1.01869404170941,1.08915811757965,0.937135226015207
-0.00316203376838142,0.00333488372539275,0.017867268640014,0.00339430631877385,0.0152714177940588,0.0468152602315468,0.987248196601777,0.972402055787881,1.31354563681778,0.990235507416715
-0.00378365143069167,0.00238750603205089,0.117289376473509,-0.0135692407311319,0.045249692581492,0.108602918138149,0.994774477838575,0.885725497458339,0.96044972240233,0.954531899329146
-0.00336739975537738,0.00322023599497486,0.0982111632793956,-0.00078137186544794,0.0129157105938339,0.0888860856156825,0.9863053648097,1.20856167735471,1.06472148547814,0.995741285756944
0.0129326536551556,-0.0165861148109466,-0.0793639571012059,0.00570269002292993,-0.0412804327722615,-0.027616375378682,0.961054535484167,1.00266707150307,0.734658010366505,0.912437739151228
0.0114679248950308,-0.0126860301755537,-0.0323467537168939,-0.0134327970003985,-0.0247720096195643,-0.0383568568460967,0.937637877572409,1.02040159564886,0.744950024508285,0.897999156756067
-0.00521205258313798,0.00609014016759114,-0.00905431826333486,-0.0148923473759761,0.0124658922883948,-0.0488868306080747,0.890367687103354,0.864859408087229,0.946381545189778,0.934441584358661
0.00691006883952303,-0.00837197265117003,0.0102822550560131,-0.0112242748828187,0.0024961039121678,-0.0475836689415415,0.912324260154992,0.998182800455883,1.23251635881483,0.975321772683699
-0.00393489761834902,0.00697417015059946,-0.0165384385013279,0.00292765897328176,0.0183454440287212,0.0318477501025284,0.991863513411805,1.00167030352543,1.42728800892795,0.984897127515006
-0.00465155944789635,0.00471824554326573,0.0452709320981563,-0.0170448034204113,-0.0117004355181735,-0.0487849221609531,0.906433750559435,0.942280008989127,1.12440986864788,0.93152873973707
-0.00437578785655782,0.00982693583123657,-0.0183805810014285,-0.0141347066432586,0.00299132571537722,0.0305059430846819,0.977047944165175,1.11535497040377,0.920778990614327,0.906855083751195
-0.00027224492186054,0.00029228890195191,-0.0153108993228757,-0.00355195681361246,0.00695740819291437,-0.0576525468067229,0.940485502613051,1.00681494683473,0.96226576535938,0.919034466588627
-0.0063664017447075,0.00892990613473542,0.070212726392544,-0.0348921519301247,0.00181501837701518,-0.0267242019199767,0.941252379818976,1.00219766142841,1.13439037415109,0.956941235821932
0.0138517832927329,-0.0191270494623757,-0.0626122531250577,-0.0203848617557625,0.0105400649729853,0.0710095677028681,0.925609027105913,1.07541073619861,0.825954096555658,0.879625003358752
0.00227489964721679,-0.00360567952734355,-0.0336286060807736,-0.0139470944372149,-0.00985670948317569,-0.0618633997897185,0.938001990923912,0.929383108663291,0.883760013337034,0.820075586586437
0.00589325853597293,-0.00992202864504045,-0.0687090270780884,-0.0408061215537299,0.0288212239112658,-0.079066616223947,0.898776522431717,0.978419121668239,0.927775719673159,0.881993004676892
-0.00487247554802818,0.00401749152815877,-0.0887534348978771,-0.00446429442759884,0.0108324982681771,0.0479334050725652,0.970340326603354,0.960420126415384,0.854699961457553,0.961511272909122
-0.0108827302496237,0.0164804087872528,-0.0836846369718034,0.00488637883098949,0.0201622991572057,-0.0447114141841992,0.908689638953273,1.11368114766407,1.05438719382673,0.909848645027867
-0.00901785529342069,0.011917615544349,0.018696414141885,-0.0228872127059654,0.00889093675777133,0.10511129542295,0.996242960810875,0.937942552949486,1.18735146520448,0.93344292538006
0.00374481314870082,-0.00790982783951901,0.124710185947848,-0.0109864593895202,0.0197313742868044,0.0810881342376259,0.967747301231325,0.94853566527427,1.10680277065992,0.980691039786501
0.0174501697875444,-0.0190799104454032,0.0151196913247821,-0.0317411702859003,0.00628910214101353,-0.0774118078449545,0.86891949402627,0.944486927175162,0.859968496642989,0.971602917365659
-0.00617593355385627,0.00835754251154705,0.0453383232109557,0.00106544483828004,-0.0167183247323989,-0.00425123395034078,0.873785908357183,1.02359882159503,0.855944608413152,0.998383799059989
0.00261302238229266,-0.00145136991471616,0.0104092392209712,0.00528954251350514,-0.00563494163282162,-0.0148395205996774,0.960145872031321,1.01526371900114,0.772013427049483,0.871093696218432
-0.0138082983577937,0.0136926043846061,0.144529941844533,-0.0142871625687444,0.0181752204758467,0.0239562349190696,0.947152030163769,1.03232985071103,1.21476676394938,0.973870846198883
0.0134134949707724,-0.0210483778197952,-0.0608229729482866,0.0128070921474842,-0.00508076757141439,0.0118984340656569,0.977335266335086,1.0187133600326,1.08468565469754,0.926443979163587
0.00252094356481846,-0.00243496420245176,0.0272913155477526,-0.00324951047660381,-0.0176088729807485,-0.0629269973090547,0.936725708419092,1.00461938562681,1.09762868451466,0.912153432528802
0.00918966431162072,-0.00812440192297706,-0.124752350994494,0.00524214154863039,0.0291769511637298,0.076922326832491,0.926469610643012,1.08550140658688,1.24665269198424,0.961903883531859
0.00523771556006153,-0.0068779698071093,-0.0541346782188412,-0.0112485396467804,0.0113973562349541,-0.036484414799245,0.978129794040403,0.953175325604066,0.966143347423225,0.955716044930854
0.00986500150409553,-0.012692434170124,0.0288238318952652,0.0068827510802361,0.0205943205911626,-0.0129791353289912,0.935783375910349,1.05975534043351,1.20097834385382,0.957791905857062
-0.00304690141820094,0.00122223216472099,-0.0271912316973869,-0.00638764658922566,-0.0209498108785758,0.0763104533615686,0.967453933485018,1.07805957198493,1.02623986994097,0.856371448852998
0.00323428002547353,-0.00319583694788617,-0.0327154944288431,-0.00165946615965781,-0.0306086533426207,-0.0100404435339838,0.850270268995023,0.98265889811762,1.10943927429584,0.8834631335335
-0.00356389484214437,0.00075800721434575,-0.0806488565111119,0.0022078125917348,0.0300201417015019,0.0628181198137115,0.966187762888775,0.916271310512128,0.896682760115238,0.920150392143424
0.00845558379546807,-0.00908496244374537,-0.0166948724874291,0.00799013994514926,-0.00073133299599336,0.00247797471185483,0.976802749915858,1.15003264951766,1.15630788601545,0.975283028691342
0.00520544080860144,-0.00590669241530846,-0.039231731790221,0.0233152256030071,-0.0184372681632982,0.0040701367723839,0.983586095121178,1.13061218966359,0.878306843493102,0.928884716192225
-0.00369792701875496,0.00340368517164741,0.0143982908933609,0.0101264103682558,-0.0113563631292716,0.0850561405586861,0.99740946099529,1.08841406280364,0.868254370830411,0.884703252322
0.0042453446258518,-0.00368989862218534,0.0613421637394697,-0.00727142665120793,0.0167344414553788,-0.0689172079200748,0.993011799556184,0.969324831325962,0.797770045794553,0.918226034588753
-0.00546627555477086,0.00653555466989475,-0.047197677189976,-0.00622661158755847,-0.0116262253328493,-0.029365530475002,0.95481873992914,0.968097497361626,0.815626037908889,0.847925327248953
-0.00436629388706488,0.00251973871090536,0.0668303087666223,0.0370961226141157,-0.00168959574210228,-0.0845622013873159,0.887374273147827,1.05449375954336,0.860337042449247,0.996831966238141
0.0120082645526891,-0.0168936039836069,0.0636539851609114,0.00624893252282403,-0.0034528692982299,-0.0363491609575635,0.950942974989401,0.985435677294899,0.84212991089453,0.942667745808441
-0.00584675504359791,0.00725876727754448,-0.0232230159861898,-0.0245008486061984,0.014657304394675,-0.022103603821327,0.88309264917362,1.01279650598105,0.949616857895553,0.925171190964061
-0.00620011833208623,0.00773525036197166,0.0159770854442984,0.0036747837190311,0.0398331782941046,0.0517445822736607,0.999179849504691,1.00115053370232,0.952555304184038,0.931225784117316
-0.00443186731073171,0.00543694171429379,0.0616468638154398,0.0114624470657651,-0.010274793923072,0.0149279901635642,0.994465925103846,0.913297443981067,0.960965049499648,0.93926255720833
-0.00316206349216341,0.00451216643395907,-0.0394471038730225,-0.00618730123903527,0.0212653548085752,-0.0339590932265445,0.98323698572367,0.977801952327361,0.881434662359631,0.967527989098404
-0.00862521894961351,0.00999234567503152,-0.0307243890756222,-0.00018657406669163,-0.0151059195579261,0.0398951174703239,0.963001612740529,0.965867235175918,1.11551242687686,0.889498444108591
0.00524496512123776,-0.00456644312945648,0.0356897846053959,0.0214849637413942,-0.0412469157201972,0.0385099639567841,0.937736987953289,1.12224120724432,1.11953284633046,0.859182605975135
0.00263513324613593,-0.00277924318173164,0.0547855411066524,0.0093397372034582,-0.00545334721578589,0.0668720150015931,0.924721316262989,0.905524359178256,0.796025982306542,0.917975030858905
-0.00131133483528945,-0.00160266267806869,0.0615438692383359,0.0339645698967153,-0.0105622723506988,0.0556954863673857,0.969979431932768,0.868363381407416,1.22252470310074,0.991531354180837
-0.00282992296099386,0.00598311914522464,-0.0955117686271407,0.00630443167492772,-0.0467930616148283,-0.0786806236626577,0.9149661794247,0.94136539934608,1.02016371842012,0.897339544314158
0.0156222527477233,-0.0230944935890694,-0.0238015303613132,0.0152168769925027,0.00483574168500841,0.0831519747180391,0.889486227773029,0.858519626483919,1.13546633926916,0.990622914145179
-0.00082435044823023,0.00238645182357267,0.0523210642577591,0.0323681221611098,0.00363668606804319,0.0621853585396121,0.971133927376909,1.07037466233378,0.954133780536661,0.992577513006999
0.0138094959930306,-0.017645038877623,0.216789595109847,-0.0377082097884594,0.00166744494920071,-0.0934753679942723,0.94423631237698,0.878020828422844,0.915462686747838,0.863305602987941
0.00022810164305507,-0.00329388531539793,-0.0787350792537002,-0.00587112588201733,0.0130265238067886,-0.0236766002036932,0.899632288873107,0.994140859910874,0.788589768684349,0.916158130581911
-0.00243038409830176,0.00206587599360794,0.16018917983124,0.0454820515994405,0.00335162966728428,0.112215639643224,0.999081549441136,0.945886212201618,1.20625985785789,0.996285512103162
-0.0120836966416046,0.0140585085838882,-0.00556421060732232,-0.0287956891473954,-0.00136602107238773,0.030649675082002,0.968834811761364,1.11838449910242,0.971511849927776,0.955480729847079
-0.00923176474923731,0.0136200082650399,0.00698495369189589,0.00354525990727105,0.0237085861919426,0.0703159464812586,0.993717147036993,1.09674944924004,1.0521926582003,0.99212001719471
0.00601398797370018,-0.0076285372322272,-0.00384180450847194,0.00796892542008045,-0.0192859354199553,0.0379677686864377,0.982034539846016,1.10488533848023,0.986932476959931,0.993136261741439
-0.0058613343737548,0.00916435426788059,-0.0112418791450828,-0.0305772488782194,0.0048415815001164,0.0226563831987118,0.768602615938228,0.922877924187529,0.786537471439378,0.99490647623865
-0.0140838930175042,0.0159331117621251,-0.0314117087102339,0.0135313382639353,0.016930074651442,0.0997244710013884,0.976801180740816,1.02801254331143,1.34658695376102,0.972450793016531
-0.0206834654039845,0.0262324549565257,0.142062427783355,-0.0045457990984647,0.0242879737878034,0.0436691056429975,0.99103545395191,1.04042425209153,1.09873401475222,0.937622814851937
0.0151462734825323,-0.0202767251049512,-0.0102996520146016,-0.0067944650946499,-0.0134182673689744,0.0551309869149278,0.936948785770809,1.0269364850111,0.84652078667439,0.863383026700083
0.0015607866805041,-0.00561928373579248,-0.0532344893780441,0.0157437862258415,-0.0292340721206,0.0297068700779596,0.952215513029644,0.883652150561204,0.937103260302284,0.909002520880254
0.00652455615441342,-0.00892941736054741,-0.0727146984183988,0.0186608948119066,-0.00151337391361351,-0.0855229547801867,0.849045863369527,0.964640166092347,0.960949735979525,0.89842151295265
-0.0144422723025915,0.0152371639942824,-0.0332746710131136,-0.014624645845086,0.0312202898865308,-0.0351621339051895,0.962378760731073,0.968283118075542,0.916103397669704,0.845317536086722
-0.00270578062720647,0.00448444427366242,0.0156491910711842,0.0198086769651247,-0.0097879150891983,-0.0783786262801628,0.952834377442391,1.02621356227469,0.845973158170417,0.991770008919694
0.00963853591498308,-0.0120338689254428,-0.0506966950249986,0.00602543870393569,-0.0151794459355815,0.00585834773255748,0.975878058226257,1.01039045300238,0.950726895647141,0.94130228881328
0.0226181318419304,-0.0306859026033979,0.120191684184496,-0.00636887950288381,-0.014188523491368,-0.0778551761238422,0.922672820670207,1.12253683233455,1.12383727600316,0.930591729526474
-0.00374310122807786,0.00572526577081615,-0.0851230289460921,0.0146829827383173,0.0270181880283531,0.0491522211794193,0.984218545479888,1.05497570709535,1.33838794681398,0.943175068467351
0.00143085361357252,-0.00035771102495841,-0.116003417612956,0.00548767005985052,0.0154631114083198,-0.0869100142657854,0.91479096425617,1.04265692264111,1.06109258692227,0.928537117120526
0.00924637971638082,-0.0117372279027639,-0.0337604692259811,-0.005745167366641,0.00971400950489398,-0.0741237493113676,0.957381701766065,1.15347346247216,0.829342554677826,0.953010974534898
-0.00038533821083885,-0.00117919280749477,-0.0966654126444883,-0.0236681601385238,-0.0202762248801573,0.0232910383499473,0.995866711843443,1.00926584491284,1.10107286722853,0.884138637902121
-0.00490866650335143,0.0115369734939105,-0.093645328846522,-0.01917331953819,0.00821271605801909,-0.0490402815284418,0.974841554880731,1.00359314781712,1.2402174709999,0.854825769924978
-0.0138088773758015,0.0161079618705434,-0.0684404460451332,0.0328378984560177,-0.0274425322115565,0.0188881397475316,0.955785727541568,1.03935554567362,1.1302511046446,0.913591750147841
0.00116371423191164,-0.00429557362961953,-0.0263999135647241,0.00733519215923474,0.00669686950690092,0.0218755343701894,0.994916805562728,0.943229644391624,0.81015105539748,0.977448833289957
-0.00964083497839776,0.01265455950826,0.0561682848663747,-0.00700868590203876,-0.0118025818697495,0.00291353386424696,0.959125582996366,1.06320848017269,1.09392301750529,0.985239262194205
-0.010333591053738,0.0116546416228457,0.0588649360377515,-0.0235748785194914,0.046515092643044,0.0362834964856903,0.98762826166644,0.968469279672407,0.878191001154097,0.945021343122297
0.0274408328320705,-0.0345296606785424,0.00243110746700365,0.00300929767166561,0.0140974653913603,-0.044664304911851,0.985421388353923,0.864465330676332,1.37088071015066,0.950862723933358
-0.0085358917388391,0.0113392549441854,-0.0126052157833599,0.00300969324431647,0.0163661370552961,0.0392514347818581,0.908574995998419,1.07042474892427,0.878671468232849,0.945461315549697
-0.0004480963262447,-0.00044839900957242,-0.058264571312048,0.00634307999896538,0.00234402115966396,-0.0268113474690586,0.946265480851007,0.965005423834789,0.898739228726687,0.954792788565077
0.00492958653983423,-0.00444688396863727,-0.0103172808165087,-0.00799364444675541,-0.0152647030288085,0.0766439376604879,0.96026882660831,1.05054722996302,1.21058684764048,0.974943573637556
-0.00574495589383926,0.0078152466297091,-0.0180551788955435,-0.00305749066342277,0.0201368144504958,0.0178917949581524,0.864790479410711,0.971217691433248,1.22277984753174,0.9989157074199
-0.0242490585228773,0.032477366480551,-0.0423673412839042,-0.0294978695461829,-0.00705339398393988,-0.0783009099010412,0.953854297924241,0.944405527448469,1.11679856104031,0.907746119184493
0.011000254146929,-0.0137172792056045,-0.0189681657286971,-0.018923681082719,-0.00437643399924906,-0.0065618061434873,0.912868110626541,0.94216970710987,0.78032659517223,0.937569508509099
0.0070648591081021,-0.00959508663733403,-0.115689963272456,-0.00713020823941658,0.0233890185948102,-0.0241364318372596,0.942225256917035,0.985756429596696,0.658037914075586,0.93500153231771
-0.0175863521949199,0.0176295803138362,-0.0921406044265285,-0.0258294761166615,-0.0116005524605684,-0.0185712411788957,0.860542632518649,1.02996041624028,0.792850411151678,0.918708282162912
-0.00135250096701987,-8.1558255719991e-05,0.00988378687982516,0.00296493275009765,0.0272432607475541,0.0317570438171556,0.917209093983032,0.949127076126109,0.882040409831628,0.937747040396489
-0.00799978818274093,0.00875707297568319,0.0267256327557743,0.0252747451535878,0.00267742245071109,-0.0917102772895641,0.973168983394896,1.06562692778788,0.919406358710714,0.942403903037195
-0.0135881977794414,0.0164837544665923,0.0750494449126672,0.00811998713396505,-0.0198566038255205,0.0735799595317841,0.969170975735578,0.951638051284121,1.13210178174578,0.936869353045423
-0.00519580526759681,0.00814425088207153,0.0347486223546303,0.0273627784708521,-0.0107273081427347,-0.0309926106531696,0.942641737939641,1.00125397689725,0.875048462205716,0.966344536453152
0.0139831593701722,-0.0186750138541505,-0.137254734988787,0.0233420223381091,0.00418508649252369,-0.0124525967413054,0.965386054398002,0.936288956101019,1.15106250256697,0.973754309326038
0.0009476013028073,0.00138558117708736,0.0719638256692077,-0.0279147585194201,0.0203336296255897,0.0221482811889905,0.972434649061361,0.966968232872546,1.00811688164266,0.967184469332737
-0.0095705438476884,0.00930557052963802,0.0181542632146744,0.00191168399371268,-0.004964225444194,-0.0546315878412297,0.953220974721659,1.15769209739209,1.24550774738468,0.956560097100096
0.0182021255343766,-0.0244644884884019,-0.0315231373209949,-5.65734520121962e-05,0.00803930393636253,-0.0803700570987482,0.968605165463852,1.01399058311938,1.03447881504645,0.924988719385452
0.00438457933305371,-0.00656027026652786,0.0960913866790525,-0.00449489279087683,-0.011568232503535,-0.0348568103161285,0.931738599966808,1.05529683078862,1.41100898717961,0.962715491978312
0.0053713656979676,-0.00567347194528444,0.0606784757167608,0.00037662244055733,0.0152540426719885,-0.0320697836190842,0.967957516202701,1.0780869848682,1.13368798736605,0.93102623250835
-0.0155107884685008,0.0209990986580837,0.0526864587949007,-0.0115930565353859,-0.00098301498453616,-0.0912706913562142,0.927966110130989,1.05576025055559,0.702614312356722,0.983137090719121
0.0037110519929051,-0.00439819724382608,-0.0888977850751876,0.015892830886432,-0.0237968399145928,0.0723780152122633,0.975076466440533,0.977118105632124,1.07134053918024,0.947050962735136
-0.00488419789400122,0.00605567265043038,-0.0279788016970257,-0.00635210670646435,0.0081775149199015,0.0379549259411395,0.954377431022039,1.04725325835566,0.8718794871674,0.906000601206087
-0.00265948471639716,-0.00214837781617102,0.0691704440929012,0.0126170991496114,0.0063659895737586,0.0571178676000542,0.970531682057818,1.01406463868473,1.20511146439551,0.995271971436995
0.00752364258572633,-0.0117641095543148,-0.104563904233154,0.0609631662865926,0.00993396710990306,0.0729361833710804,0.998476714068029,1.12006354745855,1.42976039523392,0.992144724848503
-0.0051518958715134,0.00567282871870845,0.064540640649333,0.00711557258709304,-0.00565814146999451,0.00972592491343237,0.948477991961543,0.908049355988054,0.946789674387469,0.961723026683799
-0.0016990500165811,0.00438123409616642,-0.0554289920957567,0.00316102592113787,-0.0132172951744165,-0.0150370459016947,0.966151787124761,1.05029641537056,1.05393704416683,0.939775626883778
-0.00530735077248225,0.00466771235918048,-0.0580690525119964,0.04101875749644,0.00846873683954205,0.0902867001805941,0.987026947489363,1.00179908980743,1.02579334452812,0.94952694339621
-0.00031603289645126,-0.00227316877307496,-0.0657216753628863,0.0194331272118994,0.00258486674049595,-0.0293041454724276,0.986564635126697,1.03112441183551,0.936125067545826,0.946869036892677
0.00357027187604344,-0.00613323313616188,0.0113035090181173,0.0205701014376183,0.015368792054027,0.0507587138695173,0.998951224841378,0.950519326500622,1.15601660375299,0.981963779904694
0.0111620599549416,-0.0134007483833934,-0.1421964934493,0.0143097912155928,0.011966129648742,-0.0331454001046488,0.936730217514123,1.01205787297051,0.647660537262488,0.876520182844047
0.00358739427027176,-0.00335008950444703,-0.0217771819625108,0.00570699352235801,0.00574183269037728,0.0158334719945308,0.953151792230269,0.996946179083074,0.729527285530218,0.931350133535721
0.00389526850195709,-0.00419669791801471,0.0626121356610423,-0.0190502579417656,-0.0227109550228466,-0.0752429259708147,0.866896999789182,1.10774534431781,0.871073984052968,0.942311850083377
0.0159815205213911,-0.0232193537464302,-0.115001138255599,-0.021179762795058,-0.0136630322487939,-0.102322111890797,0.984372112101941,1.01019359695883,1.07925535043455,0.856815702560388
7.74792658692521e-05,-0.00449837496656772,-0.00759564670920737,-0.0297282436621837,0.0178260617699467,-0.0158818787660353,0.910974794923341,1.01237617670826,0.747538172604076,0.874446071154956
0.0137072358336818,-0.0159417266404214,-0.0126528270494249,-0.00951123595605245,0.00141273729953391,0.0643522726768746,0.993491416922521,0.980212378849596,0.766921267136052,0.849909680925543
-0.01781735644722,0.0219696659895897,0.162378272817873,-0.0474243018434002,-0.0267866822664829,-0.0219322182491785,0.972130573950121,1.15558737206938,0.787295780021143,0.984473477464359
0.00536588772385751,-0.00206043010126379,0.228272184963416,0.0339587512064972,0.0127583841088313,0.161121506958768,0.998765243151119,1.04935143215937,1.36206862513432,0.999485639399934
-0.00730332276833663,0.00692803889503201,0.0769418630126041,0.0216961115644901,-0.0140469184583643,0.0360649751159191,0.987510349337307,0.991178099767042,1.10999041491607,0.981622284749519
0.00082880642652386,5.26477541652197e-05,0.130461419400769,-0.0172962030952206,0.0125452460717383,0.0367790289429771,0.995790523059924,1.01271084258582,1.31872592332575,0.997475018872766
-0.0200929485770475,0.0216256997435155,-0.00665184287512316,-0.0046293609337756,0.0294696914051818,-0.0110799252801789,0.856459165145318,0.953750183717126,0.788576923190895,0.940520320199811
-0.00923050260707766,0.0119283002745489,0.0429411209407523,-0.00181803619970466,-0.01492505933653,0.0774815945670075,0.993077586817897,0.904258188603741,0.80374064806396,0.960182077070498
-0.00239448891233682,0.00394631377736616,0.0468046211023169,0.029302778814935,0.0243133523007567,0.169435105719455,0.998625519982226,1.14555819772179,1.18666617764441,0.999898352265043
0.00639128665246153,-0.00473703817939697,0.0162904310000709,-0.00259203394783219,0.00662024929001734,0.03594003494789,0.97946878942426,0.933302412416803,0.972942289638607,0.953386613362096
-0.00356763599823063,0.00813982319654412,-0.00293191979580004,-0.00755635328597295,0.00250384498576301,-0.0183915862141002,0.940728270297247,1.16088499371328,1.20447511192213,0.981947971896617
0.00659847720402883,-0.00927960798726968,-0.0238716654354821,-0.0116829352296786,0.0107790513705598,-0.0854126361665968,0.895934448456484,0.928237315989688,0.898166259132131,0.878642008908557
0.00586965228400739,-0.00975381947378074,0.00578064108528459,0.0161829421842724,0.0155471431719846,0.058433347098829,0.994688452967914,0.986065146658383,0.925145811848623,0.953328448008146
-0.00627992282049587,0.00699806739753378,0.0505885160144749,0.00517686483264433,-0.015219868380099,0.0118466780321541,0.979072340714404,1.06573325381467,0.830334159605434,0.998570716164586
0.00063015566136193,-0.00230809498184564,-0.0899993261748823,-0.009539532672913,0.0103859030190785,-0.0577296658111738,0.878398345285621,0.949251466956677,0.64353402208156,0.913563143438004
0.0218468135927036,-0.0252574899875439,0.0716485284679664,0.0349895170071986,-0.0121814659230639,0.0805121930644929,0.995491187235879,0.979190857441927,1.18495262665819,0.903948243232633
-0.0072061813574342,0.00814780620289037,0.0222573635207203,-0.00484319317769114,-0.0438541148287996,-0.0580285338122366,0.908011760650392,1.02345241048808,0.957866325667227,0.847975964780727
0.00565756561640834,-0.00934917238962716,-0.0107539566324684,-0.00501261849397956,0.0240781006263919,-0.087576334120579,0.980161059085214,0.908071660720649,1.03383460436265,0.965884543372235
-0.00072726372913872,0.00317075507716258,-0.0529571390182827,-0.0126932792449998,0.00754695761169903,0.0492819946498119,0.931391564007087,1.04648168927262,0.740716210259646,0.981412139685088
0.0205757955540304,-0.0237813182812005,-0.0442152147546594,0.0257857151777056,0.029960736724422,0.0956278374988608,0.99712278534487,1.07232138329547,1.27027069816386,0.970276122794443
-0.0148516177070889,0.0227485173572708,0.0611541437737715,0.00468162637359799,0.0258679042168703,0.0792621217500849,0.985275040696077,1.04884415599352,1.28781146664215,0.997499886398782
-0.00557213177057192,0.00809101048110216,-0.0363550780448245,0.00689869756426025,-0.0166326830332722,0.00360486849145537,0.982793280975127,1.04034124453808,1.06490510935575,0.934665296041664
0.00036756522528466,-0.00123686332496021,0.0231682035595452,-0.0234084572057207,0.00131772966942274,0.0217399296262439,0.964228134991729,1.07008167219076,1.39014700296957,0.866424903812871
-0.0136190201645967,0.0177005502053744,-0.0772933636313894,-0.00569646395105533,0.00589978438123627,-0.00117994687816931,0.91390815898845,1.0208000514999,0.881061352523346,0.995625643891336
-0.0141543996708273,0.0119738137797299,0.0115624216783484,0.00390890843754622,0.00173867339814501,-0.0395668945535216,0.981325285333151,1.12666394469323,1.01852641023618,0.967604619417429
0.00837275020938821,-0.0108893342450258,0.0658792325249877,-9.15062301206259e-05,0.0174604344142149,-0.0182630956073933,0.942707093622842,1.01289777906219,0.899023251925696,0.974262169953567
-0.001671951947202,0.00276031998558525,-0.0262422637726487,0.0122459385894847,0.0192963556140164,0.0527346823885284,0.955490748549426,1.01904422941161,1.05561548327238,0.965709790346177
0.0141567016468881,-0.0166296811523435,-0.0366641282337917,0.0130553493116277,-0.0215046108637479,0.0795065423933971,0.98003587734925,0.99185004142619,0.681854061682822,0.969421121541925
-0.0113762082965752,0.0144134313605287,0.0968890023462136,-0.0369440804531069,0.015078368710134,-0.0406834319960358,0.956259943873821,0.958763851084858,0.984566056508203,0.86559750359192
0.0109355581372321,-0.0141426284093293,0.0708445467085659,0.00101919204731251,-0.0128648379549876,0.0501909763284225,0.954550695013657,0.963927575441936,1.30536156379104,0.974859859173968
0.00840944313776531,-0.0137849691179579,-0.0726799114394328,0.00126709323320295,0.0168833311366436,-0.00072062818719317,0.961847767301802,0.990118893288407,0.97272250570405,0.892413679511246
0.0029114820881085,-0.00153136092248676,0.133215971800919,0.00234878651520835,-0.0112901800119616,-0.0478997853590812,0.960269734600667,0.925813753594394,1.15785931760585,0.895428246786573
-0.0200736811111015,0.024389771266451,-0.0669860761101632,0.00013992216336342,0.00748380855731929,-0.0442507186452832,0.988617780191995,1.10007708885185,0.766963577603437,0.906070437147884
-0.00018939788954445,0.00013987656682675,-0.0281802243330943,0.0422230984702234,-0.0142382363525301,-0.0370142565993594,0.926254741636052,0.888337467808805,1.04173816002532,0.948138590120012
-0.00952411373009011,0.0114930490810712,0.0861453203607317,-0.0229060263490936,0.0333761433475233,0.114487867516769,0.998962793800426,1.00526090164198,1.03010226172654,0.964504146336175
-0.00313808550103515,0.00094032736030842,-0.0249649173199564,-0.00188653592948402,-0.00357324601368252,-0.0542009138431209,0.949599940846281,0.927531970700896,0.547413790216138,0.967867296705901
0.0301775520636421,-0.0341527081182115,-0.0478953274554053,-0.0168975122457326,-0.00711189064914223,0.0230601396577322,0.945105216360722,1.02831268199785,1.05385222389293,0.902005440358608
-0.00440638893672728,0.0055933904483177,0.0433128282461682,0.00654443627212191,-0.0240988432589017,0.0822195705787291,0.995817894127924,0.987094436841496,1.41202875863016,0.961174606216096
-0.00666002489023934,0.00869586171756698,0.188803184064239,0.0184179235280858,-0.0186985211435202,-0.0284931934357227,0.976598022511547,1.06559714882565,0.971994775760008,0.998264958173548
0.0209361544203772,-0.0271486164547845,-0.0306887670140579,0.0327869098717948,-0.0469189408169974,-0.00849868386416179,0.869872077691029,0.971582846074866,0.799713911394505,0.984904147334387
0.00163571568216895,-0.00432959654243662,-0.096428528420328,-0.0129862563605415,-0.00507075814604234,-0.0884439583060866,0.919448835529193,1.01224794044882,0.832489673540723,0.904678078155371
0.00639694742045648,-0.0066748335626787,-0.151256537481306,0.0201043929305671,0.00341453246545453,-0.0119086596816733,0.969293374194463,0.998700195898521,1.0010144834817,0.932490289614405
0.00699884775445389,-0.00433287533424297,0.0029855399871288,-0.0117434576850753,0.00305572179989994,0.0534691765045089,0.955418416768513,0.952448260494715,0.979833183147848,0.970198203100381
0.011202215421541,-0.0127659489480892,0.0223231897181483,-0.0174850812799951,0.00326183100146803,-0.00749614493930291,0.957289125979821,1.00920984702783,0.837104006827021,0.981594041399299
0.0055985775619251,-0.00117108198874341,-0.0433226631891672,-0.0264945044732188,0.00585227236975558,0.0157430941919354,0.91404536854659,1.06350924859214,0.93907745402256,0.973111873543545
0.00079927170741389,-0.0021969245958345,-0.0430692403823333,0.00174323072885971,0.0046830959990537,0.0299912226363991,0.875814823143922,1.07587510227528,1.31371278243659,0.949373143182999
0.00770853364434041,-0.00872625764440887,0.0376754046630141,0.025108684975683,0.011749647576359,0.0614395440903267,0.962227460631941,0.881308203609846,1.38461625685631,0.993000180088354
-0.0122106344576361,0.015066703918017,-0.116276389587742,-0.0347694890775321,0.0132885119477426,-0.0763628773763471,0.963335433369216,1.06616785802897,0.642263360731853,0.908298982506873
-0.00083328973879969,0.00215170871042026,-0.102492785923525,0.0352588855285402,0.00882847627729767,0.0161079735004615,0.970656209617058,0.932724777505357,1.10338854610915,0.962045453236654
0.00963841096733429,-0.00882567033518344,-0.0268116769259177,-0.0329673737229122,-0.0246481864171177,0.0497391295584305,0.926831939471897,1.07792921431968,1.44906284136047,0.92021278580689
-0.0199972856729695,0.0257110261943029,0.0114776709251341,0.0019760317205204,-0.0179097107996096,-0.0454452662268502,0.984643686162148,1.11133918422034,0.912594536052504,0.957257835628263
-0.00357327290229218,0.00481751809190775,-0.0302114060635241,0.0174525860279341,0.0352827535086355,0.0873875694615433,0.971802696195381,0.866578142687547,1.07118104860037,0.959961059644666
0.0100776583539425,-0.0130992037043753,0.0197766387220171,-0.0362934290129488,0.0105532524550019,-0.0271545238285448,0.943044047707478,0.985334321352393,0.738852668061083,0.91633149656074
-0.0252142399495569,0.0340888766261683,-0.0164985898014549,-0.00666563618747544,0.0197267496647483,-0.101903522051243,0.952849578163299,0.963572998690234,1.26733617231276,0.952659404364756
0.00091639686857052,0.00131100991086053,0.0775197096475059,0.0508416864923394,0.00934466284362118,0.109831243109134,0.97734182370646,1.03933876065062,1.36949892133909,0.997571475348876
-0.00123758648831556,0.00120329238693056,0.0569580575213398,0.00134829598174274,0.00415617550884867,0.0775789292117903,0.987112179598312,1.09479646732431,1.15674430573838,0.992355820580003
-0.0117184130673673,0.0182266990307585,0.0157647868497835,0.0206118513229455,0.00428307145401768,0.0147691375148235,0.954416582874177,0.934926311068214,1.04739161261955,0.98554174976685
-0.0142018510779764,0.0192130517883137,-0.0541147362079077,0.00405970083047868,0.0294881431095438,0.0622807179658256,0.995247725137028,1.06213885021359,1.19159992372658,0.907249144634166
-0.00136863437374425,0.00194589314212749,-0.0284749750788831,-0.00528725421456497,-0.0411014779292749,-0.0135367439276065,0.960467981053215,0.93315567572515,0.720985742264396,0.832821365229154
0.00141420738471981,0.00080167910046889,0.00064655618022341,-0.00884169116933898,0.0281761230698399,0.00717495431531142,0.936703362990608,1.11443335684824,0.955120286883936,0.961272436796555
-0.00045694460737852,0.00367324386143604,0.00570719390536389,0.0203019657023578,0.0143696294529894,-0.0336124506045824,0.938185605273285,0.965376248308854,1.16909221846721,0.972180408224409
0.0109721316286738,-0.0123189021219363,-0.00380572156854891,-0.0100613183744196,0.0216217192497803,-0.0291903769875438,0.883781477271332,1.06944382598257,0.722112963498813,0.909550568968413
0.012774639713743,-0.0181294800091338,-0.102809073274374,-0.0180020924074525,0.0203791487233137,-0.0943130864754342,0.912685022083044,0.982257364784112,1.27408897169522,0.925856184580154
-0.0066432529353563,0.00645779319348574,-0.0204259033643315,-0.0384552417625084,-0.0160549330635562,0.0044197916956989,0.991770559689186,1.13472749520055,0.780506492897682,0.936130707841429
0.00185719450872265,-0.00130865327736388,0.10974944673752,-0.00840367639308512,-0.0194911035479238,-0.032040857161615,0.946721272563752,1.01921887390997,0.978785893359998,0.962852969914709
-0.00807034938964846,0.00912022472394904,-0.0707159434461387,-0.00511620877099457,0.0180475050474996,-0.0864194931420585,0.920431035664301,0.998964908090519,0.901630786605519,0.930260188695603
-0.00356985414821601,0.0059979641040207,-0.015553263752689,-0.0241342063605484,-0.0116840363815714,0.0876229770210081,0.96818410501949,0.996214569299839,1.1908111485622,0.95811770475751
-0.0108319151117557,0.0148918029852096,0.0220236107512561,0.00358952994214543,0.0141624587498266,-0.001973400614893,0.958299853374202,1.01227454413544,0.900857069342556,0.898923781798675
-0.00664457410034132,0.00918540086405593,-0.0746502969717296,0.0142763510740336,-0.0172630743402975,0.0106035838739592,0.952064482339737,1.05589941067465,0.928919653561393,0.925332351757824
0.00114700090561539,-0.00140657999098347,-0.0533150778361836,-0.0134867052381811,0.00887465572474884,0.0256898845725123,0.996102899423369,0.945211081022633,0.914306740556695,0.9952585828551
-0.0058372466256461,0.00843521712220582,-0.117102703528103,-0.00379505399731373,0.0104067050037487,-0.143406828708606,0.864087272589431,1.07595645589528,1.10426524496214,0.965300738343638
0.00105322665350674,-0.00444354478043113,0.0732291565236835,-0.00250700890008691,0.029608799403053,0.0349822069085422,0.961972922536804,1.07119308415607,0.722658586391046,0.933925246035216
0.00530632427588301,-0.00580194978501075,-0.0655602848383297,0.0247744757553001,-0.00951012004319057,-0.0159210796162723,0.994679582599568,1.03246155745833,0.969873393975116,0.941298096758906
-0.00394960077841294,0.00634705250321508,-0.0946249099277209,0.00605175741027868,0.0128341202319788,-0.0356355888341574,0.9910264803969,1.09233435548147,1.33062877913165,0.990609571788841
0.00679084372922304,-0.00621214014996533,-0.00574716328435709,-0.0152548553682895,-0.0127294368743758,-0.103176322277638,0.930444267091187,0.9435634297143,0.735628608148132,0.965840335895085
0.0121810104409034,-0.0137868766582428,0.141741008881969,-0.00688935560539349,-0.0198250293718007,0.143103943966046,0.98259244147291,1.03838601374431,0.875589319135421,0.963304039472703
0.0290935038950253,-0.0353946897439569,-0.0962241121921887,-0.03017413943444,-0.00988197223172488,-0.0907996244211253,0.915423891955868,1.00482717742003,0.965352451301727,0.777320158871747
-0.001412504930517,0.00206568710900037,0.045678993999982,0.00207456731875152,-0.0112368268379143,-0.041318457161629,0.91205464505364,0.889099520588933,1.15056108869322,0.972596910109504
-0.012693972737907,0.0145520875409871,-0.0926863462921609,0.0241617470015895,-0.0180087827669659,-0.00517141509680294,0.960749146834424,0.941254512342425,1.0577624264358,0.833141696601278
-0.0103222960647438,0.0123161310329847,0.0019275582834673,0.00200381889338215,-0.00985944810756021,-0.0450165196622632,0.860327965767796,1.02121897125628,1.13592851727164,0.946712451707247
0.00521943212117526,-0.0089014629312989,-0.0753786879768165,0.0190490337971395,0.00516471376397922,0.0172393758567662,0.957095629561286,0.962951586033708,0.917264904874079,0.961891938002416
0.017588348808228,-0.0241842221061527,0.137448367137746,0.00930157121794595,0.00871899749427645,0.0864883468241865,0.997689505422905,0.931940519036937,0.899535757120175,0.999989757097684
-0.0220943159126171,0.0253135499266566,0.0808557182572808,0.00111373925782405,0.0202119196819347,0.0484493254128392,0.995195244484151,0.946556597033894,1.09611177429902,0.996342103273217
0.00164735533443224,-0.00052866260120038,0.042291079499662,0.0106470290068893,-0.0145663708208461,0.0329586644843204,0.974395168974298,0.926362298326328,1.27604540372901,0.910986386330967
-0.00338028774840937,0.00451616344911759,0.00672317734482092,0.0320345774324388,-0.0230947742347752,0.0155331319335746,0.996958995901389,0.921282541856298,1.19711204252194,0.926748685744471
0.0005494120789144,0.00290827161367633,-0.023449097346201,-0.0253957579945779,0.00779452332644246,-0.0598722932658375,0.965399597282982,1.01124927119411,0.798169160650015,0.989856902175159
0.00566242922328909,-0.00847637880103872,0.0811874046780799,0.0205971701717234,0.0140058612128207,0.139303840784042,0.998540571393357,0.976802662396674,1.17876364909339,0.988370274553696
0.00536643141559945,-0.00481489625942473,-0.0246299121666496,-0.0145977206106867,-0.02598304203292,-0.0184874458118267,0.962216849394358,1.02368704588554,0.933966742369071,0.963506139302587
-0.00873714271778155,0.01226395388837,-0.0805605026592226,-0.00917902219607794,-0.0279949468361751,-0.0292416004991484,0.899554438230936,0.933693677528982,0.901708897758345,0.759001945314553
0.00289190170969471,-0.00032906123036673,-0.0338662590621031,-0.00108319495610934,0.0123923706043901,0.0267444220910685,0.932341250509385,1.03954872103342,1.1293259733342,0.960581834382818
-0.00918917468508543,0.0100646455871983,0.0612013555320437,0.00607557857594898,0.0204692856988413,-0.174277785374446,0.918760012108999,1.04509088197687,1.52522318904792,0.977893078199558
0.017142082819652,-0.0240546009922133,-0.104708613611031,0.0171201815290614,0.00566261927510905,0.0530783856129249,0.9878797377737,1.09839062265692,0.974969265039677,0.894630284477206
-0.01542801857971,0.0195070900620564,-0.0168097149166536,-0.00734655788014999,0.0301865768770702,0.0457264471256609,0.988644714099081,0.969445796962116,1.05294443278526,0.951321518965608
-0.012858887217413,0.0117719839664815,0.048739447359385,0.00272116148158229,0.00407256782043231,-0.038135329110732,0.978234833991946,0.951360876312225,1.16176112169928,0.977836728963775
0.00230525413082594,-0.00440301748403396,-0.0942811794201213,-0.0168895989247811,0.0234914554625029,-0.0275642199105142,0.871845696908807,1.00455035825866,0.894860102090417,0.906782475135638
-0.0002927873504669,0.0006424365846541,-0.123407350971991,0.00594408708010153,-0.00796461617646275,0.0112910514024815,0.976750726684443,0.932751326002271,0.837809843522843,0.732885795903204
-0.0160647812749301,0.0212165462160918,-0.0865988209165925,0.00200661779778654,-0.0357740728857447,-0.0535381571430328,0.886521613944731,0.956919541128181,0.938271792731824,0.982950638011247
0.00514844787337999,-0.00759255896340583,-0.00191267145274071,0.0302712198070913,0.00737998939978176,0.0636907961946558,0.967203618298606,0.994082686263981,1.14314163434197,0.938398483168095
0.00070697350501462,-0.00139693830167141,-0.0974505580251433,0.0180946340793791,0.024657565953299,-0.00246816518600451,0.898085642011497,0.926950775053492,1.13063674456207,0.992511483064583
0.00444439613249226,-0.00431300872242095,0.034022852072281,-0.0133609980992974,-0.0153444147201005,0.0445508852260775,0.935468840447088,0.957819735315609,1.11596979312051,0.874281568474179
0.00556924503160596,-0.0047809984260885,0.0175739941274743,0.0089491147345105,0.00894179299840641,0.0112346220379943,0.950199985499374,0.985835007145531,0.970124667967609,0.978216077711782
-0.0141164837057191,0.0158909048453271,-0.123378876344239,-0.00976978090848591,-0.00240719397850696,0.00713146455734506,0.808509256853485,0.986443530436513,0.623132077815534,0.961830188195919
-0.00334741279126498,0.00742719929389404,0.0968506532140105,0.0001932013717767,-0.011916813385086,0.052927738988895,0.99390871553847,1.01570362036792,0.827157505150907,0.903957296467928
-0.00152298449069901,0.0014960577626458,-0.0498202774832374,-0.0214858426750853,-0.0101183927215546,-0.0140088008966475,0.992079937657807,0.98757869039084,0.86474166750171,0.769437601237626
0.00903328792124827,-0.00869771418021815,0.0122268490794056,0.0137661076360015,0.0151386470613699,-0.037806838990998,0.903642177701056,1.02904033293673,1.07145260538385,0.945974324703768
0.0071203765580446,-0.0083160438997771,-0.0546142695323933,-0.0182118787560595,-0.0108610209943641,0.0238244940230513,0.948669212370657,1.02044906170757,1.15013241984096,0.928335530152643
-0.00122175970578103,0.00256580449070583,-0.0532125635148972,0.0274197197134163,0.0120742447210889,-0.0316586529641807,0.998940378366838,0.973899603263356,0.899652700957241,0.915550842750668
-0.00160101962930972,0.00274778481829714,-0.0400823022416522,0.01763738402237,0.0254038545263418,0.0249924590550002,0.977906060065316,0.924150949489672,0.793716958150811,0.942026248610529
-0.00339616698398833,0.00288507866916855,-0.10246683012645,-0.0225596271060001,0.0156492794989361,-0.0574002644126758,0.890341850429961,1.056563459404,0.660014271886974,0.878965334480196
0.00242083537662698,-0.00638675744831972,0.0327600195421095,-0.0120340777983875,0.00427503786257918,-0.0193137729609662,0.981829367624254,1.12965079741879,1.05418174432019,0.947371801616937
-0.0209426751479815,0.026535174177482,0.0328441498134592,-0.00415725223509611,0.00994912644298477,-0.0559255764827656,0.993900831026092,0.924654469499793,0.693787014346171,0.984922491519834
0.00202857549744049,-0.00187358634206944,0.076292062357844,0.00715675569395301,0.0201661022336042,-0.00307546560638372,0.982830349444467,0.879866592489213,1.25314308566105,0.912138818547641
-0.00407065891002401,0.00699552345366628,-0.0442419555597072,-0.00331187830275415,0.0304669795924972,0.0136854920271454,0.927124257788543,1.03914236388271,0.948631962594549,0.977677500744174
-0.00103328715323073,0.00030450434427789,0.0555136498887401,0.019292151674196,-0.0400135087545486,-0.00934728471806967,0.98028288608703,1.01563325922155,0.968667161426359,0.964126235691289
0.0007030135563784,0.0033053858761482,-0.084885679051955,0.026603681993442,-0.0183920397254031,0.0342918277319897,0.992997046620148,1.05870330938586,1.12127914132248,0.891437370995494
-0.00618031056980056,0.0072893498309408,0.0250903059861253,0.0325905036367521,-0.0174983331129588,-0.0354779787372564,0.976634907962861,1.09989941820777,1.2320646746617,0.937647186768924
0.0021744432820661,-0.00447246996422345,0.150170862849795,0.0302756602010214,-0.0188729267166213,-0.0114727625902877,0.963775642672157,0.979578834750113,1.31883543104254,0.967665228751339
-0.0039110014074384,0.00425425498336418,-0.0640366794460169,0.00860800742228044,-0.00022047206734567,0.0224340571697095,0.989917099759023,1.1254198459295,0.676081898369049,0.983231933341649
0.00494424148520731,-0.00380097172791116,0.0482662104382864,-0.01540715418329,0.00536820349885092,0.0868708647191847,0.998358565452136,0.999672901594572,1.02286787012491,0.99478708224147
0.00399502995984195,-0.00843473770746013,-0.0117373000916654,-0.0186066090970517,-0.00132625764600569,0.0620232656928726,0.986970613271753,1.06456875318827,1.30313840169232,0.876717149285449
0.0169268675608894,-0.01716506609551,-0.00168688273422252,0.0225197178314068,0.034504247399105,0.0330802516499018,0.960972781100384,1.01408099986611,1.48639778003032,0.928906490716
0.0130197275441734,-0.0146437996837126,-0.048033251136417,0.0239037393323993,-0.00707730038832614,0.00845871441517775,0.932720505030502,0.98105238330952,1.03049037891965,0.948179821010128
-0.012734937558666,0.0166077014001743,-0.0981936696144791,0.0111556615578582,2.67802483261125e-05,0.0829868517181206,0.965890581481922,0.9560833150939,1.07429093065335,0.9272526824144
0.0152947976472831,-0.0197936152239197,-0.00596114057579766,0.030158119213291,0.00426136307681394,0.0711666554978942,0.99206458691291,0.977776444214711,1.05049378606751,0.985509144006391
-0.00234331396657995,0.00374907764824607,0.00309111615565311,0.0148757348501806,0.01449177616595,0.103303225724714,0.988682435896636,0.912192096817861,1.13364099028486,0.852152705471358
0.0144093398645031,-0.0178758271481868,0.118555461181181,0.0147864078590384,0.0070596617898171,0.0424735866966712,0.980154220468307,1.01856543125457,1.25161042318663,0.856815488829554
-0.0201433529982254,0.0230703769341076,0.0049781751882117,0.033916884135486,0.0620077569679478,0.0359638261414495,0.990608705137562,0.980248202808186,1.26107136044405,0.997147877417635
0.00629084130309852,-0.00759510974946497,0.0404433305287329,-0.00698785575202171,-0.0061781105275731,-0.0175269407320274,0.947551944203041,0.976499868411646,1.00452726128224,0.974824830680733
0.0145638023964968,-0.0160779653079361,0.00903106087944955,-0.00036878053731351,0.0188498556850567,0.101583518007725,0.982964688466639,0.997834022686637,1.00540911772322,0.906522870432829
-0.00124309390784805,0.00173451800461208,-0.119865620962138,0.0164235798080287,0.00914790107521491,-0.110114852446945,0.97384716514443,1.02859531516404,0.851510232814204,0.834425375154103
-0.0293075847750059,0.0346364400090244,-0.050311369885857,-0.00889659363605544,-0.0170862814486431,0.0254302045532009,0.967191431100284,1.00903020757237,1.1346344554288,0.837136313167015
-0.00746921524703751,0.0105012352241391,-0.00487820691978597,-0.0460297809775868,-0.0129185863977307,-0.0369720786526295,0.845037234770645,0.92657021735006,0.973614276294996,0.928890682307201
0.00400241848971882,-0.00179099666165209,0.0484489801474275,0.0232514151539096,-0.0220047759028438,0.0744829712960001,0.987660811013573,0.991980172958,1.22542792527846,0.966861428935333
0.0141124316558818,-0.0171573406984465,-0.0715173473973904,-0.016670208439524,0.010376918251316,-0.0436227529107223,0.968377457118431,0.904036563662216,0.989091998291229,0.896092703617668
-0.00213729674229462,0.00377522272114407,0.0478729614765663,0.0142487215147733,-0.00429211764680239,0.0600074115662104,0.99059078169263,0.857622569433204,1.06201012682965,0.978828997922248
0.0165054083482069,-0.0219399265079985,-0.0180453690182918,0.00174189040648426,0.0013172353395559,-0.0285915954079201,0.968729325242167,0.897050773309261,1.08685755065514,0.994718624172744
0.0113756666508184,-0.0129361643289045,0.00802320321756494,0.0104583037911656,0.0261742990510586,0.0555319246526822,0.964625848197382,0.956325478542071,1.17778839513667,0.948525419649837
0.00398484054100263,-0.00727314497783911,-0.0556059059272419,0.0317501968600186,0.0048576144259811,-0.00668773484979415,0.935917760987222,1.0408103934308,1.15274461067241,0.988370929740848
0.0108728916724655,-0.0138647565913899,-0.0583316612826678,0.0313454907356613,0.0301871367145536,0.0229475332693998,0.984443159312268,1.11646994473331,0.908135898826192,0.938869168875149
0.00548446034826844,-0.0054522032526339,0.0525818431256191,0.017066196086763,-0.0102760186731273,0.0668317996312114,0.953700553881479,1.01211375311665,1.02260447588591,0.965616819030158
0.0384841084285603,-0.0485782956066627,0.12994042269778,0.0306779295288439,0.0150178465202611,0.0065163416368859,0.973721306387345,0.947977560938664,1.49156845296913,0.983342198057811
0.002528346465592,-0.0002456224512311,0.0219205394500076,-0.0212206391931668,0.0137784100602359,0.0536520868444661,0.933729956452049,0.984460856746403,1.22119502001031,0.936424423151877
-0.0126787324524191,0.0188781290056354,-0.11558190019683,0.0311282596877699,0.00266096077108917,0.0750841756350994,0.962250875098385,1.0798010849546,0.751686569861393,0.843682973468255
0.00248833133025233,-0.00296694750066184,-0.00077770179869435,-0.00261227025314507,-0.0199103742743423,-0.0220299711818709,0.943005895510336,0.905280261271918,0.806735919492291,0.965141120352316
-0.012183758042642,0.0143448498522611,-0.0511459127604745,-0.0114213750816332,-0.0333145981462465,-0.0648472578443742,0.861114295756074,1.07473395515495,0.818075678449601,0.946509050452557
-0.0123407413173722,0.0161035557648136,-0.0877717211810168,-0.0282741687562918,-0.00789451182087278,-0.112235610388338,0.882119757880068,1.00598750431043,0.650857283205806,0.911214547011346
0.00754429587259774,-0.0070353348241263,0.134280940315808,0.00207989257261059,0.00569438593448472,0.119829279467787,0.965520564662205,0.987133466311732,1.55407384053868,0.892599244438963
0.00118710995213186,-0.00228163050608733,-0.060771987511977,-0.00237637658329844,-0.0233940660032342,-0.0356699560651467,0.926181469505356,1.09801956883138,0.930588760114537,0.895178457985499
0.0140320311474785,-0.014922758689703,0.0752424308041031,0.00761798537497968,0.00947871376218433,0.0192217479920841,0.960037417464782,0.945963234184555,0.859094416814515,0.914573357909212
-0.00030034532109679,-0.0007480161690408,-0.0181498347181286,0.0146360279952896,-0.0154773686270028,0.0646242416081585,0.970229046975784,1.01409027631974,1.14736753407419,0.991707973630689
0.00717594738930635,-0.0113815962678138,0.0509546560890344,-0.0102759717005943,-0.0318549928231062,-0.073108773476286,0.912843325882155,1.001077760186,0.901246132517067,0.887528272424158
-0.00165814628271422,0.00245317160304819,-0.00910299774356904,0.0322481684257016,-0.0030536417704785,-0.00225559132295611,0.931017862293235,0.965737901057116,1.0001704863441,0.987602155689039
-0.0219909478667693,0.0314380184740046,0.0308653835739672,-0.021177745119055,-0.0195462902718458,-0.0093340444642245,0.989182559676877,1.02555960801605,0.993531882294399,0.970982343093938
0.0162379636652207,-0.0231809258334164,-0.150501502519114,-0.012217001665185,0.00610272997381336,-0.00407576301076669,0.997780820958552,1.12715681010937,0.716201939452662,0.96617440545676
-0.0159676785503326,0.0178064701877839,0.014087767419182,0.0266215273090044,-0.016941641956651,0.0273742697261886,0.973964411899315,1.18102210392265,0.847922200257777,0.948284579136352
0.00868567087579934,-0.0106974655267126,-0.0409099723510626,-0.0152779721101157,-0.0228500375687358,0.0567717772889705,0.948019861085084,0.950465315233534,0.984473510080639,0.90217717380743
-0.0155661637196081,0.01778412309597,0.00300304485482922,-0.0100131782765075,-0.033483265362566,-0.0810076767642876,0.930925772669882,0.959636717380617,1.21985636476067,0.917836898056393
0.00807073461840774,-0.0137290755456067,0.0122584335287868,0.0116293781152088,-0.0178335821808803,0.0820218804693362,0.955490707544085,0.904924409160732,1.21743909548102,0.991705544701489
-0.00758245998103927,0.00593155594161769,-0.0546651914049442,0.030506070112461,-0.00050080839153912,0.0359310520189079,0.987421993649245,1.1026668814524,1.38042375699808,0.97062993142362
0.00781030694955945,-0.00897421307909592,0.0926360581133264,0.025938249191802,-0.0152999178167358,-0.00135426300032957,0.966165535258579,0.975648423788099,1.13870855965615,0.958477310559171
0.00884294033471958,-0.010891710792472,0.00914737030452295,-0.0131522374216431,0.0372438495377818,0.0370375456980985,0.987233444530483,0.991440547030856,1.17881268858321,0.939025447440551
0.0010143422897734,-0.00425586039523904,-0.0331692930764392,-0.0478294391059323,0.0010889410905932,0.00011817793670577,0.89912697777235,0.930649747633975,0.911297625981952,0.816516773257554
-0.02252063784922,0.0274599285412577,0.0627392656682009,0.0209719821882649,-0.0293964093240599,-0.00758812691812237,0.935407885445062,1.01445509631203,0.821643415378526,0.98453616800073
0.0244230723160719,-0.0266113691702897,-0.0437974069223906,0.00841170855433868,0.0156082702829578,0.063831035132906,0.945664087086446,0.913763015208515,1.28618070289645,0.818660771074837
0.0105746395742992,-0.0100690661884349,0.105828726472911,-0.0132216346517325,0.0172924205371996,0.0716397950209732,0.975242214575217,0.962803268519784,1.21975213864622,0.939707352511807
0.00176657842533006,-3.34498731191469e-05,-0.0256465439740981,-0.0314478922114515,0.0229135850670977,-0.0363091291500749,0.892144329181959,0.942795205012052,0.913463797527477,0.868714252184716
0.00397871423630503,-0.00311840853903889,0.116428608021236,-0.0166245674022487,-0.0284138719157339,-0.00736259203463993,0.963333001029225,1.06297551815256,1.1574459760616,0.982741300867389
-0.00294203542052012,0.00565004557329339,-0.0090553633715007,0.00145518120741036,-0.00027086544797583,0.0762398754394919,0.956617237315493,0.975356188602569,1.36565076638045,0.969579566691743
0.00575236423890152,-0.00707233708191108,0.124090270036673,-0.00326458273327071,-0.00508496758311671,0.0233305997328289,0.98960370468981,0.957587445092027,0.916062136751731,0.93610122550496
0.00778101865771996,-0.00738805966740677,-0.0303307551216064,-0.0184013073962868,-0.00334808813859428,-0.00608331578711968,0.960006834383552,1.00430656995823,0.653729683197078,0.929504312422397
-0.015911056926497,0.0195523279456766,0.0540911908559467,0.0364538200170946,0.0602139580580014,0.12290434965694,0.996480739495773,0.933410874239041,1.49275566847221,0.999979202388989
-0.00028283502188188,-0.00080738268307904,-0.00491519431599458,0.0413392037350058,-0.0143638648702037,0.056595340262333,0.998987490275193,1.06318053110274,0.923635020890608,0.987905743948027
-0.00319697519104814,0.00522266379985188,-0.00915473042524617,0.00634203687466962,0.0309043703479346,0.0905031939951433,0.986084996673885,1.1350800637811,1.09064666603587,0.834202921790249
0.00111900199684921,-0.00180078789062632,-0.0897855576531655,0.0296567026406217,0.0305541922375572,-0.0452254918123953,0.92507249304645,1.01937087036338,1.32669322740404,0.954731257844916
-0.00507418049273423,0.00723582965307601,0.0716035757466362,0.0182305312400417,0.00915801272367763,-0.0221742571807389,0.947264150380935,0.944063114166462,1.1197050073516,0.878235416817057
-0.00040684881180634,0.00109710853373323,-0.0101426876297159,0.011253705766661,0.0349933179194676,0.0620619288101871,0.980037689267393,0.98239466566875,1.30451368575744,0.9876789120879
-0.00572617973147741,0.00429428109314634,0.0929927752070948,0.0265200056879979,0.00839231520190766,0.1887397160284,0.988609082247318,1.00764716361809,1.34304242496854,0.936713972201256
0.0083923880967222,-0.0100494797338344,0.187077156848239,0.0045184862248575,-0.0492683205390994,-0.0553221970697124,0.959765216245913,0.995734423966381,0.85751140710402,0.959291470761618
0.0020787284398295,-0.00203481278691288,-0.0883846298267142,-0.00791996458641931,-0.0474478454874422,-0.0275156181445972,0.912350149455927,0.873370052850277,0.9368002764374,0.936817261512582
-0.00520012750414497,0.00379850926874463,-0.0120310040198855,-0.0105984218376131,0.0140045829930066,0.0569595043654328,0.888204126556543,1.05377630620034,1.04452308702292,0.875462702750806
-0.00303436531192232,0.00546213785212101,-0.121872948975079,0.0171107198979668,0.0044212616790463,-0.00204387860955157,0.957545768600962,1.03776466774127,1.07786574752171,0.962265173912778
-0.001182318799277,0.00230814506763005,0.0151495175107771,0.023808796781509,0.0131255291041314,0.0304002981460371,0.990397069898559,0.996835271781296,1.35814163425963,0.974692003712148
0.00154528758828225,0.00109506026720111,-0.0478920520639619,-0.0224401909151069,-0.045945033826027,-0.042996235929042,0.912745842235026,1.02217980422825,1.02413665077932,0.844488406093471
-0.0110091601614278,0.0113216771513869,0.0199594708254187,-0.00881402342552797,0.00507759669161017,0.0935170147486271,0.996770560266213,1.05936666956364,1.02370980741262,0.991474830068961
-0.00860899994675163,0.00982768077087155,-0.109429664021783,0.035667667049686,0.0061237869904084,0.0228080489872925,0.982910207794892,1.13530634708254,0.96783182278626,0.973935255471305
0.00050215827628448,-0.00074521997111084,-0.0439750330636912,-0.0146024485234473,3.09788192272034e-05,0.0770622136564226,0.983160848662856,1.02229545577506,0.883304490721813,0.940732343060193
0.00544420502617318,-0.0084945257401636,-0.121723307017478,-0.0282507201542735,-0.00387688274623529,-0.118750354182037,0.860951264442354,1.00210668380199,0.9185736031881,0.897431985172427
0.00144923214277876,0.00254998390319593,-0.0507867903921556,0.0015549344184516,-0.0385450386919832,-0.0699865650554084,0.880374178318325,0.981955387724522,0.98945084247162,0.894284962916363
0.0142156901346472,-0.019165041064273,-0.0884027876886655,0.023563303150808,-0.00872996997132777,-0.106458069064819,0.862834932524099,1.00008535031373,0.747291824259811,0.886920162524472
0.00552930029578638,-0.0117090600142277,0.0746731521029837,0.0420001381152177,-0.0320890485702139,0.0122381412639901,0.96714556455036,0.920287278448655,1.04581956084838,0.988632448649067
0.00706876440057054,-0.0088135799547903,-0.124723424018556,0.0159867622821393,-0.00393431828697796,0.00385789831914403,0.982727978779781,1.0211936242138,0.977344700074036,0.968214656549854
0.00180755963284858,-0.00337223730536705,0.0187275282426992,0.00469458678254915,0.0422302816409665,0.055440785693362,0.957899963502763,1.05324513693465,1.26853115975265,0.959736680102908
-0.00816353856337678,0.00887883012333216,0.0825925872915589,-0.00174174694133168,-0.0198524266860232,-0.0617364330767437,0.912628128615883,1.0280848771718,0.851196959021002,0.803361890489207
0.00142084941497121,-0.0034627809946739,0.11146969214481,0.0185383786110712,-0.0288750088509671,0.00746835369663985,0.948357504075639,0.988988782468094,1.37032117045272,0.939174568596364
0.00273034515445587,-0.00256647020760217,0.164996993877792,-0.0237628534062707,0.00870412355639427,-0.0995804800136715,0.930718797195559,0.989588780222243,1.06557785241271,0.960623068269943
-0.00561570839062314,0.00523710935686266,-0.0313341739499031,-0.0004059969691846,-0.0297778037298098,-0.12852888429232,0.845770963286933,0.990504491418828,0.574579988903603,0.775270072614185
-0.0013897801340237,0.00522813162287259,0.156780554181155,0.0317694948588286,0.0038063890823928,0.0935729774156399,0.975848764334323,1.07622812344349,1.36758062938282,0.986581593298432
-0.00324684787890244,0.00533232572830064,-0.0207511412040682,0.00262541168658958,0.00791367523745118,0.0252078586539114,0.994841420619281,1.0612271303645,1.1565752550115,0.977311958056952
-0.00445692964619667,0.00769561714882827,-0.0618852819748059,0.0138401420009825,-0.00859038924264995,-0.0871492634706474,0.916746742806304,1.04738084890867,0.941345088546098,0.978077695974187
-0.0193487721700621,0.0221321958437144,-0.119016962157989,-0.0105723336316644,-0.0305981558076445,-0.0794836789541903,0.941858613537247,0.921872527944681,0.514592322733868,0.787901488799576
0.0089690688749909,-0.0121693346941843,-0.0309486739790121,0.0288324815447321,0.0140981666148903,0.0313790943460368,0.951188003100417,0.918738349232661,0.989785055961502,0.972248923413009
0.00357965857482598,-0.00420149514900403,-0.0436898910682548,0.0036249944449927,0.0270274854415695,0.101958331693985,0.99773701292584,0.993283418606977,0.705047188781795,0.92552607860382
-0.00585274323930214,0.00638262121267407,0.0397685901665878,-0.00284953833438147,0.00672378763585374,0.079477789535665,0.989358493114999,0.994913278117899,0.963406895416412,0.941347420275023
-0.0032643528386009,0.00019010607168067,-0.0394563226156336,0.0106953747454426,0.00474657435572772,-0.0218709515250051,0.958654765743693,0.945046883964962,1.07188335929734,0.825404881661111
-0.029361220727642,0.0409430147388272,-0.0946289919339266,0.0106842536397381,0.00242756110100396,-0.0103143520687017,0.815963710792224,1.00269643660839,0.964146752202602,0.969437348491397
-0.0148413878407009,0.0211278012263285,0.145171932136355,-0.0222612317969679,-0.00515955069256751,-0.0239630462078721,0.982145421138028,0.920162359874718,1.26767589846607,0.954156310329418
-0.00396581284029854,0.00493352155795246,0.00744415377391039,-0.0105062723175292,-0.0377579936984571,-0.0232911104034708,0.978272198553718,1.04578087465841,0.759645619950643,0.942240230468461
-0.00519714626164821,0.00753847070645885,-0.0411363968693968,-0.00855578920614308,-0.00640597800837792,-0.0785195112605803,0.954282633065852,0.965515299267737,0.713134652522818,0.847941415904649
0.0114844770543904,-0.0138260328139132,-0.101146823901867,-0.025362808916589,0.00536871390786004,-0.0476782360507841,0.957445487288452,1.02660164943065,1.03653911804889,0.933618027513974
-0.00172306226340419,0.0002629971725419,0.2509121399003,0.00130767793386706,-0.0261321617687474,0.052609700439912,0.946095370003124,1.08401538427404,1.36227387365547,0.893149347690768
-0.00594588766026607,0.00939374210310768,0.0195710730550467,0.0136267736524707,-0.0135404748512416,0.091272223139525,0.966294475795507,1.08409641875311,1.34150966904612,0.974432672331625
0.00299215220843159,-0.00093544646219686,0.266299243223933,0.00137809889087822,-0.0404580472436374,-0.0566682965919012,0.980772479232633,0.979866285415794,0.998610401973903,0.999812203509069
0.0126018042000112,-0.0150846548256427,0.0119468202056871,-0.0119827378780741,0.0170901945535356,-0.0277858500120899,0.924465423986717,0.950046938056938,0.635582662500084,0.937208809457082
-0.00966637780855229,0.00985430620105797,0.00224301537730093,-0.0258058398839787,-0.00321772196226545,-0.0357374997342474,0.918481068602175,0.996980058044571,0.794200971578535,0.974170962669155
-0.00856919619093271,0.0136243230167589,-0.0440757081523392,-0.0167071402769863,-0.027422689068904,-0.0449152770594684,0.903871130723297,1.07565951209168,0.641066173942063,0.907258071806088
0.00085857927286415,0.00028430315285068,0.085406807712242,-0.00089519625121604,0.0186846243091789,0.0137219364098214,0.977248306456479,1.01084426552293,1.20536445825873,0.947712944883564
0.00349648567608585,0.00058653732228713,-0.0470807948158323,-0.00286244462024894,0.0222998326149666,-0.027047656764211,0.96131775930231,1.05003582655799,0.844241506876576,0.96348181324987
0.0211432142484302,-0.0269957176379592,0.0602258018391916,0.0281352163288592,0.0151477944236106,0.0660786795478431,0.989213518601468,0.895433670082945,1.09571652565804,0.970296136562063
-0.016322049815092,0.0181409539886215,0.0240098117356236,0.00615226317676428,0.00307129099838442,-0.0830839928020826,0.913574338476401,0.902464920220232,1.08825379413241,0.983512773361907
0.00150491481590254,-0.00143464256364327,0.0576185630023651,-0.025804767175187,0.0054926490006715,0.0420907299941181,0.894806166413516,0.874820598459753,1.01100793860952,0.9232547473761
-0.0052806203652948,0.00723111368811742,-0.143551766399221,0.0040890214225455,0.0103387218703878,0.0232388094835092,0.985700850112953,1.07414517713469,0.962582782385977,0.914352397355504
0.0168732871970543,-0.0218143738500154,-0.0315160885147397,0.0402126339644766,0.00582478808334212,0.0803339843935404,0.986517217375399,1.05898455644682,1.31422644271998,0.95231026670802
-0.00266766205913455,0.00424876206625606,-0.0357879008826423,-4.70890161249793e-05,-0.0142602305243576,-0.028374137026835,0.974866306519389,1.18370279605836,1.25970810939559,0.885852510749241
0.0141458506807274,-0.0202954714511955,-0.0669820786720291,0.00140322352790347,-0.00685775663894661,-0.0312820085868733,0.97636013219675,0.971534540056915,1.32104044476206,0.926503513396782
0.0128026856549348,-0.0171253613624248,-0.0649178267939174,-0.0412998331272292,-0.0391132831654752,-0.0356102801367855,0.912722166678046,1.11316215913212,0.878533748851093,0.934835577871592
-0.00659171838473871,0.00587916183135979,-0.0928496849028922,-0.00745703395928446,0.0186838234316883,0.0505781391963175,0.954375500622465,0.963292685554765,0.75702434776527,0.881045311504808
-0.00929608041930285,0.00952061955637911,0.0540090459540478,0.002591950855506,-0.0216234912266717,-0.0123877137895206,0.938703600406085,0.969300682098522,0.684441954119474,0.915815705473364
-0.00711816661575945,0.00926945857487095,0.0576069378128597,0.00639697673991044,-0.0154959768674107,0.0928231987198939,0.991650381893055,1.03782071505627,0.996846227639629,0.928463855669917
-0.0164560607005369,0.0176415632646518,-0.0802512158305963,-0.0128009234677229,0.0138942802603067,-0.0352223211790855,0.917967226083003,0.991183452154072,0.656740706043809,0.917115994779095
0.00994729021516754,-0.0142052328335305,0.0616554066122106,-0.00258332031609489,-0.0319951669544125,0.0607040953110462,0.95780629934902,0.951768529860222,1.16309959835197,0.948443225157937
0.0074753047649121,-0.00846657314334916,-0.0695458224834583,-0.0296756868655654,0.0265014348155725,-0.00900628948971401,0.898766891445562,0.964504745816746,1.0885442620778,0.976788889805292
-0.00800543765607981,0.00828091606358897,0.0408318265248221,-0.00881682023144012,0.019981190979315,0.068653409463556,0.958271630346925,0.913156635059128,1.43770877613217,0.959241969114919
-4.13621566567682e-05,-0.00051252635418395,-0.137669607017561,-0.00478527935689983,0.00747947895410963,-0.0483757686031845,0.955635179001452,1.083752061516,1.09049424791086,0.918107069128564
0.00142790470651811,-0.00084531258770281,0.0279115087768186,-0.0184500685681016,-0.00651848788475331,-0.0536886673271409,0.989620055514814,0.98099132402125,1.06781950780363,0.908065731104709
-0.0070194511679951,0.00771756927666637,-0.00367120385135217,-0.00948407747458253,-0.0070178882887746,-0.0869878403471323,0.882107825291772,0.995620478745167,1.07889065802832,0.940534355320869
-0.0065604561677339,0.0109545224656829,0.0064116227371101,0.00447230706484913,-0.0250068925361945,-0.102713472844889,0.877778787957655,0.950528468191851,1.26088993582949,0.956816690883905
-0.00162362091206982,0.00109513936901298,-0.0341475928880546,-0.012820754244808,0.0220531959261005,-0.0452379423893164,0.992965074495339,1.01567810994439,0.915745656555141,0.987761280154952
-0.00135168704745274,8.75254964850204e-05,0.0741195468707501,-0.00089559926203805,-0.0441329754764371,0.0494345104766153,0.948131221918469,1.0306757956188,1.06424367768286,0.875915465687134
0.00255265825295371,0.00041552461567472,0.0230788260644917,-0.0381255858457884,0.00578135763048182,0.0346314826251827,0.924225123885226,0.953533563917349,1.03506999555579,0.817779609606522
0.0227015503794869,-0.0260760702353625,0.08261804232747,-0.0105013300139814,-0.0143415698305295,-0.120178885584104,0.934666083704272,0.99571247274992,0.953689837336734,0.860374617419642
0.00076430061622833,0.00066341973391796,0.11136711143047,-0.021051505703845,-0.00183874187553172,0.120488219384311,0.974295043299994,1.07081645795959,1.03636761346157,0.920261373809748
0.0109867077532619,-0.012598541434501,-0.0169156365130261,-0.0295099936704485,0.00573053979377279,0.0218129178719768,0.965156768289282,0.961935069193074,1.0722307888971,0.966028970366402
-0.00492264546605857,0.00178870784371305,-0.0148684703615964,0.00737368687422035,-0.0299133405465888,-0.0583934411065524,0.964389578193972,0.93254379144538,1.00872130472942,0.963309781777323
0.0103549904823437,-0.0104899271889752,-0.0838720673214649,0.0170770019442161,-0.00269978841904926,0.127059322443215,0.992992270489503,1.06134366225144,0.947675364470467,0.993455582420352
0.00171619817570236,-0.00466924573384515,-0.0600633951804285,-0.0209337863443158,0.00764907668732027,-0.0448909769490016,0.882721733499073,1.02450597876759,0.907660786910057,0.928328053259917
0.0200967110620757,-0.0267433599409217,0.0183056282981453,-0.00501494408275287,0.0069503517093334,-0.0499713708471504,0.928039850751252,0.973936175260879,1.30217840621077,0.93461646139433
-0.0151301436593815,0.0208884750357211,-0.0368320580020171,-0.00849076771006362,-0.0132575047417366,-0.0197747024418204,0.975241192399077,1.05773244059926,0.735714558833826,0.960431971250261
0.00317783797723654,-0.00580639575508627,0.046558521144432,0.0131742981722523,0.049612508137032,0.112972773949798,0.999191367953798,0.960515778934466,1.18957680230229,0.983306205636921
-0.00449244819673189,0.00588032646856966,0.00018478985778991,0.0419268685655917,0.00193122279777736,0.0837138064107958,0.991128019398877,1.05563979517083,1.1135491226521,0.964160724756495
0.00166871792074454,-0.00231539328277478,0.11796470330248,0.02361289845649,-0.0156574117279674,-0.0116575628926408,0.973475948779429,0.941876718473015,1.22017085282127,0.998050010590326
-0.00044151473003486,0.00089548805346755,-0.0528224873039694,-0.00294673989735278,-0.00100176715108768,0.0126286142792435,0.983094773254877,1.0710426102896,1.00975490042033,0.992195936509538
0.00520620638055269,-0.00685424798495446,-0.0597105070398968,-0.00255992153808783,-0.00058249273906603,-0.00059593117317049,0.896846298972011,1.11283154070788,1.1402990730929,0.918963762661294
0.0224546511638697,-0.026777853926,0.0840977741206524,-0.0424066199595646,0.0312012808872114,-0.00137267615580112,0.988656183103404,0.985474296142387,1.15181147908668,0.91145333200735
-0.00061873358126286,0.00020939454879731,0.0151421648680355,-0.0156570127214314,0.0120391307960505,-0.00439055807623968,0.98174220583098,0.948450731314565,1.13748012157126,0.942649080132266
0.00022557897794382,0.00116926154376303,-0.0102737510535051,-0.0365095387250314,-0.0199935545939275,-0.131499791185339,0.888315218665368,1.04402768519274,0.919959305586014,0.86428299223179
-0.00181267965389535,0.00054669945582953,-0.0560602251865643,-0.00599375252937093,0.0292680898713034,0.0193771013395159,0.989371784071209,0.966399910128168,1.01402026742012,0.928788791423574
-0.00372369005778837,0.00513430199941552,-0.043969673108677,-0.00611697522174309,0.00817332352669474,-0.121347236446667,0.974931293913488,1.01237609202133,0.83882861720533,0.923181941840841
-0.012085221549569,0.0126622539159879,-0.0585938187296725,-0.0150978267810397,-0.012171602898445,-0.0266340035565581,0.969218313829214,0.974849217427361,1.2302446783941,0.9201178429245
-0.0180936676691276,0.0236788532785832,-0.0128413789598087,-0.0192506906782199,0.0125939630708292,-0.01673880472466,0.971042010007621,0.982936857457053,0.893674171179414,0.988669420121919
-0.00532333487823532,0.00341477818501165,0.0690279035070059,-0.00081968182304828,0.0422036568796466,-0.0130457024751336,0.958313991301927,0.969134747291951,1.09453289354554,0.965069376315329
0.00254592164544457,-0.00237438150344052,-0.0213617774538979,-0.00115335990627616,-0.0244488417484535,-0.0280351103797695,0.973843133358211,0.993571891326409,0.98737377544548,0.86049307589715
-0.0110265682357159,0.017012585303906,-0.0670177546374263,0.0159934260689743,-0.0308169040241636,-0.0303489333795302,0.996340731315842,0.855781196900187,0.829504187282816,0.854994560510176
-0.0111923382968503,0.0155595339095944,0.00293314384660565,0.0133965849923215,0.00909168120343462,0.137126375225409,0.999459267389369,0.920161254319946,0.99602632842469,0.88222342320687
-0.00084893813019366,0.00158837566087461,0.109089158444379,0.0156476076435938,0.0129229862639303,0.0230310910206711,0.905518191164035,1.04521110696756,1.13301138339536,0.978341839554252
0.00898126266680739,-0.00776804440087974,0.117692934847487,-0.0152199855225866,0.0109338979554243,-0.0244473575352446,0.987203541237601,1.05706626643011,1.15896107446478,0.933253339292716
0.0153937680947813,-0.0179519995701249,-0.0171516459166223,0.0269587718437644,-0.0214429902335598,0.0656046992109686,0.964575539775963,1.05030593834429,1.09604757445224,0.848889684666377
0.0134424719044285,-0.0178880645918153,0.0823227497042688,-0.0126598202264678,0.0273915646974653,0.125937014426062,0.99287622996533,1.07763612505693,1.08664627027335,0.970313211337087
-0.0113379983697946,0.0137926653875715,0.00482017882775243,-0.0178078892052989,-0.00955813266990063,-0.0152854296725822,0.961994335190993,0.922739505075744,0.917648195591211,0.899626835878223
-0.00171945590578082,0.00315715261977351,-0.123629722032571,-0.0162719743217199,0.0122863442946027,-0.0496797330958239,0.914381757181529,0.933468382302937,0.993006109725882,0.875263102071431
0.00378216445140831,-0.00866799830486582,-0.0727500707383457,-0.00865184423202464,0.00657441661597483,-0.00164219226442057,0.831719513793693,0.9831216076723,0.943185744098363,0.921946359545402
0.0134936919830918,-0.0136303263570282,-0.0598438289286968,0.00162168365485214,0.0144690386432545,0.0671382315161331,0.963391751999692,1.11529862073356,1.10068512944338,0.972233042419778
-0.00275736263462494,0.00031163834219759,-0.01428242387455,0.0294958783226576,-0.0256384540208559,-0.0594343478167581,0.943788982015723,1.07473760099297,1.01604061655979,0.978159067304449
0.0026078203500029,-0.00249939024413813,-0.0239686680583781,-0.00687520639002862,0.0242486050969466,-0.00233966692171664,0.976348929703897,0.997394583759106,1.11650803504257,0.957812323776644
-0.0100442004613824,0.01267962994651,-0.0458228799713907,-0.0255839785221781,0.0126120622557858,0.0247803166078728,0.983737052406645,1.00172186173189,0.912223449141837,0.975569902978856
-0.0136177914139055,0.0151118568578986,0.0018191148674303,0.022710587912905,0.0141818777472389,0.0501173938528406,0.960404134922763,0.961635149749252,1.14055843613809,0.992871837938661
0.00016567331922069,-0.00022251890744396,0.016451368023124,0.00438463502834374,0.00250782324568081,-0.0124990851799822,0.878658576626995,0.916402864821229,1.09201469087853,0.95021183837685
0.00273609784585661,-0.00167419738345268,-0.0179244236820179,-0.0435570840701837,0.0324798267571154,0.00595977205795249,0.947628733719973,0.932841353920694,0.946166073171335,0.859037154139415
0.00573374723669492,-0.00758504910637893,0.0325864051256324,-0.00048661087243859,-0.0232696196946573,0.0325776164475347,0.956819889862969,0.987903052535312,0.626782703128184,0.914427116566416
0.00481376102647661,-0.00667866236657211,0.028524345825742,-0.00544173949488093,-0.00480725581135207,0.0220101853378031,0.984081300423679,1.02999868469555,1.02643748153033,0.936674603237522
-0.00538436963972298,0.00625927976361157,0.245416489604893,-0.00946956578741859,0.0422248608488953,-0.0235203605472717,0.925477441985834,1.04758697184681,0.983503006016462,0.984793476533761
0.00047656710783395,0.00144725809662692,-0.104820107682949,-0.00266195897834403,0.00027104588573491,-0.0194570376203928,0.923762813093995,1.0715856946431,1.04083319729471,0.940180273426107
0.00667542655923951,-0.00669516465787064,-0.00315774531495866,-0.0158714761630498,-0.0122969650014162,0.0985013075761317,0.964960920268729,0.922012192157818,0.928662437654676,0.98810277082153
0.00511818681322478,-0.00759376105357844,0.0507835224586849,-0.0112230294317562,0.0256834508589089,0.0338930191867702,0.99363349737544,1.04378699626241,1.17280939211405,0.8922614504809
-0.0132577661253832,0.015540448924296,0.00321161733109138,0.00467587247687471,-2.00026000560252e-05,0.0330249235176218,0.970750007774274,0.98393231888529,0.809765322471161,0.921989034182439
-0.00330539923365696,-0.00161163282451427,-0.0591963846522388,0.00820387617147,-0.00680222242768048,-0.0561374615458585,0.949127096047004,0.944485958085307,1.14444308266442,0.98850046736596
0.00089975599274681,-0.00271744966105511,-0.087588731576168,-0.0190501667565524,0.00642452295710186,0.0255301881415607,0.947744285247763,1.10383479186579,1.10014729772535,0.879481835080149
0.0180817445331062,-0.0218787928738043,0.0440506996515594,0.00887961554052797,-0.031522835202522,-0.0642271000973697,0.931277715674236,1.04554579301217,0.837320436603301,0.919788247816766
0.00565049637090591,-0.00664350136442324,-0.00293079921451622,0.0201047513198191,-0.0069539470837037,-0.0109825751982479,0.943229328809411,1.04519629291207,0.983768353974799,0.898312632946196
-0.00158736697220471,0.00230534007613226,-0.0779550613874616,-0.0002743195198258,0.041037102161464,-0.0389615571050617,0.867132201839992,0.963101869528775,1.18046746124441,0.999278447144338
-0.0117903935995401,0.0100902854911246,0.0109537387096436,0.00086539318785982,0.0151054491050548,-0.0567864286708434,0.970074273060667,1.03116096185133,1.20452951369398,0.913189241723245
0.00274109249822272,-0.00301653701007328,-0.0893639329415736,0.0135910529081658,0.0426772978262105,0.0189782476461546,0.997332656811845,1.00107952662883,1.17153440407608,0.949131269379208
-0.0125571419527755,0.0183784256514031,-0.00457095144710551,-0.0107963560351616,-0.0171202499586212,-0.146484594734433,0.955179461226322,0.908341750870455,0.957107950403785,0.989665549413895
0.0114261966287475,-0.014353516720308,-0.071492951136198,0.0095024011685072,-0.00171469027096682,-0.00280604217182849,0.903393536062654,0.948164533914765,0.919865171717189,0.944049851092334
-0.0122492284050184,0.0155157279092511,-0.0647823142683419,0.0359306135897647,-0.00494123602676871,-0.0175038639875037,0.976929002852539,1.11734015288594,0.965390166061224,0.934793903354294
-0.00822090882508132,0.00868354263181397,0.141878048826606,-0.00113709684265737,0.00636759243141167,0.0795688764855047,0.996935870379838,1.08269394104031,1.13241334766714,0.968067667249485
0.00215131179835584,-0.00381051326058698,0.0442340837907992,0.0085507580163295,0.0108241074261664,-0.0690457364601527,0.964126329233025,0.905656618922997,1.29341469597942,0.987892798998452
-0.00642646493377666,0.00893457540457625,-0.126352297522665,0.00094201805019771,0.0079629166970892,-0.0157411139811158,0.939072867213531,1.06470609293284,0.473300715881766,0.782653356182058
0.00691263807789283,-0.00930753948392948,-0.0390180654819681,-0.0133534266559395,-0.00280524943876447,-0.0093214078328125,0.922080193222018,0.988820253180952,0.783012491778921,0.819876016596529
0.00545068076799182,-0.00831854343557785,-0.0493804047668077,0.0105718939345339,-0.0324579140322317,-0.0390731973741422,0.926284484785013,0.978705555911954,1.08764182286307,0.985667602382861
-0.00798140674808737,0.00676803097319785,-0.103925800456791,-0.0128045304302437,0.00357027625305185,-0.0312280436529511,0.909579678171706,0.92430266427088,1.11178744496947,0.938171072728874
0.00194744000676087,-0.00251888937913093,-0.0482713934827018,0.00414482688639325,-0.00821180037546521,0.00208026036284427,0.952321099818947,0.925805275655472,1.08589304674807,0.919547600596994
0.0116946977503313,-0.0163123482068585,-0.0461401841583605,0.0259118661359109,-0.0301671211159874,-0.0933884629483407,0.929216367838142,0.919084043369937,0.658796809311047,0.930694057458646
-0.00248372242133759,0.00126739692931995,0.027265790527485,0.00079188348540313,-0.0307025371130606,-0.0448162617799781,0.948208162321279,0.953773500528565,0.810583067578699,0.899853906828462
-0.00755579977392298,0.0113086331071989,0.056608216181381,0.00297968664749474,-0.00278264310401857,-0.0086826594094218,0.982825713012635,1.02693442168713,1.01448749859741,0.95090756090692
-0.00010938264965447,0.00118426082393787,0.0613749072499274,-0.00884283164571834,-0.00567493457892487,-0.0551521762826835,0.938948376174138,1.02202786702568,0.839271742443306,0.91699221908966
0.00100340299691266,-0.0024088128440766,0.0438498488231318,-0.0151063890714461,0.0196007382256222,-0.0990470049994434,0.958924776342392,1.01496690471969,0.958159939215171,0.909087847029394
-0.00998323437465052,0.01126411459659,-0.100731002398461,-0.00434135312209686,0.0098134979751509,0.00081939768589698,0.96901700674505,0.970868988959056,1.18883723016047,0.981076925468834
-0.0155600959141895,0.0181097679066794,-0.0729469854930666,0.00369272051438341,0.0429814587127241,-0.0285653685490515,0.962398184538779,0.939781967947731,0.807366612072643,0.945888503682043
0.00587885870209626,-0.00643573118800924,-0.0156316369396244,-0.00205269399001702,-0.0224762737133731,0.0369528254235585,0.988874498110212,1.0093253249778,1.03531467771737,0.954020278078486
-0.00738638499026807,0.00674675858220122,0.080860497783205,0.00844032412527444,0.00927897527682113,0.0443909214364714,0.961015018370969,1.01060737594264,0.900710538219128,0.940427108258693
0.00646310963454437,-0.0092728611482068,-0.0415277243027697,-0.0293550214824551,0.0204829327439921,0.0301280310381077,0.949975318857464,1.03838373994021,0.700133295889051,0.882058817083273
0.00356766318332127,-0.0039112973821415,-0.0351769674119241,-0.0120969569504332,0.0443790477381368,0.0273268467878093,0.985833713072389,1.03848020288895,0.688198908670446,0.955608975180515
-0.00421396388211904,0.00177121116792087,0.134171044746748,-0.0089741801011616,-0.010689065378365,0.0291217194320769,0.993975680885065,0.948826606425973,1.43992691265632,0.962035361760046
0.0058911586090142,-0.00667411392311942,0.0585821974090835,0.038235735316671,-0.0332279848899985,0.0223571214000514,0.98907481985866,1.01255964657186,0.95005846854617,0.950945937676472
-0.0153597516121543,0.0212109003928603,0.0790168475859925,-0.00356410245804459,0.032123569515408,0.0269181142228367,0.987056529055719,1.09419599624385,1.08649987283653,0.944649295966745
-0.00919411846676181,0.0095749660555641,-0.0288235076386974,0.00332860579764611,0.0174327507399292,0.0388276012824851,0.972301692455389,1.0701025623458,1.21760425562625,0.993768553683053
-0.00419006808221704,0.00452070568326368,0.0414870229652166,-0.00103221814614943,-0.0115734521683153,-0.0531592832777637,0.976294801494724,1.03161889824566,1.05141599175808,0.958135260473002
-0.00246706345793165,0.00352526819970983,-0.0901597238815217,0.019532588737701,-0.0305848660401324,-0.0183029544763408,0.982432986882158,1.12230251028995,0.921719608816851,0.958858312536734
-0.0104382577835756,0.0152974860172629,0.101597002219533,0.00829664517847748,-0.0127062572092622,-0.0327249376889472,0.938001434016751,0.951069882935587,0.824973397961226,0.947825958057654
-0.0154122653421506,0.0198174960600534,-0.0552696311724165,-0.0208585702939138,0.0257552363380932,0.0205510866340507,0.967030746729952,1.09530439764654,1.21699427431507,0.977738767165112
0.00314211427525986,-0.00438715172628222,-0.088840586030049,-0.0167006405269746,0.0149691677461488,0.0205767349940562,0.947269745524572,0.937037018294433,1.15394204769115,0.962310823951364
-0.00402031077047186,0.00812313815275491,-0.0612911177775411,-0.00521553169061063,0.00262514119672798,0.0633676212583956,0.964942749299587,0.998778251459679,1.02527188728053,0.940969966674723
0.00603934272326689,-0.00671625579250191,0.0392886358887285,0.00717551038245849,-0.00920573486018765,-0.0411566270284058,0.94325057245343,0.999677280519838,0.681092716865416,0.933642887377347
0.00381651278768534,-0.00596609396530773,-0.0176146726984222,-0.00088245551193866,0.0487375984744396,0.0513508475367201,0.977634405485165,1.11548466375263,1.21067477475583,0.976502949229802
-0.00545254398878704,0.00564695376745974,-0.00161385381028395,0.00774391139870574,0.0111096602430854,-0.0676576188669156,0.918606900662049,1.01018753408547,0.996810392210091,0.929041409396173
-0.00012044146144751,0.00263938341045334,-0.00988576189739526,0.0330342098729013,-0.0147418566299527,-0.105967872191021,0.848781786929103,1.04294967292873,0.953883321610564,0.987679256614743
0.0165137958781291,-0.02012481629383,-0.00165523221411706,0.0163198306668343,-0.0281302422853476,-0.0621120517777563,0.915965101859621,0.89207445214021,1.00007324028461,0.955597874210359
-0.00130801950765408,-0.00072777954837519,-0.081533326812837,0.015949002029461,0.0301717889193835,0.0150184656149286,0.932927221439725,1.08943920272917,0.828920291369922,0.966404403323932
-0.0276070427949804,0.0380106726236963,-0.00205969053841515,0.0398606998421139,-0.0275883181370833,-0.00983128976437875,0.926451704295566,1.09251244279381,1.22195452731655,0.983967484785506
0.0156019365431453,-0.020581187554877,0.112638364605975,0.0123988311141446,0.0366089650277499,0.0711451577167106,0.992228748609626,1.09091156266028,1.40129985828047,0.983430257177614
-0.00541791763434662,0.007514177864856,0.0433114811969822,-0.0216018354563297,0.0109858555715426,9.3065068649659e-05,0.959432781417284,0.950716432927831,0.937193116846205,0.904212294111424
-0.00218019699819592,0.00404624270085613,-0.0463399820789101,0.0171174416350399,0.0179777695212351,-0.0236363204607864,0.974427398441013,1.05757870882717,1.25704869370599,0.9893878158239
0.0137412932112535,-0.0161965300225998,0.0706594556987426,-0.0073005381543699,0.020053634307467,-0.0471691620867293,0.900740878156868,1.08981938653162,0.830622067370667,0.948282570759965
-0.00757189820016307,0.00893677200593216,0.0340327630394121,-0.0070309393416776,0.00475546460710903,-0.0602542748037224,0.953012399192127,1.07526907727139,1.20567357553094,0.969146842118377
-0.00396882564223899,0.00873790320015629,0.0952018093696117,0.0110157123779848,-0.029239762730036,0.0609574431212961,0.947081294149864,0.919985904310873,0.986797029672803,0.883866009552553
0.00074522826576111,-3.0756913425036e-05,-0.0193893173393918,-0.00148318078865632,0.0227592063854966,0.0096752551141806,0.933148590614959,0.969934362955765,1.16761458226879,0.977912307681799
-5.85787152635841e-05,0.00070385149302868,0.0525369629535785,-0.00491608828221691,0.0151202174674494,0.0271407038517909,0.86655964231846,0.961485832609191,1.0399631115586,0.974806590238955
0.0194134573180129,-0.0271381601920637,0.0738086205733414,-0.0069578300096423,-0.00199757698534067,0.0900718199041307,0.994276777085481,0.976313956459839,0.99429604258204,0.979778587583412
0.00895056242667188,-0.0107914862008437,-0.0040809220652675,-0.00761457506196182,0.0179909262549999,-0.120945783259673,0.788835063057443,1.02402268399315,0.827368573791137,0.906927082111117
-0.00474384044981091,0.003662462839055,0.0231757598469784,0.0340911362129723,-0.024785396582206,0.0518786174125545,0.97166748722873,1.09735194150756,1.17749836353383,0.977844477187235
0.00865433054900444,-0.0140074000418267,0.0604635869171396,-0.0180929952575762,0.0347226687011866,0.117996311452063,0.948207549464532,0.929424263832755,0.924809217177917,0.912005304692122
0.0100348011202434,-0.012300183078791,-0.0020279017484181,0.0270862407194651,-0.00086923673180816,-0.011710843476078,0.93892277908028,1.11853409198998,1.22524956759011,0.989014823308791
0.0123857221171801,-0.0134494975129667,-0.0334701074093656,-0.0133539750141525,-0.0120033137975498,0.0419473063672126,0.971657709150796,0.967129603940376,0.821654165027347,0.985452564999468
0.00372178429377056,-0.00412565041578494,-0.0116900913191599,0.0211584050636506,-6.06797931647233e-07,-0.0861826233958666,0.82116482860455,0.905360570378713,1.25056043993367,0.983659027025328
-0.0195388798559715,0.0254951418196556,-0.00617052851675187,0.0229669812098375,-0.00284518917937534,0.0551701518495797,0.925666199814522,0.996715358441784,1.36057282732803,0.924401618572685
0.0118696109511406,-0.0151684482207797,-0.120103327191502,-0.00571219173879517,0.0111054126367466,-0.0580062951064471,0.901357077741819,0.983820628459894,1.04989269016068,0.962344151896145
0.00961016074007184,-0.0107928185016873,0.0204295077481977,-0.00253189011600665,0.025648573437631,0.013256341738881,0.952077813176894,1.02838292080269,1.00209830816517,0.996402007532604
0.00055416694845673,0.00021547694337676,-0.121288130674647,0.023230380495503,0.0198130884107157,-0.0310925691096601,0.980908909389465,0.986259486682928,1.04660021863342,0.95671943454486
-0.00998510104121161,0.00896997619518195,-0.058601286490009,0.009544808946315,0.0391313589137255,0.0692085172403613,0.969234922913629,0.971792630034667,1.08358453631579,0.989263963040683
-0.00685769199823463,0.00838548111761382,0.0937520151363309,0.0131722780800275,-0.00440728120696772,0.0916012918796713,0.978842456835714,0.936583099000125,0.918568854166202,0.960940820274762
0.0153751769401512,-0.0170556687514614,-0.0143015285904888,-0.0116287529439975,5.1387817821043e-05,-0.105831730876384,0.944360497554888,1.00970865790536,0.833629606156959,0.879900293705308
0.0132357768908571,-0.0171827582298436,0.0362343057973027,-0.00528195412304766,0.0274668791954997,-0.0181561455330959,0.962667775264923,0.995963241739621,1.36838543603631,0.992349602270093
0.0119023057113293,-0.0171540856931387,-0.0366315013027225,0.00417835873534041,-0.00068200005699321,0.0588616869723721,0.984180167665661,1.01064890923392,0.96408127718947,0.979081869589145
-0.00193134501893065,0.003996878098556,-0.00022949414552747,-0.00468674987099395,-0.0250957788098167,-0.0100759170631205,0.942685916707466,1.0632824923698,0.791014288372829,0.978700949556629
0.0131616194500634,-0.0165294240849618,-0.068157613179904,-0.0138999884371811,0.0058582893233699,-0.060002517643455,0.88358538884378,0.948422146107194,0.821219493516322,0.857415491578676
0.00390361071757787,-0.00613010700989871,-0.00211292862202689,0.012440051041005,0.00884807661699932,0.139206720637021,0.987527694169045,1.00300948896074,1.24909263778579,0.998986757707076
0.00743745733637746,-0.00561182995960108,0.00379220611202452,-0.00273201162259659,-0.0420935815102487,0.0594526289034522,0.978457916660465,0.972620140960708,1.01699281025974,0.769051627208919
-0.0136587491698995,0.0188847183017237,-0.0497644335889669,-0.00215237202344486,-0.0140825937078093,-0.0392554115962292,0.963718109723936,0.902241427302343,0.880443729518363,0.955659227264927
-0.00442808781911161,0.00432628072048955,0.186837696306741,0.00554782601244695,-0.0138219957165398,0.0140859642614138,0.967639427248707,1.02571136281803,0.973606281682131,0.949375729385763
0.00279613007973001,-0.00100968420129675,-0.0440258693629795,-0.0165248140290564,0.0108354090538152,-0.117327029439435,0.937502621770702,1.02166649028499,0.661089673149706,0.989991926274532
-0.00392599988300616,0.00691980691415841,0.029304915762017,-0.00358570806290181,0.00544660908928916,-0.0309061364561551,0.928949540970973,1.09324551900456,1.02789646284748,0.880375538854312
-0.00524682630413771,0.0104553548301113,-0.024917878343781,-0.00910059078125006,-0.0168812675649204,-0.0384690311136569,0.930481845565892,1.00681020331525,1.17274792159469,0.952435722912556
0.0117039216818669,-0.0127234905613326,0.0270110776207904,0.00663511371676721,0.00687681298579612,-0.0488398963673049,0.892948928518254,0.991542759860033,1.28207349463271,0.994331898581725
0.0113128520176816,-0.0142504535909819,-0.148025208626131,-0.00391236553825173,0.00635087733152479,0.0309422876912872,0.962708146063926,0.900761828299172,0.891979830459015,0.91319354191256
-0.0290145600386265,0.0366094041709324,0.00256827498814333,0.00744448952119451,0.0168253867967604,-0.00025628450408354,0.990141200898523,0.915478807419535,0.794279271638872,0.997862731256754
-0.021149887407757,0.0275236518587611,0.191155678632419,0.0193649441383201,-0.0141261364895166,0.0256939201113865,0.979382269554053,0.896252598771566,1.14447618240751,0.993133699701893
0.00541796238429858,-0.00751917618887144,0.0646134214868152,-0.00883046884310315,0.027446680862732,0.0716655861583474,0.983139536904533,0.989185055229273,0.92888906133241,0.996992214375082
-0.00584257199764708,0.00563595464740581,-0.129690084982532,0.00408847753991794,0.00891200350901998,-0.0753613321670458,0.893591254056068,1.03712601982633,1.01151955499245,0.900736280316109
0.00298662903911403,-0.00660807752462758,-0.0668569175629527,0.0337214081152354,0.0142412205407127,0.0345434838605582,0.983978062350693,0.972450974234435,0.569197180811291,0.984458040262143
0.00187343608019796,-0.00228293000648884,0.0843330915988618,-0.00420855710251366,-0.00492692483272094,-0.0104344654071008,0.949583980611301,0.990101453584032,1.07535804999481,0.98078571640512
-0.00825833338816056,0.0108602521454416,-0.0368317525458807,-0.033958395500146,-0.0105129684874882,-0.0200852251759813,0.923474180258488,1.03410963701093,0.830016691269173,0.973534654216477
-0.00022097739941705,0.00029292551706745,-0.0668152251510634,0.0150652059193757,0.0168314715367747,-0.0685125465120154,0.9734211598126,0.857257529634891,1.05813262962464,0.97594223025316
0.0209440093761829,-0.0246591428752741,-0.0539755672944162,-0.0122736554706407,0.0166086173655445,-0.0236397852465993,0.937954439277707,0.998441589185682,1.12211009726781,0.917380653149982
-0.0112320316019338,0.0129581611435849,-0.0278645942636437,0.018550515766952,0.0100846168341627,0.0110256011535738,0.989886914436944,0.962946267772989,1.10291017309706,0.999187570784606
0.00584914538124947,-0.00634921154657113,-0.0175369421347276,-0.0304657780055315,-0.00545332826397295,0.0531798953189016,0.995436964032233,1.03184996053122,0.981604500601566,0.975388366235119
0.00754144196159641,-0.0113973245968254,-0.0576562138289746,-0.0035676750644046,0.0338235743625644,-0.112712119306902,0.909539580673737,0.988931483683848,1.14181549365101,0.976746232470753
-0.00084401608067023,0.00232041817306177,-0.0124995576045806,0.00654040570335359,-0.0139610224759799,-0.00356437906776102,0.920216067924562,0.955813419753687,0.807687318505113,0.862144437051418
0.0046805006044263,-0.00382325096750247,-0.00783388985928973,0.0124887200694507,0.0110252400176016,0.0535538938631472,0.9477669514226,1.00313616213849,1.12055076715912,0.983165999546105
0.0180470287366001,-0.023300805720082,-0.0231784291540862,-0.0402420482588014,-0.00249970646511626,-0.0595809825162216,0.955603633264028,0.881241577702422,0.723712643438463,0.939427408234817
0.00107089567692808,0.00065152085020884,0.0269271632136367,-0.00905357921273057,-0.0322524828104695,-0.0314928181799415,0.967980599004715,1.04955609805012,1.15906539619022,0.935589369511939
-0.0120743292587256,0.0143387108321129,0.00828948423743681,0.0103695091655733,-0.00469818110911623,-0.0335919866309111,0.975928192832954,0.973041049731237,1.03801326242033,0.971868948558731
-0.0102282676651352,0.0135034438788183,-0.0673620062691885,-0.00973432159985879,0.00892117268759674,-0.101212369364526,0.905224354079805,0.957583084443973,0.923464910991759,0.990846535081106
0.0110393535469216,-0.0134355570095811,-0.114431295058526,0.0105734572313566,-0.0222987986683457,0.041800843053987,0.920355604736921,1.00235109897686,0.758497118989485,0.916824767784838
